crop,district,fy,year,yield_t_ha,trend,dmean,lightgbm,ridge
aman,Brahamanbaria,2012-13,2012,2.088,2.206257575757574,2.483166666666667,2.202021865394268,2.1806818095850393
aman,Khagrachhari,2012-13,2012,2.972,2.580209090909091,3.0015454545454547,2.6373142459640695,2.5747236043065787
aman,Sunamganj,2012-13,2012,2.4,2.0356060606060593,2.5005833333333336,2.067831003994901,2.051154743592066
aman,Habiganj,2012-13,2012,2.371,1.9582043984476059,2.4794545454545456,1.9970833024057926,1.9563822157902706
aman,Bandarban,2012-13,2012,2.528,2.4428333333333327,2.7418333333333336,2.4721449940628752,2.445430941895016
aman,Chittagong,2012-13,2012,2.637,2.6089430789133243,2.703818181818182,2.602324588706158,2.606941408677163
aman,Cox's Bazar,2012-13,2012,3.018,2.302257575757574,2.7579166666666666,2.347412207479969,2.323047991941599
aman,Comilla,2012-13,2012,2.353,2.0620303030303013,2.3556666666666666,2.074753851776102,2.0522684787329517
aman,Chandpur,2012-13,2012,1.927,1.6915454545454536,1.885,1.698265942564049,1.687741469281451
aman,Faridpur,2012-13,2012,1.996,2.047277070063694,2.5733636363636365,2.050054587936861,2.082609056412654
aman,Rajbari,2012-13,2012,2.197,2.548054054054054,2.5382857142857143,2.5308970055540714,2.56791334423082
aman,Noakhali,2012-13,2012,1.88,1.7595757575757562,2.3171666666666666,1.8018780148834954,1.7239375864232267
aman,Feni,2012-13,2012,2.826,2.6595719063545147,2.8396,2.704937521495951,2.6360691141919994
aman,Rangamati,2012-13,2012,2.528,2.7496969696969664,2.825083333333333,2.811082009805719,2.7416199468188065
aman,Sylhet,2012-13,2012,2.157,2.123530303030301,2.484166666666667,2.113807069300211,2.0990863003959532
aman,Maulvibazar,2012-13,2012,2.618,2.372166882276843,2.8461818181818184,2.43716249429953,2.378488665193983
aman,Netrakona,2012-13,2012,2.345,2.0797575757575744,2.577166666666667,2.1141940122203002,2.069448235029704
aman,Mymensingh,2012-13,2012,2.162,2.279424242424241,2.5318333333333336,2.287926540790842,2.277995608066443
aman,Dhaka,2012-13,2012,1.457,1.4436818181818172,1.84875,1.4482631509499335,1.4655079614290198
aman,Gazipur,2012-13,2012,2.611,2.269848484848483,2.6274166666666665,2.2486119429881923,2.263211782248921
aman,Manikganj,2012-13,2012,1.106,1.1682473684210521,1.5230909090909088,1.152664671488915,1.1919606581068836
aman,Munshiganj,2012-13,2012,1.163,1.0970108280254776,1.0886363636363636,1.0934880103359619,1.091296741933541
aman,Gopalganj,2012-13,2012,1.37,1.1109987063389388,1.6653636363636364,1.0748576213704566,1.1028272046345677
aman,Shariatpur,2012-13,2012,1.306,1.3726666666666658,1.5731666666666666,1.4283458769224038,1.367299155028502
aman,Jamalpur,2012-13,2012,2.216,2.2924191461836987,2.5399999999999996,2.281647382488743,2.307323772208313
aman,Sherpur,2012-13,2012,2.119,1.99881818181818,2.3825,2.0041073946738726,2.010259344837375
aman,Kishoreganj,2012-13,2012,2.446,2.394954545454544,2.7715,2.43906753038497,2.4059067465594413
aman,Kushtia,2012-13,2012,2.621,2.5130303030303023,2.9126666666666665,2.494617035545032,2.5265010942746873
aman,Chuadanga,2012-13,2012,2.754,2.6551578266494165,2.8430909090909093,2.627690472236764,2.6525201800575244
aman,Tangail,2012-13,2012,1.855,1.991303030303029,2.2131666666666665,1.9677793188531567,2.0160072460418044
aman,Barisal,2012-13,2012,1.812,1.8512272727272732,1.9437499999999999,1.821190980682241,1.833160919818586
aman,Pirojpur,2012-13,2012,1.803,1.787045454545455,1.7375,1.8109475653639455,1.7732725531841071
aman,Bhola,2012-13,2012,1.848,1.9366706766917283,2.4717272727272728,1.9673223536493625,1.9138794240473709
aman,Patuakhali,2012-13,2012,1.758,1.7199363057324841,1.9882727272727274,1.7405415861519216,1.6908849489876443
aman,Naogaon,2012-13,2012,2.789,2.7468636363636363,2.83925,2.758479720370729,2.7597093312799608
aman,Natore,2012-13,2012,2.181,2.2185606060606067,2.630333333333333,2.2044302674550558,2.263696713574379
aman,Jhenaidah,2012-13,2012,2.688,2.8055052631578943,3.1706,2.7921505333100294,2.8274654177598744
aman,Khulna,2012-13,2012,2.259,2.4068333333333336,2.544583333333333,2.429002269460698,2.405457219342217
aman,Bagerhat,2012-13,2012,1.977,1.914508917197451,2.1276363636363635,1.914694494684399,1.8915113892479034
aman,Kurigram,2012-13,2012,2.306,2.138863636363636,2.7185,2.1484400320698644,2.1175696130644748
aman,Nilphamari,2012-13,2012,2.81,2.6182727272727284,2.84375,2.667881915131481,2.630119678451353
aman,Bogra,2012-13,2012,2.462,2.5239393939393926,2.829916666666667,2.5132700623960296,2.5289706757153536
aman,Joypurhat,2012-13,2012,2.659,2.7614696969696957,2.877083333333333,2.7728818856929847,2.7896765382564994
aman,Pabna,2012-13,2012,2.132,2.074575757575758,2.2269166666666664,2.0596474997333707,2.1074415730293983
aman,Sirajganj,2012-13,2012,2.106,2.1953787878787883,2.5813333333333337,2.149811784902826,2.218651417695148
aman,Rajshahi,2012-13,2012,2.844,2.733530303030301,2.9791666666666665,2.730307161913605,2.748362177879482
aman,Nawabganj,2012-13,2012,2.59,2.3913333333333333,2.8608333333333333,2.4216724161096597,2.382405643281551
aman,Dinajpur,2012-13,2012,2.569,2.4481212121212117,2.7854166666666664,2.4631169671495097,2.455324599402182
aman,Thakurgaon,2012-13,2012,2.492,2.6612904761904765,2.9081,2.7080189629256504,2.647455009531503
aman,Panchagarh,2012-13,2012,2.467,2.5134545454545463,2.9730000000000003,2.5556197141476584,2.5103889607198404
aman,Rangpur,2012-13,2012,2.619,2.663136363636363,2.9157499999999996,2.6865693416233225,2.6628910989070405
aman,Gaibandha,2012-13,2012,2.528,2.5592272727272705,2.6582500000000002,2.5920131025765905,2.559161082719671
aman,Lalmonirhat,2012-13,2012,2.546,2.533387445887446,2.9375,2.5918925559049635,2.5271471253609614
aman,Comilla,2013-14,2013,2.328,2.1365174825174833,2.35775,2.1175371783446595,2.111121699523128
aman,Cox's Bazar,2013-14,2013,2.489,2.5607762237762253,2.802,2.6102172487896524,2.620606429401271
aman,Chittagong,2013-14,2013,2.678,2.616453571428571,2.700090909090909,2.5205385208673685,2.542753346114615
aman,Bandarban,2013-14,2013,2.636,2.4749020979020995,2.7328333333333332,2.437163473696404,2.4264705008260177
aman,Sylhet,2013-14,2013,2.512,2.098496503496505,2.4545833333333333,2.0344380973444647,1.998958597547138
aman,Rangamati,2013-14,2013,2.726,2.7027062937062936,2.8085833333333334,2.6403119383360836,2.627405579378544
aman,Feni,2013-14,2013,2.933,2.671805194805194,2.8289,2.6129949448813337,2.6118873227143875
aman,Lakshmipur,2013-14,2013,2.32,2.364779614325069,2.6010999999999997,2.3462167580098057,2.332146696844868
aman,Noakhali,2013-14,2013,1.899,1.8677832167832165,2.315583333333333,1.7757862242822853,1.8188975714914664
aman,Brahamanbaria,2013-14,2013,2.361,2.181888111888112,2.4604166666666667,2.125642877379929,2.179981395031829
aman,Chandpur,2013-14,2013,1.895,1.7463846153846152,1.8876666666666668,1.7502315170148066,1.7372852274536557
aman,Narayanganj,2013-14,2013,1.287,1.2743548387096781,1.4538888888888888,1.213274460386036,1.2509693488875444
aman,Munshiganj,2013-14,2013,1.164,1.0973670588235291,1.0885454545454545,1.0901930796173653,1.0864130104850067
aman,Manikganj,2013-14,2013,1.208,1.2118863636363635,1.513818181818182,1.181599464799957,1.2105949375959764
aman,Gazipur,2013-14,2013,2.301,2.4363356643356657,2.65325,2.410107034754802,2.4267573225195997
aman,Dhaka,2013-14,2013,1.594,1.486097902097903,1.8373333333333333,1.4789744730107603,1.486182489036691
aman,Habiganj,2013-14,2013,2.331,2.0877718040621263,2.483090909090909,2.044301112044097,2.042736372204791
aman,Sunamganj,2013-14,2013,2.388,2.1426643356643367,2.501583333333333,2.0715712716405816,2.046272484288553
aman,Maulvibazar,2013-14,2013,2.609,2.4760255952380956,2.847,2.466236127626952,2.4357702641756322
aman,Sherpur,2013-14,2013,2.044,2.0986013986014007,2.38875,2.0625129444221395,2.0857504089717342
aman,Jamalpur,2013-14,2013,2.336,2.3064898446833935,2.5290909090909093,2.2654655458566024,2.3015706502872284
aman,Shariatpur,2013-14,2013,1.372,1.3915944055944065,1.5676666666666668,1.4139621226554038,1.3474871913998898
aman,Gopalganj,2013-14,2013,1.233,1.2684038231780166,1.6778181818181819,1.2457910461781854,1.2286172250302092
aman,Madaripur,2013-14,2013,1.408,1.3645391891891896,1.815111111111111,1.3494485394499558,1.3226116728676454
aman,Rajbari,2013-14,2013,2.398,2.4633705179282868,2.509571428571429,2.4949951235303063,2.4309918488039024
aman,Faridpur,2013-14,2013,2.036,2.138503529411765,2.5697272727272726,2.0589242413710838,2.1106719493803463
aman,Narsingdi,2013-14,2013,2.151,2.1944784205693284,2.5697,2.1856686610943945,2.1913295726886255
aman,Bhola,2013-14,2013,1.934,2.021674242424243,2.463909090909091,1.943467988950401,1.9656795650516068
aman,Pirojpur,2013-14,2013,1.744,1.7939930069930077,1.7424166666666665,1.8196837441087836,1.7580607828081656
aman,Jhalokati,2013-14,2013,1.461,1.6043333333333334,1.777875,1.6025585874674397,1.556268449453078
aman,Barisal,2013-14,2013,2.016,1.8123356643356645,1.92675,1.807774028650504,1.7723494075861201
aman,Tangail,2013-14,2013,2.011,1.9874335664335672,2.2001666666666666,1.995051487167009,2.001932987317889
aman,Mymensingh,2013-14,2013,2.195,2.3157412587412605,2.5290833333333333,2.2574574428851553,2.267516928114547
aman,Netrakona,2013-14,2013,2.246,2.2134265734265752,2.5854166666666667,2.1932876711232945,2.160034416701765
aman,Kishoreganj,2013-14,2013,2.394,2.4846503496503503,2.7758333333333334,2.4750290409940234,2.443554276788784
aman,Bagerhat,2013-14,2013,2.168,1.9059276470588244,2.1102727272727275,1.9590109785131544,1.8585251005927714
aman,Khulna,2013-14,2013,2.588,2.338909090909091,2.5171666666666668,2.390289046113898,2.3025809979560976
aman,Narail,2013-14,2013,1.787,1.9570291262135933,2.392285714285714,1.8825973660254076,1.913494904151802
aman,Magura,2013-14,2013,2.31,2.5586551724137934,2.7067142857142854,2.584525147471738,2.5260110044648907
aman,Jhenaidah,2013-14,2013,3.004,2.782509067357514,3.1390000000000002,2.771147683282814,2.75651734978054
aman,Jessore,2013-14,2013,2.412,2.6631090909090895,2.905181818181818,2.593977807158537,2.6286320232364555
aman,Barguna,2013-14,2013,1.861,1.6211478696741861,1.863375,1.591541431771977,1.5700038801946807
aman,Patuakhali,2013-14,2013,1.728,1.7826605882352935,1.9909999999999999,1.7210138463036282,1.71463152530549
aman,Sirajganj,2013-14,2013,2.243,2.2304615384615394,2.569916666666667,2.201075310409648,2.2577244547971103
aman,Pabna,2013-14,2013,2.111,2.1121398601398607,2.228666666666667,2.0850928128500996,2.0975331014266247
aman,Joypurhat,2013-14,2013,2.772,2.7497062937062946,2.8676666666666666,2.7115955815374932,2.729305808821871
aman,Bogra,2013-14,2013,2.544,2.5593216783216786,2.8230833333333334,2.535265249211162,2.5605674439079023
aman,Meherpur,2013-14,2013,2.612,2.9220838323353298,3.0382857142857143,2.913762914467008,2.898500420666222
aman,Chuadanga,2013-14,2013,2.78,2.6890812425328567,2.840727272727273,2.693090296578476,2.6448728425146446
aman,Kushtia,2013-14,2013,2.528,2.6204195804195813,2.9204166666666667,2.5814340864570586,2.585335348353385
aman,Satkhira,2013-14,2013,2.976,2.9008181818181815,2.947,2.942976537024981,2.87535731370901
aman,Rangpur,2013-14,2013,2.743,2.6772377622377626,2.905416666666667,2.6457260215498417,2.6220578341332854
aman,Panchagarh,2013-14,2013,2.628,2.5579020979020997,2.9595833333333332,2.5278244866769635,2.547170067574802
aman,Thakurgaon,2013-14,2013,2.709,2.647935719503286,2.8864,2.644795150502599,2.633225200729031
aman,Dinajpur,2013-14,2013,2.637,2.4998461538461543,2.77975,2.4719017739034626,2.4813252188581627
aman,Nawabganj,2013-14,2013,2.494,2.5163916083916105,2.8688333333333333,2.5149660079846106,2.5080667886994252
aman,Natore,2013-14,2013,2.225,2.2858741258741264,2.6266666666666665,2.2444930301660273,2.295670864707521
aman,Naogaon,2013-14,2013,2.838,2.7530629370629383,2.8351666666666664,2.7488930886258713,2.746806626976253
aman,Rajshahi,2013-14,2013,2.803,2.7966713286713314,2.982583333333333,2.8273638439075897,2.7791397857021236
aman,Lalmonirhat,2013-14,2013,2.646,2.5868206896551715,2.925,2.617013511363699,2.5638193905298836
aman,Nilphamari,2013-14,2013,2.622,2.7203986013986023,2.8594166666666667,2.6331719080561613,2.707225217965889
aman,Kurigram,2013-14,2013,2.216,2.282748251748252,2.7260000000000004,2.2686500076295157,2.2276404506888827
aman,Gaibandha,2013-14,2013,2.543,2.573433566433568,2.657,2.5200438041688416,2.512223230321328
aman,Chandpur,2014-15,2014,1.661,1.8277105263157885,1.9071666666666667,1.818176508709754,1.8549265669318842
aman,Comilla,2014-15,2014,2.103,2.2348684210526315,2.3765,2.263782886421418,2.2584437040584735
aman,Cox's Bazar,2014-15,2014,2.416,2.6266184210526307,2.8080833333333337,2.6607060657297392,2.6009314249334725
aman,Chittagong,2014-15,2014,2.799,2.610675977653631,2.689090909090909,2.681104009333397,2.6337841207318515
aman,Bandarban,2014-15,2014,2.519,2.5592500000000005,2.7425833333333336,2.5693932820432095,2.5317492253862013
aman,Maulvibazar,2014-15,2014,2.477,2.5888977653631278,2.859,2.6059795639719776,2.595230299544864
aman,Sylhet,2014-15,2014,2.13,2.2634868421052623,2.4864166666666665,2.332894949594567,2.24734384203213
aman,Rangamati,2014-15,2014,2.76,2.7200131578947357,2.8057499999999997,2.840558124768497,2.7382019307401295
aman,Feni,2014-15,2014,2.83,2.738742857142857,2.8392,2.8191744902117803,2.7748065880698474
aman,Lakshmipur,2014-15,2014,2.443,2.375674999999999,2.5888,2.3901096054208204,2.391371295295996
aman,Noakhali,2014-15,2014,1.957,1.9561447368421048,2.31075,2.0425559404608142,1.9976644201376743
aman,Khagrachhari,2014-15,2014,2.833,2.797481632653061,3.014181818181818,2.8659820089629946,2.8304515001570296
aman,Brahamanbaria,2014-15,2014,2.339,2.252513157894736,2.46225,2.246834554434916,2.266068341522543
aman,Narsingdi,2014-15,2014,2.331,2.222265886287625,2.5517,2.248579216596983,2.235751294521639
aman,Narayanganj,2014-15,2014,1.339,1.2991355555555548,1.4481111111111111,1.3097168911758967,1.3184213016491717
aman,Munshiganj,2014-15,2014,1.199,1.0900503875968988,1.0853636363636363,1.0622392326496843,1.1139935636053655
aman,Manikganj,2014-15,2014,1.303,1.265264516129032,1.505181818181818,1.284368701548191,1.2833036500336463
aman,Gazipur,2014-15,2014,2.416,2.4580263157894735,2.643666666666667,2.482737404655454,2.4744206726077427
aman,Dhaka,2014-15,2014,1.214,1.641578947368421,1.869,1.6921284368241123,1.6603378002429414
aman,Habiganj,2014-15,2014,2.068,2.236329583802024,2.5069999999999997,2.2596525709933,2.2441048908114323
aman,Sunamganj,2014-15,2014,2.102,2.2849078947368415,2.5254166666666666,2.346023044713031,2.2847338786478986
aman,Kishoreganj,2014-15,2014,2.527,2.520381578947369,2.76475,2.53315097194385,2.5180323004412233
aman,Sherpur,2014-15,2014,2.069,2.1563684210526315,2.3866666666666667,2.1645993233673364,2.177586521179395
aman,Jamalpur,2014-15,2014,2.546,2.3160652418447683,2.51,2.340234872030506,2.3380008383956548
aman,Shariatpur,2014-15,2014,1.488,1.4071052631578946,1.558,1.3817312850273897,1.4200600370665741
aman,Gopalganj,2014-15,2014,1.335,1.3402868391451064,1.6685454545454546,1.3093251374847577,1.3519362045356014
aman,Madaripur,2014-15,2014,1.49,1.4495833333333334,1.8059999999999998,1.4145040284477268,1.4739622724472228
aman,Rajbari,2014-15,2014,2.518,2.4508437499999998,2.4924285714285714,2.392360842945092,2.457331784486016
aman,Faridpur,2014-15,2014,2.318,2.1754889258028776,2.544090909090909,2.161531612023636,2.208043652893563
aman,Tangail,2014-15,2014,2.124,2.0127763157894734,2.19075,2.080063817836137,2.049551097824162
aman,Mymensingh,2014-15,2014,2.463,2.3068289473684214,2.50675,2.356913655044617,2.3515423735672085
aman,Netrakona,2014-15,2014,2.338,2.2783552631578945,2.57775,2.3615747921565413,2.2865752700391
aman,Patuakhali,2014-15,2014,1.887,1.7957967884828339,1.9765454545454546,1.8149272857613188,1.782504706956853
aman,Bhola,2014-15,2014,2.163,2.079669032258064,2.4430909090909094,2.072465565825319,2.0841575897543563
aman,Pirojpur,2014-15,2014,1.863,1.7577894736842101,1.7325,1.7779790931880333,1.7553674801929942
aman,Jhalokati,2014-15,2014,1.742,1.5556956521739138,1.74275,1.5687660588026464,1.5428256893059797
aman,Barisal,2014-15,2014,1.958,1.854434210526315,1.9315833333333332,1.8861761160981083,1.8641264176594714
aman,Satkhira,2014-15,2014,3.022,2.9011317073170737,2.9424,2.9092235236660287,2.8777204956745974
aman,Bagerhat,2014-15,2014,2.077,1.9769374307862668,2.1185454545454547,1.9715274929445388,1.9726408393407964
aman,Khulna,2014-15,2014,2.549,2.3925657894736845,2.5204166666666663,2.4050865176295804,2.3762525383510558
aman,Narail,2014-15,2014,2.057,1.97459745762712,2.3537142857142856,1.957211298869187,1.9805742000618076
aman,Jhenaidah,2014-15,2014,2.863,2.898357099329676,3.1531,2.8936100650416656,2.8999271922731205
aman,Jessore,2014-15,2014,2.62,2.6446015037593997,2.8862727272727273,2.5841369589393555,2.6526510106968524
aman,Barguna,2014-15,2014,1.748,1.743594827586207,1.8775,1.6749355182140595,1.7100135446629896
aman,Rajshahi,2014-15,2014,2.913,2.816223684210526,2.9734166666666666,2.7989536312747827,2.848210471948359
aman,Sirajganj,2014-15,2014,2.434,2.2681315789473686,2.5540000000000003,2.3067863767422243,2.316871934742364
aman,Pabna,2014-15,2014,2.111,2.137868421052632,2.228666666666667,2.135255513957029,2.1689258810859955
aman,Joypurhat,2014-15,2014,2.842,2.7625526315789464,2.8618333333333332,2.7627304307679537,2.784958015482685
aman,Bogra,2014-15,2014,2.671,2.5921578947368427,2.8125,2.6114794931218155,2.605726613838984
aman,Meherpur,2014-15,2014,3.01,2.8004000000000002,2.9814285714285718,2.8410302483891683,2.8321940309068734
aman,Chuadanga,2014-15,2014,2.759,2.7301012373453304,2.8426363636363634,2.789646545150652,2.744839308470969
aman,Kushtia,2014-15,2014,2.656,2.6590394736842096,2.9097500000000003,2.6241546773027444,2.6870636086582356
aman,Gaibandha,2014-15,2014,2.589,2.5820263157894745,2.653166666666667,2.5968903892583244,2.6455360371269463
aman,Rangpur,2014-15,2014,2.786,2.720921052631579,2.9018333333333337,2.7145120671448115,2.73613003356272
aman,Panchagarh,2014-15,2014,2.758,2.6228815789473687,2.94875,2.638161266017089,2.6390791258408544
aman,Thakurgaon,2014-15,2014,2.821,2.6855810439560437,2.8752,2.627681031057913,2.686582550353494
aman,Dinajpur,2014-15,2014,2.501,2.5921710526315787,2.7910833333333334,2.555964037003608,2.5887257163122186
aman,Nawabganj,2014-15,2014,2.649,2.5631184210526303,2.855916666666667,2.5753450219651786,2.57013840763316
aman,Natore,2014-15,2014,2.452,2.314802631578946,2.60775,2.328186767917748,2.340680794772277
aman,Naogaon,2014-15,2014,2.825,2.776013157894737,2.83625,2.744168718152943,2.8058758653619944
aman,Lalmonirhat,2014-15,2014,2.745,2.6465367647058824,2.912625,2.6514985586897595,2.660936845753117
aman,Nilphamari,2014-15,2014,2.751,2.7230789473684203,2.8486666666666665,2.6995612932889954,2.722790301301178
aman,Kurigram,2014-15,2014,2.39,2.344631578947368,2.7114999999999996,2.3570685577559614,2.379923577720783
aman,Chandpur,2015-16,2015,1.783,1.827905660377358,1.897,1.8124475323426334,1.8296887665102015
aman,Comilla,2015-16,2015,2.14,2.264440251572327,2.373416666666667,2.2514102594911014,2.2583969598235107
aman,Cox's Bazar,2015-16,2015,2.473,2.6623333333333328,2.8033333333333332,2.685994797862197,2.758271249244287
aman,Chittagong,2015-16,2015,2.795,2.635390724946696,2.6894545454545455,2.633286309922827,2.6860305323759897
aman,Bandarban,2015-16,2015,2.458,2.615742138364779,2.747666666666667,2.5969418581462156,2.681021506860795
aman,Maulvibazar,2015-16,2015,2.557,2.6442809168443504,2.8517272727272727,2.6093544062037,2.6619460389482383
aman,Sylhet,2015-16,2015,2.19,2.3111761006289306,2.4814166666666666,2.3538339201770624,2.3340002278650354
aman,Rangamati,2015-16,2015,2.836,2.7324213836477975,2.799416666666666,2.7294724361420153,2.758054649040439
aman,Feni,2015-16,2015,2.68,2.7931953710006803,2.8542,2.7032495838673083,2.8159994613252084
aman,Lakshmipur,2015-16,2015,2.41,2.4368231186966636,2.5921,2.4245592402411,2.4569571976414832
aman,Noakhali,2015-16,2015,1.89,2.0595220125786162,2.316333333333333,2.030850633448333,2.0949730975859793
aman,Khagrachhari,2015-16,2015,2.837,2.8511170076726327,3.013818181818182,2.8715936292847015,2.8925972938720657
aman,Brahamanbaria,2015-16,2015,2.298,2.3154779874213838,2.465666666666667,2.3120800908037595,2.3161981850938056
aman,Narsingdi,2015-16,2015,2.207,2.3338883684621377,2.5641,2.323056711792137,2.3208598057546443
aman,Narayanganj,2015-16,2015,1.43,1.3189034907597534,1.438,1.3084204429714212,1.3166650728145566
aman,Munshiganj,2015-16,2015,1.101,1.1054984110169495,1.0942727272727273,1.0962758375358788,1.1243031050911467
aman,Manikganj,2015-16,2015,1.344,1.3303072660098527,1.5014545454545454,1.2742901671058,1.3181559810390204
aman,Gazipur,2015-16,2015,2.287,2.5249308176100635,2.6544166666666666,2.5370066877451847,2.513553247835121
aman,Dhaka,2015-16,2015,1.571,1.6419433962264152,1.8392499999999998,1.7014718847674757,1.6509996582359259
aman,Habiganj,2015-16,2015,2.089,2.3044230355220674,2.505090909090909,2.27712462683022,2.3151105455042535
aman,Sunamganj,2015-16,2015,2.15,2.338044025157232,2.5214166666666666,2.40216854973016,2.3635638273773907
aman,Jamalpur,2015-16,2015,2.508,2.3790914962325083,2.5134545454545454,2.352676654514759,2.359863298471904
aman,Tangail,2015-16,2015,2.191,2.0521949685534593,2.185166666666667,2.04864341480635,2.0420751245330835
aman,Kishoreganj,2015-16,2015,2.586,2.5765220125786157,2.7598333333333334,2.550638654061018,2.5740565377507827
aman,Shariatpur,2015-16,2015,1.446,1.4545660377358494,1.5614999999999999,1.405211604908004,1.4706902999891782
aman,Gopalganj,2015-16,2015,1.301,1.4352766415500544,1.6716363636363638,1.3770718282042278,1.4529141856416476
aman,Madaripur,2015-16,2015,1.518,1.5448270089285714,1.8028888888888888,1.5634145767131788,1.567178754542247
aman,Rajbari,2015-16,2015,2.605,2.4576263157894735,2.48,2.4072128183415233,2.442653016852634
aman,Faridpur,2015-16,2015,2.386,2.2671377118644074,2.537909090909091,2.1839451734075612,2.2654866544340297
aman,Bhola,2015-16,2015,2.242,2.1762493842364545,2.435909090909091,2.214403693268232,2.217885257214453
aman,Pirojpur,2015-16,2015,1.927,1.7438364779874211,1.7271666666666665,1.7321490930238432,1.772071289949393
aman,Jhalokati,2015-16,2015,1.754,1.6136323529411771,1.74125,1.5989910844124349,1.6332610325837038
aman,Barisal,2015-16,2015,2.005,1.869968553459119,1.9276666666666664,1.8447527698334625,1.8762772483793242
aman,Mymensingh,2015-16,2015,2.496,2.3578113207547173,2.504,2.3733516299430115,2.3631401939361742
aman,Netrakona,2015-16,2015,2.382,2.352201257861635,2.5740833333333333,2.339844940310091,2.3448510358843846
aman,Sherpur,2015-16,2015,2.159,2.2025345911949685,2.379166666666667,2.176095304025936,2.201585147842433
aman,Bagerhat,2015-16,2015,2.091,2.0148040254237296,2.117272727272727,2.031513220567248,2.045987543868798
aman,Khulna,2015-16,2015,2.51,2.4349308176100624,2.5236666666666667,2.4555496207677026,2.4484038172338685
aman,Narail,2015-16,2015,2.126,2.0872325581395357,2.343857142857143,2.0833167582959113,2.1172829766853147
aman,Magura,2015-16,2015,2.64,2.5036949152542385,2.6595714285714287,2.4664827501827427,2.5151889948043062
aman,Jhenaidah,2015-16,2015,3.012,2.942608391608392,3.1382,2.9380775581559955,2.959975139365026
aman,Jessore,2015-16,2015,2.811,2.66427489481066,2.868909090909091,2.657459737499716,2.7163012231119636
aman,Barguna,2015-16,2015,1.77,1.7854853228962808,1.8747500000000001,1.7921342003924963,1.79771839487348
aman,Patuakhali,2015-16,2015,1.925,1.8404353813559327,1.9730909090909092,1.8628282632493445,1.8743335036468092
aman,Sirajganj,2015-16,2015,2.47,2.341566037735848,2.551,2.250951694153038,2.33363083779245
aman,Pabna,2015-16,2015,2.145,2.156427672955975,2.2258333333333336,2.0728585458851687,2.14145297508482
aman,Joypurhat,2015-16,2015,2.858,2.787962264150943,2.8605,2.8077907993191173,2.790774387728205
aman,Bogra,2015-16,2015,2.728,2.6436037735849047,2.80775,2.6004520049820523,2.6253009835367194
aman,Meherpur,2015-16,2015,3.03,2.8511457286432176,2.9785714285714286,2.8703226887212328,2.833733502472161
aman,Chuadanga,2015-16,2015,2.79,2.756937567276642,2.8398181818181816,2.7615728214823583,2.7538685130841776
aman,Kushtia,2015-16,2015,2.742,2.7127672955974846,2.9025833333333337,2.642456916738546,2.7006202963440167
aman,Satkhira,2015-16,2015,3.016,2.917130434782609,2.943,2.8992800010803084,2.9392108043839484
aman,Rangpur,2015-16,2015,2.817,2.765452830188678,2.89925,2.7690676050730185,2.8011055157818725
aman,Panchagarh,2015-16,2015,2.797,2.7058679245283006,2.9455000000000005,2.6977646408347327,2.6983013415840214
aman,Thakurgaon,2015-16,2015,2.838,2.74275147928994,2.8735,2.8090981320655466,2.7661455109979864
aman,Dinajpur,2015-16,2015,2.544,2.6367735849056606,2.7875,2.585929254744927,2.6456757257994012
aman,Nawabganj,2015-16,2015,2.773,2.6241446540880506,2.8455833333333334,2.618310103530525,2.626542748560049
aman,Natore,2015-16,2015,2.537,2.382477987421384,2.6006666666666667,2.3275957096055744,2.3801753186990884
aman,Naogaon,2015-16,2015,2.902,2.7817106918239,2.829833333333333,2.73908094578681,2.777386510249133
aman,Rajshahi,2015-16,2015,2.915,2.859283018867924,2.97325,2.83534343562026,2.850032150424688
aman,Nilphamari,2015-16,2015,2.787,2.7515723270440247,2.8456666666666663,2.828513033666964,2.7537252580631835
aman,Kurigram,2015-16,2015,2.443,2.434729559748427,2.7070833333333333,2.434009492528139,2.4576964911121113
aman,Gaibandha,2015-16,2015,2.58,2.602251572327044,2.653916666666667,2.59253690314395,2.594047991941233
aman,Patuakhali,2016-17,2016,1.925,1.8879470709146975,1.9730909090909092,1.8791782790729483,1.880724737494271
aman,Pirojpur,2016-17,2016,1.927,1.7403780487804892,1.7271666666666665,1.759579445197715,1.7319909108448124
aman,Bandarban,2016-17,2016,2.535,2.6504146341463426,2.7412500000000004,2.570188991084007,2.6391268877396246
aman,Brahamanbaria,2016-17,2016,2.267,2.3699512195121963,2.46825,2.3326273622976452,2.338866783165964
aman,Feni,2016-17,2016,2.682,2.8151978891820577,2.854,2.736464842202648,2.7843590345078963
aman,Khagrachhari,2016-17,2016,2.828,2.901768053855571,3.0146363636363636,2.83968612733965,2.8632687703225295
aman,Lakshmipur,2016-17,2016,2.507,2.467058997050148,2.5824000000000003,2.372215417479828,2.4240699075406473
aman,Noakhali,2016-17,2016,1.992,2.1339512195121957,2.3078333333333334,2.05765409962328,2.099468526724098
aman,Barguna,2016-17,2016,1.77,1.8283518518518524,1.8747500000000001,1.844753297215626,1.8372015199533087
aman,Barisal,2016-17,2016,2.005,1.8913170731707323,1.9276666666666664,1.8483175649633992,1.852116520384173
aman,Bhola,2016-17,2016,2.242,2.2793154121863792,2.435909090909091,2.2991965885290977,2.2587627504990793
aman,Jhalokati,2016-17,2016,1.754,1.6653508771929824,1.74125,1.6662160698158437,1.6668094693382518
aman,Gopalganj,2016-17,2016,1.347,1.5136729362591432,1.6674545454545453,1.4790823361427825,1.474456798546637
aman,Kishoreganj,2016-17,2016,2.577,2.640219512195123,2.7605833333333334,2.513297663810958,2.5913843941535215
aman,Madaripur,2016-17,2016,1.618,1.621316737288136,1.7917777777777775,1.5845448092127357,1.5940505209848175
aman,Manikganj,2016-17,2016,1.279,1.4050872162485062,1.5073636363636362,1.2753781813945742,1.3402428355257905
aman,Chandpur,2016-17,2016,1.823,1.846560975609756,1.8936666666666666,1.7792159255666353,1.801450761269333
aman,Chittagong,2016-17,2016,2.787,2.656416924664601,2.6901818181818182,2.6584346284525076,2.633242708410835
aman,Comilla,2016-17,2016,2.138,2.3003536585365856,2.3735833333333334,2.2574773111761055,2.2662334358256833
aman,Cox's Bazar,2016-17,2016,2.588,2.6955487804878056,2.7937499999999997,2.7256161816563327,2.71151047465352
aman,Shariatpur,2016-17,2016,1.476,1.487682926829269,1.559,1.4439345549140976,1.464424366608962
aman,Tangail,2016-17,2016,2.119,2.1071951219512197,2.1911666666666667,2.004702204416205,2.0620978852918936
aman,Bagerhat,2016-17,2016,2.091,2.0516325796505646,2.117272727272727,2.0233187756392117,2.0303062880952574
aman,Chuadanga,2016-17,2016,2.79,2.7871859979101368,2.8398181818181816,2.7515635780170546,2.733834946984465
aman,Rangamati,2016-17,2016,2.826,2.757658536585366,2.80025,2.6401611288909477,2.6907177715320585
aman,Dhaka,2016-17,2016,1.577,1.7077926829268295,1.8387499999999999,1.5870740643945225,1.6585618823968933
aman,Faridpur,2016-17,2016,2.341,2.36868448098664,2.542,2.2837807331348845,2.311328558954917
aman,Gazipur,2016-17,2016,2.334,2.561085365853658,2.6505,2.4978623487261205,2.516567771995522
aman,Magura,2016-17,2016,2.64,2.564911764705882,2.6595714285714287,2.5027514805790347,2.519719667689095
aman,Meherpur,2016-17,2016,3.03,2.89866985645933,2.9785714285714286,2.855485453397606,2.84844814149644
aman,Narail,2016-17,2016,2.126,2.204621323529411,2.343857142857143,2.1946831531888558,2.1692006121736527
aman,Satkhira,2016-17,2016,3.016,2.9278053402239443,2.943,2.933965906576927,2.9157204230423686
aman,Munshiganj,2016-17,2016,1.112,1.1002374100719423,1.0932727272727272,1.0275025234751012,1.0591814063683396
aman,Narayanganj,2016-17,2016,1.369,1.3702198443579763,1.4447777777777777,1.3024021667297718,1.3266100094934554
aman,Narsingdi,2016-17,2016,2.235,2.398796130952381,2.5613,2.334786014997737,2.356645815331074
aman,Rajbari,2016-17,2016,2.666,2.469043103448277,2.471285714285714,2.3934519938983385,2.4076416512104792
aman,Bogra,2016-17,2016,2.728,2.70068292682927,2.80775,2.6436968927093787,2.6727152868116315
aman,Joypurhat,2016-17,2016,2.858,2.8135853658536587,2.8605,2.7372848686231346,2.774948830823584
aman,Naogaon,2016-17,2016,2.902,2.7996097560975626,2.829833333333333,2.740359544506604,2.7803428045536123
aman,Natore,2016-17,2016,2.538,2.4587560975609772,2.6005833333333332,2.371796309162523,2.4278451547167403
aman,Jessore,2016-17,2016,2.811,2.728607476635514,2.868909090909091,2.7777046117704898,2.696067769545715
aman,Jhenaidah,2016-17,2016,3.012,3.0121905031091,3.1382,2.9464171044110516,2.9674484120124887
aman,Khulna,2016-17,2016,2.51,2.4661463414634155,2.5236666666666667,2.4890365018674556,2.4557049140880176
aman,Kushtia,2016-17,2016,2.742,2.777939024390245,2.9025833333333337,2.71125175152754,2.720731206877469
aman,Dinajpur,2016-17,2016,2.544,2.687109756097562,2.7875,2.619365143581835,2.641772059338065
aman,Gaibandha,2016-17,2016,2.58,2.6196219512195125,2.653916666666667,2.4956379905363373,2.5644973265132265
aman,Kurigram,2016-17,2016,2.443,2.527829268292684,2.7070833333333333,2.479226354566493,2.509040977490688
aman,Lalmonirhat,2016-17,2016,2.822,2.7900864406779684,2.903,2.6853874030182894,2.7554016996377215
aman,Jamalpur,2016-17,2016,2.435,2.437309299895507,2.520090909090909,2.3826675904334107,2.4038923362769764
aman,Mymensingh,2016-17,2016,2.475,2.4117195121951225,2.50575,2.3181603139596345,2.366325452271468
aman,Netrakona,2016-17,2016,2.363,2.430414634146342,2.5756666666666668,2.302885337842823,2.3865317789749807
aman,Sherpur,2016-17,2016,2.237,2.253756097560976,2.372666666666667,2.182793260412398,2.213488951461783
aman,Habiganj,2016-17,2016,2.092,2.3739216300940447,2.5048181818181816,2.3161815289185226,2.341872113696832
aman,Maulvibazar,2016-17,2016,2.58,2.709477812177502,2.8496363636363635,2.6423150487916818,2.6888985421020184
aman,Sunamganj,2016-17,2016,2.189,2.3940853658536585,2.5181666666666667,2.391692649823172,2.3783822716229532
aman,Sylhet,2016-17,2016,2.204,2.3662926829268294,2.4802500000000003,2.3220500419848116,2.33566148023564
aman,Nawabganj,2016-17,2016,2.773,2.701573170731709,2.8455833333333334,2.684023384233269,2.67298918885138
aman,Pabna,2016-17,2016,2.145,2.1799878048780497,2.2258333333333336,2.0974021527257776,2.1125848022191374
aman,Rajshahi,2016-17,2016,2.915,2.898878048780489,2.97325,2.904433910422237,2.8738441099539225
aman,Sirajganj,2016-17,2016,2.47,2.414646341463415,2.551,2.3366743484291277,2.3710095524913823
aman,Nilphamari,2016-17,2016,2.787,2.784134146341465,2.8456666666666663,2.721490576544933,2.7548450329938188
aman,Panchagarh,2016-17,2016,2.797,2.7888048780487824,2.9455000000000005,2.7941822461358745,2.778940767378889
aman,Rangpur,2016-17,2016,2.817,2.8117682926829284,2.89925,2.735524825365648,2.779228206195067
aman,Thakurgaon,2016-17,2016,2.838,2.7977864450127887,2.8735,2.74390017640895,2.792731103094272
aman,Barisal,2017-18,2017,1.794,1.929233532934132,1.94525,1.9416073720135638,1.9081509114855062
aman,Bhola,2017-18,2017,2.478,2.3562276470588226,2.4144545454545456,2.3734858446677274,2.344950336607735
aman,Jhalokati,2017-18,2017,1.48,1.7473630136986293,1.7755,1.7470555778128296,1.7508151396776894
aman,Patuakhali,2017-18,2017,1.904,1.9348277777777774,1.975,1.915390471746075,1.9623975821475341
aman,Pirojpur,2017-18,2017,1.395,1.7826347305389225,1.7714999999999999,1.7556488660305982,1.7893625227227705
aman,Bandarban,2017-18,2017,2.775,2.6738562874251506,2.72125,2.6569454018549137,2.6903431862201583
aman,Chandpur,2017-18,2017,1.886,1.8644550898203596,1.8884166666666669,1.7979964162570972,1.855211058211499
aman,Comilla,2017-18,2017,2.368,2.3155568862275446,2.354416666666667,2.313750927976425,2.3208786341400938
aman,Cox's Bazar,2017-18,2017,2.766,2.72831137724551,2.778916666666667,2.811675119730906,2.7488337868724786
aman,Khagrachhari,2017-18,2017,2.716,2.960328571428572,3.0248181818181816,2.9267064304225747,2.947512503628678
aman,Lakshmipur,2017-18,2017,2.608,2.5015224839400423,2.5723,2.5330034623143427,2.5158438795824463
aman,Noakhali,2017-18,2017,2.244,2.1979281437125753,2.2868333333333335,2.211874728414218,2.1920815008803913
aman,Rangamati,2017-18,2017,2.752,2.786137724550899,2.806416666666667,2.7341323319786768,2.758645574618104
aman,Barguna,2017-18,2017,1.747,1.8728929219600725,1.877625,1.9179181486711403,1.9198880984713582
aman,Faridpur,2017-18,2017,2.422,2.4516030303030303,2.5346363636363636,2.3981701677246003,2.42413314832035
aman,Gazipur,2017-18,2017,2.652,2.5761377245508994,2.624,2.5354984176547597,2.5810815173633634
aman,Gopalganj,2017-18,2017,1.69,1.5642723535457348,1.636272727272727,1.558300940879729,1.5392970515354303
aman,Kishoreganj,2017-18,2017,2.759,2.6840359281437136,2.745416666666667,2.712962779008074,2.746107814692111
aman,Madaripur,2017-18,2017,1.736,1.6975462962962964,1.7786666666666666,1.6909327269881227,1.6786446843630751
aman,Manikganj,2017-18,2017,1.231,1.473808235294117,1.5117272727272726,1.434164645312736,1.4542291293952914
aman,Munshiganj,2017-18,2017,0.955,1.1117954545454551,1.1075454545454546,1.0654625353043348,1.0903289757535306
aman,Narsingdi,2017-18,2017,2.473,2.4391227436823115,2.5375,2.3775227226469102,2.4522936235044446
aman,Rajbari,2017-18,2017,2.715,2.4771759581881527,2.4642857142857144,2.4246416738251346,2.447923565283625
aman,Shariatpur,2017-18,2017,1.63,1.5096526946107791,1.546166666666667,1.5206759720508134,1.5131907583420035
aman,Tangail,2017-18,2017,2.147,2.146988023952097,2.1888333333333336,2.1175763428987695,2.1234548291016737
aman,Bagerhat,2017-18,2017,1.793,2.115019191919192,2.1443636363636362,2.0972598853749074,2.129286365672113
aman,Chuadanga,2017-18,2017,2.828,2.8123997944501546,2.8363636363636364,2.7721848895996075,2.7897241486289097
aman,Jessore,2017-18,2017,2.813,2.786447606727037,2.868727272727273,2.738736802247975,2.7612580728737752
aman,Dhaka,2017-18,2017,1.984,1.7363233532934137,1.804833333333333,1.6958855571770206,1.7285963573710885
aman,Khulna,2017-18,2017,2.066,2.5352215568862277,2.5606666666666666,2.486951620794831,2.55211976129174
aman,Kushtia,2017-18,2017,2.748,2.839880239520958,2.9020833333333336,2.753170517660671,2.789991705586216
aman,Magura,2017-18,2017,2.74,2.6013646616541353,2.645285714285714,2.554874867708379,2.5741036846825387
aman,Narail,2017-18,2017,2.408,2.2752517985611522,2.3035714285714284,2.2168850476129314,2.2481740536408092
aman,Satkhira,2017-18,2017,2.744,2.9665117056856176,2.9701999999999997,2.9267520903866453,2.9648706978296806
aman,Jamalpur,2017-18,2017,2.456,2.4806372045220964,2.518181818181818,2.4549319689000084,2.453720637227502
aman,Netrakona,2017-18,2017,2.453,2.494988023952096,2.568166666666667,2.503400164364177,2.5297437427686362
aman,Sherpur,2017-18,2017,2.518,2.28822754491018,2.34925,2.255302325910676,2.2586502581747276
aman,Bogra,2017-18,2017,2.743,2.7533532934131744,2.8064999999999998,2.7183844874147707,2.7430726645163515
aman,Joypurhat,2017-18,2017,2.804,2.842299401197605,2.865,2.8070597530105172,2.8586972201014373
aman,Naogaon,2017-18,2017,2.623,2.8404850299401203,2.8530833333333336,2.769984828189631,2.8399714239398377
aman,Natore,2017-18,2017,2.476,2.536137724550898,2.60575,2.4593764905375437,2.4877482248502845
aman,Nawabganj,2017-18,2017,2.69,2.7818922155688623,2.8525000000000005,2.75421451567914,2.7888384930330767
aman,Jhenaidah,2017-18,2017,2.798,3.101116666666667,3.1596,3.0744368490498903,3.072234532494602
aman,Rajshahi,2017-18,2017,2.759,2.9503952095808392,2.98625,2.899261290497329,2.9424892279707597
aman,Sirajganj,2017-18,2017,2.369,2.492634730538923,2.559416666666667,2.4542675064566586,2.4521328214186164
aman,Dinajpur,2017-18,2017,2.783,2.7152814371257494,2.767583333333333,2.70404594405361,2.792047251768544
aman,Gaibandha,2017-18,2017,2.687,2.627023952095809,2.645,2.5675685987591867,2.621351949765455
aman,Kurigram,2017-18,2017,2.632,2.6005089820359286,2.691333333333333,2.578144059458959,2.6333873461044166
aman,Lalmonirhat,2017-18,2017,2.799,2.8659099249374473,2.905875,2.8418345541900263,2.9449635636996496
aman,Nilphamari,2017-18,2017,2.841,2.8102514970059884,2.8411666666666666,2.8813610378448145,2.8767745369341924
aman,Mymensingh,2017-18,2017,2.614,2.4469101796407196,2.4941666666666666,2.430470881055062,2.4425948318504824
aman,Rangpur,2017-18,2017,2.824,2.85517365269461,2.8986666666666667,2.856139755474093,2.9152840616594933
aman,Thakurgaon,2017-18,2017,2.814,2.852478864353312,2.8759,2.9219923470784774,2.951102215216716
aman,Habiganj,2017-18,2017,2.389,2.415789311408016,2.477818181818182,2.45442076297601,2.4786811997188423
aman,Sunamganj,2017-18,2017,2.414,2.435059880239522,2.4994166666666664,2.43007603209625,2.4628043910507977
aman,Sylhet,2017-18,2017,2.369,2.407820359281438,2.4665,2.3581952041404777,2.4109315447421444
aman,Pabna,2017-18,2017,2.154,2.2020299401197616,2.2250833333333335,2.1541658404674755,2.1683666013758613
aman,Panchagarh,2017-18,2017,2.774,2.8697365269461073,2.947416666666667,2.9574309734862707,2.9292948999570436
aman,Brahamanbaria,2017-18,2017,2.25,2.420305389221558,2.4696666666666665,2.35201422791674,2.3890506073813724
aman,Barguna,2018-19,2018,1.927,1.892742647058824,1.8551250000000001,1.8731896294705874,1.8773869103096594
aman,Barisal,2018-19,2018,1.71,1.9522499999999992,1.95225,1.9168659763672489,1.9336132437754654
aman,Bhola,2018-19,2018,2.43,2.4602373678025855,2.4188181818181818,2.424518270225341,2.437141890885746
aman,Jhalokati,2018-19,2018,1.54,1.7829522184300344,1.768,1.7863130199006076,1.7681799392632442
aman,Patuakhali,2018-19,2018,1.893,1.9796698492462315,1.976,1.926279924540276,1.950714332512858
aman,Pirojpur,2018-19,2018,1.708,1.7454166666666662,1.7454166666666666,1.7205359063057653,1.7228373592327473
aman,Brahamanbaria,2018-19,2018,2.472,2.4511666666666674,2.451166666666667,2.4343894677017923,2.452808213786796
aman,Chandpur,2018-19,2018,1.798,1.8957500000000003,1.8957499999999998,1.850319903101724,1.8662590598957207
aman,Chittagong,2018-19,2018,2.567,2.7089738693467336,2.710181818181818,2.6367102450038096,2.6902530983421307
aman,Comilla,2018-19,2018,2.346,2.3562500000000006,2.3562499999999997,2.3384504635410956,2.3438453938605366
aman,Cox's Bazar,2018-19,2018,2.672,2.78675,2.78675,2.8028459518817326,2.8020445380157724
aman,Feni,2018-19,2018,2.602,2.871440414507772,2.862,2.761782566824479,2.842436439096506
aman,Khagrachhari,2018-19,2018,2.727,3.0041739130434784,3.0238181818181817,2.937109256831211,2.9779150357749415
aman,Noakhali,2018-19,2018,2.233,2.2877500000000004,2.28775,2.193536651016159,2.260264045510321
aman,Rangamati,2018-19,2018,2.65,2.814916666666667,2.8149166666666665,2.8129877725284524,2.801592263544114
aman,Dhaka,2018-19,2018,1.561,1.8400833333333337,1.8400833333333333,1.8693201945755826,1.8385091147192842
aman,Faridpur,2018-19,2018,2.59,2.5269231155778895,2.5193636363636362,2.5081736251700693,2.5143970248775958
aman,Gazipur,2018-19,2018,2.66,2.6233333333333335,2.6233333333333335,2.5700007254320907,2.6015267412247103
aman,Gopalganj,2018-19,2018,1.521,1.6659539406345962,1.6516363636363636,1.599707777961445,1.6582982901385859
aman,Kishoreganj,2018-19,2018,2.773,2.744250000000001,2.7442499999999996,2.6485056140131173,2.7175454505045233
aman,Bandarban,2018-19,2018,2.667,2.7302500000000003,2.73025,2.6971279885467374,2.708574076188068
aman,Manikganj,2018-19,2018,1.299,1.5333325499412456,1.5055454545454545,1.5481067443685081,1.5256558782405085
aman,Munshiganj,2018-19,2018,1.009,1.1023261306532663,1.1026363636363636,1.1418200653395516,1.1036715250545768
aman,Narayanganj,2018-19,2018,1.518,1.4214033457249065,1.428222222222222,1.4693106378063883,1.4279891525991888
aman,Narsingdi,2018-19,2018,2.501,2.508605413105412,2.5347,2.4992736913167533,2.507315444353025
aman,Shariatpur,2018-19,2018,1.549,1.5529166666666667,1.5529166666666667,1.5622401397529582,1.5557575242384076
aman,Tangail,2018-19,2018,2.123,2.1908333333333343,2.1908333333333334,2.1591033981005725,2.1728962704828825
aman,Chuadanga,2018-19,2018,2.748,2.8484329580348016,2.8436363636363637,2.875507697852891,2.8466163052656794
aman,Jessore,2018-19,2018,2.887,2.8346254777070072,2.862,2.8110399993149384,2.8106362873653894
aman,Khulna,2018-19,2018,2.347,2.53725,2.53725,2.5304478092813087,2.5143903155564793
aman,Kushtia,2018-19,2018,2.852,2.893416666666666,2.893416666666667,2.930071980491499,2.881407683656019
aman,Magura,2018-19,2018,2.685,2.6591858736059475,2.653142857142857,2.6659972139630796,2.644342209059877
aman,Meherpur,2018-19,2018,2.745,3.0192857142857155,3.019285714285714,3.08925063952924,3.012268321774652
aman,Madaripur,2018-19,2018,1.643,1.7979938775510202,1.789,1.741041796920388,1.797315695259412
aman,Satkhira,2018-19,2018,2.823,2.961802315963606,2.9623,2.977194497299167,2.9353671551868348
aman,Jamalpur,2018-19,2018,2.391,2.531644831115661,2.524090909090909,2.546851509606804,2.5253909599125675
aman,Mymensingh,2018-19,2018,2.42,2.5103333333333335,2.510333333333333,2.435087431815276,2.4851368866910284
aman,Netrakona,2018-19,2018,2.269,2.5835000000000004,2.5835,2.4871048662527677,2.555274256461231
aman,Sherpur,2018-19,2018,2.319,2.3658333333333337,2.3658333333333332,2.360453143853271,2.354702365994134
aman,Bogra,2018-19,2018,2.665,2.8129999999999997,2.813,2.802570015115576,2.799114522714343
aman,Joypurhat,2018-19,2018,2.869,2.8595833333333327,2.859583333333333,2.826137337685192,2.8401075353510197
aman,Bagerhat,2018-19,2018,1.69,2.1565628140703526,2.153727272727273,2.105122489657699,2.123263915104366
aman,Natore,2018-19,2018,2.475,2.6058333333333343,2.6058333333333334,2.578302608697384,2.5789695087764692
aman,Nawabganj,2018-19,2018,2.681,2.853250000000001,2.8532499999999996,2.8385094118492145,2.850145180241509
aman,Pabna,2018-19,2018,2.177,2.223166666666666,2.2231666666666667,2.240097914035995,2.2120269910934796
aman,Rajshahi,2018-19,2018,2.713,2.990083333333334,2.990083333333333,2.9701718224137523,2.9815510795814966
aman,Sirajganj,2018-19,2018,2.325,2.5630833333333327,2.5630833333333336,2.5728162947037316,2.5577952009273957
aman,Dinajpur,2018-19,2018,2.958,2.7529999999999992,2.753,2.7457005762385998,2.7308519281165213
aman,Gaibandha,2018-19,2018,2.791,2.6363333333333343,2.6363333333333334,2.571592826187641,2.6332170756075977
aman,Lalmonirhat,2018-19,2018,2.865,2.929816666666666,2.897625,2.9418772655340093,2.931193977974923
aman,Nilphamari,2018-19,2018,3.014,2.82675,2.82675,2.8078885158426923,2.8166069343737425
aman,Panchagarh,2018-19,2018,2.962,2.9317499999999996,2.9317499999999996,2.919530236072441,2.9404594538967785
aman,Rangpur,2018-19,2018,2.959,2.887416666666666,2.8874166666666667,2.8261058777504475,2.8650610592240677
aman,Thakurgaon,2018-19,2018,2.866,2.898939393939393,2.8707000000000003,2.83311187977374,2.892029772870698
aman,Habiganj,2018-19,2018,2.499,2.480243602865916,2.4678181818181817,2.381455222732607,2.45668326333979
aman,Maulvibazar,2018-19,2018,2.868,2.817710552763818,2.8234545454545454,2.7936532945941397,2.803870498271066
aman,Naogaon,2018-19,2018,2.723,2.8447499999999994,2.84475,2.8124698449462078,2.8253698566846652
aman,Sylhet,2018-19,2018,2.455,2.4593333333333343,2.4593333333333334,2.3832555557132142,2.4498482835002084
aman,Kurigram,2018-19,2018,2.71,2.6848333333333323,2.6848333333333336,2.6589697752705987,2.671700854941927
aman,Sunamganj,2018-19,2018,2.577,2.485833333333334,2.4858333333333333,2.35508449077783,2.454694851801196
aman,Barguna,2019-20,2019,1.787,1.9638034682080927,1.872625,1.8830444672205797,1.94126108348753
aman,Barisal,2019-20,2019,1.599,1.9805928143712568,1.9615,1.931336114834881,1.9610082814357919
aman,Bhola,2019-20,2019,2.379,2.566808333333333,2.4234545454545455,2.6038778390708366,2.5847455434866764
aman,Pirojpur,2019-20,2019,1.9,1.7195149700598802,1.7294166666666666,1.621202604335393,1.702654510946694
aman,Brahamanbaria,2019-20,2019,2.705,2.4807904191616763,2.43175,2.57606743523424,2.5023529420551203
aman,Chandpur,2019-20,2019,1.881,1.9128562874251496,1.8888333333333334,1.9274698683646303,1.897476439943429
aman,Chittagong,2019-20,2019,2.425,2.738029797979798,2.7230909090909092,2.85670858443262,2.75795963330273
aman,Comilla,2019-20,2019,2.251,2.403622754491018,2.3641666666666667,2.4559579749803118,2.4127404252285776
aman,Cox's Bazar,2019-20,2019,2.758,2.8303952095808387,2.7795833333333335,2.8405801440907426,2.825963687344347
aman,Feni,2019-20,2019,2.512,2.910727868852459,2.871,2.989887246811317,2.9309397350118296
aman,Khagrachhari,2019-20,2019,2.94,3.032652941176469,3.0044545454545455,3.1170313408381416,3.059877547534053
aman,Noakhali,2019-20,2019,2.377,2.364305389221557,2.27575,2.39303301718627,2.359271805180305
aman,Rangamati,2019-20,2019,2.899,2.8141437125748503,2.794166666666667,2.891013377374151,2.8449954822691255
aman,Dhaka,2019-20,2019,2.304,1.842455089820359,1.7781666666666667,1.8940554560702731,1.8601096822015615
aman,Gazipur,2019-20,2019,2.723,2.6651497005988025,2.6180833333333333,2.783912633986336,2.6805985735598865
aman,Gopalganj,2019-20,2019,1.921,1.7135892672858624,1.6152727272727274,1.682242403417104,1.6970596640212874
aman,Kishoreganj,2019-20,2019,2.893,2.794598802395209,2.73425,2.863369693165897,2.813260448155227
aman,Bandarban,2019-20,2019,2.76,2.769347305389222,2.7225,2.8433914057435237,2.8044599763347846
aman,Manikganj,2019-20,2019,2.114,1.5165124999999997,1.4314545454545455,1.4477569885154367,1.505204009498055
aman,Narayanganj,2019-20,2019,1.262,1.48512523364486,1.4566666666666666,1.5608020918567833,1.5082820943856805
aman,Narsingdi,2019-20,2019,2.854,2.5440970735189152,2.4994,2.6197207197378507,2.568573261358461
aman,Shariatpur,2019-20,2019,1.489,1.5943413173652696,1.5579166666666666,1.5897319430012735,1.5906869236012149
aman,Tangail,2019-20,2019,2.316,2.2159999999999997,2.17475,2.3474662485585376,2.232678910625661
aman,Lakshmipur,2019-20,2019,2.41,2.6126631578947355,2.5921,2.546927326295484,2.597408540011562
aman,Chuadanga,2019-20,2019,2.594,2.893596491228071,2.8576363636363635,2.8495922914926743,2.88199375383841
aman,Jessore,2019-20,2019,3.123,2.8673324840764334,2.8405454545454543,2.7651841705079616,2.8343498918699748
aman,Khulna,2019-20,2019,2.623,2.5420059880239516,2.51425,2.512066979290814,2.53712163647803
aman,Kushtia,2019-20,2019,3.156,2.92948502994012,2.8680833333333333,2.888131933796431,2.923093808260002
aman,Satkhira,2019-20,2019,2.9,2.960133333333333,2.9546,2.9290329470614602,2.9557159364616754
aman,Jamalpur,2019-20,2019,2.364,2.581069143446853,2.526545454545454,2.679481230765255,2.615314342195375
aman,Mymensingh,2019-20,2019,2.438,2.5557964071856287,2.5088333333333335,2.542659346615901,2.572556387379005
aman,Netrakona,2019-20,2019,2.489,2.639491017964071,2.565166666666667,2.691691601568288,2.6556602452082214
aman,Sherpur,2019-20,2019,2.422,2.4168742514970067,2.35725,2.457613528296874,2.430504566989741
aman,Bogra,2019-20,2019,2.691,2.8650778443113767,2.810833333333333,2.909495902202556,2.8803982051758803
aman,Joypurhat,2019-20,2019,2.836,2.885556886227545,2.8623333333333334,2.942130667065583,2.882132694567286
aman,Natore,2019-20,2019,2.468,2.677634730538922,2.6064166666666666,2.6555580766896956,2.666948146281874
aman,Nawabganj,2019-20,2019,2.607,2.932508982035928,2.8594166666666667,3.0093155009048007,2.9866514293725666
aman,Pabna,2019-20,2019,2.557,2.212790419161677,2.1915,2.2239670583435758,2.209982031895259
aman,Rajshahi,2019-20,2019,2.783,3.0226706586826344,2.98425,3.021588163360628,3.0192320996313557
aman,Sirajganj,2019-20,2019,2.607,2.6071017964071856,2.5395833333333333,2.6334854208815863,2.6356885825869694
aman,Dinajpur,2019-20,2019,2.846,2.814041916167665,2.762333333333333,2.8290809129635073,2.795134861393404
aman,Gaibandha,2019-20,2019,2.692,2.662023952095809,2.6445833333333333,2.7310230544417013,2.68048856087173
aman,Nilphamari,2019-20,2019,2.623,2.8916646706586833,2.8593333333333333,2.9478109130865007,2.890579239076272
aman,Panchagarh,2019-20,2019,2.732,3.0309461077844313,2.9509166666666666,3.0039238513558075,3.037658142868449
aman,Rangpur,2019-20,2019,3.084,2.919700598802396,2.8770000000000002,3.058000994836968,2.951165800624735
aman,Thakurgaon,2019-20,2019,2.893,2.948741832158872,2.868,3.00178867613339,2.9753023702534844
aman,Habiganj,2019-20,2019,2.655,2.539672858617132,2.4536363636363636,2.6379750664318884,2.567875029945493
aman,Maulvibazar,2019-20,2019,2.763,2.8968388888888885,2.833,3.0017467633622408,2.930594754545218
aman,Naogaon,2019-20,2019,2.87,2.846251497005988,2.8325,2.8330657431234316,2.8347770818220765
aman,Sylhet,2019-20,2019,2.345,2.528502994011975,2.4685,2.636218607415207,2.5708405657401
aman,Kurigram,2019-20,2019,2.791,2.768586826347306,2.6780833333333334,2.849155781949247,2.783060274557985
aman,Sunamganj,2019-20,2019,2.814,2.5288682634730537,2.466083333333333,2.5860103903247826,2.550266644123876
aman,Magura,2020-21,2020,2.626,2.774364541832671,2.6615714285714285,2.764428115984726,2.7672878810115797
aman,Barguna,2020-21,2020,1.904,1.9939537815126056,1.858,1.9529537346968917,2.000487590622536
aman,Barisal,2020-21,2020,1.871,1.9749512195121945,1.9388333333333332,1.9681141228600942,1.9844194913651088
aman,Bhola,2020-21,2020,2.72,2.628717258261934,2.3924545454545454,2.5582822449206626,2.6432614205900795
aman,Jhalokati,2020-21,2020,1.963,1.8092996389891707,1.715125,1.81502433241486,1.819604548130308
aman,Patuakhali,2020-21,2020,1.852,2.077278637770898,1.9797272727272728,2.064687120407866,2.085703101029067
aman,Pirojpur,2020-21,2020,1.594,1.7407560975609748,1.7549166666666667,1.7384693765108947,1.7459711477548068
aman,Bandarban,2020-21,2020,2.905,2.8015365853658527,2.7104166666666667,2.792398571624634,2.7864073759862733
aman,Chandpur,2020-21,2020,1.928,1.932695121951219,1.8849166666666666,1.8835559433374809,1.9334060907611834
aman,Chittagong,2020-21,2020,2.417,2.759320657759507,2.723818181818182,2.7516619357409353,2.7290285369310214
aman,Comilla,2020-21,2020,2.248,2.4462317073170725,2.3644166666666666,2.474546463828548,2.4514997298240973
aman,Cox's Bazar,2020-21,2020,2.744,2.8848658536585368,2.78075,2.869160114544871,2.916300406088607
aman,Feni,2020-21,2020,2.971,2.881245283018869,2.8251,2.8717810219354654,2.894616812067403
aman,Khagrachhari,2020-21,2020,3.223,3.0516379928315414,2.9787272727272724,3.0740570245433103,3.048822796606626
aman,Lakshmipur,2020-21,2020,2.603,2.6381424501424484,2.5728,2.594958104010905,2.649790253873582
aman,Rangamati,2020-21,2020,2.963,2.8265487804878044,2.7888333333333333,2.7586367648249936,2.812032816461548
aman,Dhaka,2020-21,2020,2.385,1.8937926829268292,1.7714166666666664,1.902836126284678,1.8844680935394087
aman,Faridpur,2020-21,2020,2.57,2.7140036119711057,2.521181818181818,2.6648130499922034,2.6948417781343244
aman,Gazipur,2020-21,2020,2.93,2.689939024390244,2.6008333333333336,2.7427255439053706,2.7061174097475327
aman,Kishoreganj,2020-21,2020,2.862,2.8586219512195115,2.7368333333333332,2.8608313865497,2.876917944599596
aman,Madaripur,2020-21,2020,2.05,1.9267724358974356,1.7437777777777776,1.8587006086909732,1.9172951675695598
aman,Brahamanbaria,2020-21,2020,2.507,2.550024390243902,2.4482500000000003,2.5509617348626388,2.5714801318691576
aman,Munshiganj,2020-21,2020,0.972,1.1015366357069143,1.106,1.0596348517652614,1.0941263437112942
aman,Narayanganj,2020-21,2020,1.355,1.5121091954022992,1.4463333333333332,1.475781031122608,1.5286978291993065
aman,Rajbari,2020-21,2020,2.258,2.68650652173913,2.529571428571429,2.7119788687576207,2.6739645341996328
aman,Shariatpur,2020-21,2020,1.733,1.606158536585366,1.5375833333333333,1.5461343238510665,1.603892349871897
aman,Tangail,2020-21,2020,2.059,2.2852439024390243,2.1961666666666666,2.365049236710321,2.3023728734198325
aman,Bagerhat,2020-21,2020,2.103,2.188828173374613,2.116181818181818,2.200272267806435,2.191118927465374
aman,Noakhali,2020-21,2020,2.553,2.4355487804878044,2.261083333333333,2.4347325595716436,2.4397512302893025
aman,Jessore,2020-21,2020,2.834,2.950644243208281,2.8668181818181817,2.9651079257864796,2.9423789607185853
aman,Jhenaidah,2020-21,2020,3.384,3.2350556501987495,3.101,3.219733744932333,3.226401265101054
aman,Khulna,2020-21,2020,2.77,2.553317073170731,2.5020000000000002,2.55376511541913,2.5573750286753176
aman,Kushtia,2020-21,2020,2.966,3.0104756097560976,2.8839166666666665,3.055639427116563,3.0047107102454356
aman,Narail,2020-21,2020,2.639,2.5736733870967745,2.2705714285714285,2.553772434645113,2.561748688724847
aman,Satkhira,2020-21,2020,2.739,2.9896826347305385,2.9707,2.9693619454486573,2.990771172621184
aman,Manikganj,2020-21,2020,2.273,1.5466303549571603,1.417,1.5757510880355456,1.5539560264332313
aman,Mymensingh,2020-21,2020,2.4,2.60951219512195,2.512,2.6654073222527837,2.645690391973794
aman,Netrakona,2020-21,2020,2.696,2.6947439024390234,2.5479166666666666,2.729110069870477,2.7286734437479523
aman,Sherpur,2020-21,2020,2.354,2.4853536585365856,2.3629166666666666,2.5586030630482117,2.513260698748281
aman,Bogra,2020-21,2020,2.947,2.8946707317073166,2.7895,2.927427849848916,2.9146291430980735
aman,Joypurhat,2020-21,2020,2.812,2.912585365853658,2.864333333333333,2.933753282409837,2.935209266884841
aman,Naogaon,2020-21,2020,2.66,2.8830975609756093,2.85,2.89670534273507,2.8833807570382204
aman,Natore,2020-21,2020,2.755,2.721646341463414,2.5825,2.7912778796136273,2.7315255747688107
aman,Pabna,2020-21,2020,2.142,2.275951219512194,2.2260833333333334,2.3604136347349374,2.274086591120381
aman,Rajshahi,2020-21,2020,3.148,3.024890243902439,2.9538333333333333,3.063459875491427,3.0188039486497464
aman,Sirajganj,2020-21,2020,2.729,2.6628780487804877,2.5294166666666666,2.740291113697517,2.6701650960393026
aman,Dinajpur,2020-21,2020,2.666,2.8863780487804873,2.7773333333333334,2.8898592251139044,2.9054450545774326
aman,Gaibandha,2020-21,2020,2.784,2.6694268292682923,2.6369166666666666,2.6481129617094163,2.6765159106183227
aman,Kurigram,2020-21,2020,2.723,2.8684878048780487,2.68375,2.903825721980265,2.8900908512970553
aman,Panchagarh,2020-21,2020,3.08,3.0783780487804875,2.9219166666666667,3.097144150001236,3.120911086090342
aman,Rangpur,2020-21,2020,2.699,3.003695121951219,2.9090833333333332,3.0128034633188,3.023565609280185
aman,Maulvibazar,2020-21,2020,2.917,2.9518350462487164,2.819,3.0022445360834737,2.9669128646755834
aman,Sunamganj,2020-21,2020,2.142,2.6634634146341454,2.5220833333333332,2.6578626176260998,2.7069311085089653
aman,Sylhet,2020-21,2020,2.619,2.562134146341462,2.4456666666666664,2.5558597811623667,2.6193470239441763
aman,Nawabganj,2020-21,2020,2.786,2.99170731707317,2.8445,3.01847717271353,2.988019508868401
aman,Nilphamari,2020-21,2020,2.739,2.9153292682926835,2.8496666666666663,2.9765374780413643,2.991141679687579
aman,Barisal,2021-22,2021,1.914,1.9897735849056606,1.93525,2.0098345172736303,1.973101340162613
aman,Bhola,2021-22,2021,2.888,2.701156649616368,2.377181818181818,2.6031664928463494,2.6693240199838693
aman,Brahamanbaria,2021-22,2021,2.479,2.6086540880503146,2.4505833333333333,2.5489581858684796,2.60569811315158
aman,Chandpur,2021-22,2021,1.744,1.984641509433962,1.90025,1.990715584645865,1.9746430115091533
aman,Chittagong,2021-22,2021,2.461,2.778595868644069,2.719818181818182,2.715742920390854,2.7686906425082043
aman,Comilla,2021-22,2021,2.432,2.4665786163522005,2.349083333333333,2.4200297851127064,2.487597164370373
aman,Cox's Bazar,2021-22,2021,2.806,2.9335597484276725,2.7755833333333335,2.9088410333169654,2.9378562127200736
aman,Noakhali,2021-22,2021,2.623,2.515377358490565,2.2552499999999998,2.446301862448399,2.4986214413308505
aman,Rangamati,2021-22,2021,2.929,2.848817610062892,2.7916666666666665,2.830916304006318,2.8288268044341462
aman,Dhaka,2021-22,2021,2.316,1.9591572327044022,1.7771666666666668,1.9075501249496845,1.9621996222883764
aman,Faridpur,2021-22,2021,2.71,2.793011727078892,2.5084545454545455,2.750834307182018,2.77819676030191
aman,Gazipur,2021-22,2021,2.997,2.7227924528301877,2.59525,2.660280756796299,2.7085293322632227
aman,Patuakhali,2021-22,2021,2.065,2.0978997867803844,1.9603636363636363,2.0065192892698342,2.059216634470534
aman,Pirojpur,2021-22,2021,1.432,1.7594779874213835,1.7684166666666667,1.730416451354864,1.747989572541481
aman,Bandarban,2021-22,2021,2.753,2.8697106918239,2.7230833333333333,2.8275455099291245,2.840191539993576
aman,Manikganj,2021-22,2021,1.442,1.7427755754475702,1.4925454545454544,1.7777301205618568,1.7628722630751958
aman,Munshiganj,2021-22,2021,1.033,1.0922265458422178,1.1004545454545456,1.0722289577693067,1.0894343576612562
aman,Narayanganj,2021-22,2021,1.454,1.536288577154308,1.4353333333333333,1.4945883655480432,1.5452251534020376
aman,Narsingdi,2021-22,2021,2.723,2.7005199398043627,2.5125,2.6542335725127675,2.6985083969941495
aman,Feni,2021-22,2021,2.985,2.9019936664320904,2.8237,2.885650225414127,2.883117277895198
aman,Khagrachhari,2021-22,2021,3.046,3.122299261083745,2.994818181818182,3.0783631413966597,3.088230158052367
aman,Lakshmipur,2021-22,2021,2.69,2.672590007347538,2.5641000000000003,2.6676581235519685,2.6650447916521087
aman,Chuadanga,2021-22,2021,2.728,2.9499291166848414,2.8454545454545457,2.928719999262132,2.9495881400910973
aman,Jessore,2021-22,2021,2.859,3.008024032042724,2.8645454545454547,2.97811025354958,2.9917547910148077
aman,Jhenaidah,2021-22,2021,3.408,3.296123239436619,3.0986000000000002,3.229145337074012,3.2744410822220504
aman,Khulna,2021-22,2021,2.505,2.6146729559748425,2.524083333333333,2.622479893915631,2.6193302967660514
aman,Kushtia,2021-22,2021,3.011,3.0716666666666663,2.8801666666666663,3.0175976453224456,3.0529394807026935
aman,Gopalganj,2021-22,2021,1.759,1.9109182115594332,1.63,1.8834976949358242,1.9114434561875153
aman,Kishoreganj,2021-22,2021,2.747,2.9395345911949677,2.7464166666666667,2.895242617171691,2.942347313400706
aman,Madaripur,2021-22,2021,1.933,2.0461968325791857,1.7567777777777778,2.0532088969897457,2.061668877771136
aman,Satkhira,2021-22,2021,3.032,2.9514587813620063,2.9414000000000002,2.923396824589076,2.9465743431696696
aman,Jamalpur,2021-22,2021,2.404,2.683166848418756,2.5229090909090908,2.655456006179639,2.684035037934015
aman,Mymensingh,2021-22,2021,2.585,2.6382201257861633,2.496583333333333,2.5965850469673373,2.6359533392003875
aman,Netrakona,2021-22,2021,2.713,2.7698301886792445,2.5465,2.7542885375485597,2.760506657304277
aman,Sherpur,2021-22,2021,2.459,2.5373270440251563,2.3541666666666665,2.581908249070822,2.543292869708832
aman,Shariatpur,2021-22,2021,1.496,1.674276729559748,1.5573333333333332,1.6099143120615709,1.6788144382180483
aman,Tangail,2021-22,2021,2.157,2.322396226415094,2.188,2.2721624307467785,2.3214384594293422
aman,Bagerhat,2021-22,2021,2.21,2.210686034115139,2.1064545454545454,2.2642325466645277,2.225315094490512
aman,Natore,2021-22,2021,2.793,2.7890314465408808,2.579333333333333,2.714793130829803,2.771821205761563
aman,Nawabganj,2021-22,2021,2.846,3.0646792452830196,2.8394999999999997,3.0670018234306413,3.042631471015199
aman,Pabna,2021-22,2021,2.178,2.2996163522012574,2.2230833333333333,2.242983403135753,2.2693295229263475
aman,Rajshahi,2021-22,2021,3.238,3.047088050314464,2.9463333333333335,3.0377764215471235,3.0498752821117345
aman,Sirajganj,2021-22,2021,2.607,2.749786163522013,2.5395833333333333,2.7392485319234896,2.744567185321877
aman,Magura,2021-22,2021,2.622,2.845869565217392,2.6621428571428574,2.78510522811528,2.8375047016664845
aman,Meherpur,2021-22,2021,3.063,3.088567839195979,2.9738571428571428,3.0173879049729337,3.0634156665223076
aman,Narail,2021-22,2021,2.69,2.685351351351353,2.2632857142857143,2.6167421620969,2.686331034545898
aman,Lalmonirhat,2021-22,2021,2.848,3.177794520547945,2.89975,3.2164684689156395,3.1742346921609244
aman,Nilphamari,2021-22,2021,2.723,2.9556603773584897,2.8510000000000004,2.9840391543613762,2.9329140616975584
aman,Panchagarh,2021-22,2021,3.083,3.160572327044025,2.921666666666667,3.153753033475231,3.1412295399398484
aman,Rangpur,2021-22,2021,2.823,3.041490566037736,2.8987499999999997,3.0323996067374206,3.0149040071297795
aman,Thakurgaon,2021-22,2021,2.873,3.0703022774327127,2.87,3.0730848905906205,3.04621613298756
aman,Bogra,2021-22,2021,3.074,2.930874213836477,2.778916666666667,2.9231186195286645,2.9191995111034457
aman,Joypurhat,2021-22,2021,2.886,2.929270440251573,2.858166666666667,2.9502978842157184,2.905747205510081
aman,Naogaon,2021-22,2021,2.777,2.8878679245283023,2.8402499999999997,2.897662630328876,2.872059265376217
aman,Sylhet,2021-22,2021,2.633,2.620566037735849,2.4445,2.5942582548534303,2.6156551895803815
aman,Dinajpur,2021-22,2021,2.793,2.9297735849056603,2.76675,2.9306392525617606,2.9052625227266486
aman,Gaibandha,2021-22,2021,2.48,2.7284150943396224,2.66225,2.7471476545624234,2.7146532041606677
aman,Kurigram,2021-22,2021,2.79,2.9591383647798746,2.6781666666666664,2.969572205433911,2.9544498293364825
aman,Habiganj,2021-22,2021,2.348,2.741945474372954,2.4815454545454547,2.714329711003857,2.7173731954267426
aman,Maulvibazar,2021-22,2021,2.93,3.0235847457627134,2.8178181818181818,2.953236671192758,2.999702639176313
aman,Sunamganj,2021-22,2021,2.378,2.713855345911949,2.5024166666666665,2.640874787310251,2.724441259415329
aman,Jhalokati,2022-23,2022,2.133,1.8256371308016883,1.693875,1.7854881727437508,1.8126171202971038
aman,Bhola,2022-23,2022,2.829,2.819954421768708,2.3825454545454545,2.7636983217545605,2.7966746859828318
aman,Barisal,2022-23,2022,2.05,1.9850131578947359,1.9239166666666667,1.9476991161346904,1.9898798030126283
aman,Barguna,2022-23,2022,2.254,1.876059523809523,1.81425,1.8301008644051742,1.857814676068337
aman,Cox's Bazar,2022-23,2022,2.906,2.9753815789473674,2.76725,2.984453615441407,2.9148404054914008
aman,Comilla,2022-23,2022,2.485,2.500315789473684,2.3446666666666665,2.5117064769249753,2.4979448233068857
aman,Chittagong,2022-23,2022,2.563,2.7884529346622364,2.7105454545454544,2.818676338170377,2.791383697168421
aman,Chandpur,2022-23,2022,1.752,2.0204868421052624,1.8995833333333334,1.9332010690663575,2.032770340205483
aman,Brahamanbaria,2022-23,2022,2.704,2.6258947368421035,2.4318333333333335,2.688914572277168,2.6359172064446503
aman,Bandarban,2022-23,2022,2.843,2.9090394736842096,2.7155833333333335,2.9160187245151716,2.8690584588864825
aman,Pirojpur,2022-23,2022,1.59,1.7336184210526313,1.75525,1.7109472421876364,1.7285545050408888
aman,Gazipur,2022-23,2022,2.512,2.8582894736842093,2.635666666666667,2.8260442863037314,2.8911164824690405
aman,Faridpur,2022-23,2022,2.826,2.873198324022346,2.497909090909091,2.8570987406744814,2.8881397311171364
aman,Dhaka,2022-23,2022,1.763,2.1259605263157884,1.8232499999999998,2.119290314423495,2.1344953048422854
aman,Rangamati,2022-23,2022,2.907,2.872105263157893,2.7935,2.7573252975834635,2.8795581132434624
aman,Noakhali,2022-23,2022,2.714,2.590421052631578,2.247666666666667,2.550391181950612,2.5667798390702896
aman,Lakshmipur,2022-23,2022,2.706,2.7173734567901247,2.5625,2.6591367463900726,2.710338451164649
aman,Khagrachhari,2022-23,2022,3.279,3.1322193548387105,2.9736363636363636,3.1328683723700177,3.1500883452682644
aman,Rajbari,2022-23,2022,2.608,2.560253289473684,2.4795714285714285,2.526946158724032,2.5893432226291098
aman,Narsingdi,2022-23,2022,2.691,2.786620634920635,2.5157,2.840261936500655,2.847774614817125
aman,Narayanganj,2022-23,2022,1.569,1.548710300429184,1.4225555555555554,1.4898350046899407,1.5664113959663173
aman,Munshiganj,2022-23,2022,1.048,1.0876882681564246,1.0990909090909091,1.0122145721931626,1.1029740909947003
aman,Manikganj,2022-23,2022,1.456,1.834815646258504,1.4912727272727273,1.7773661784059331,1.8317540540994293
aman,Madaripur,2022-23,2022,2.088,2.111725369458128,1.7395555555555555,2.1014627358795086,2.1184910268265336
aman,Kishoreganj,2022-23,2022,2.954,2.9748947368421046,2.7291666666666665,2.9829437573486617,2.9849540698739845
aman,Patuakhali,2022-23,2022,2.076,2.146051396648045,1.9593636363636364,2.117682201228647,2.125260110347903
aman,Kushtia,2022-23,2022,3.095,3.1272368421052614,2.8731666666666666,3.1105814752101075,3.1731979933031664
aman,Khulna,2022-23,2022,2.606,2.630999999999999,2.5156666666666667,2.594196431029818,2.6350490571159297
aman,Jhenaidah,2022-23,2022,3.351,3.3769723076923057,3.1043,3.304634071968954,3.401111288588042
aman,Jessore,2022-23,2022,2.896,3.0681963534361842,2.861181818181818,3.0209640001901277,3.0843973072374884
aman,Chuadanga,2022-23,2022,2.967,2.9403757159221082,2.8237272727272726,2.908613090651303,2.9958230546985476
aman,Bagerhat,2022-23,2022,2.33,2.222746368715083,2.0955454545454546,2.1941321665963516,2.2186566103663816
aman,Tangail,2022-23,2022,2.303,2.3474473684210517,2.1758333333333333,2.354154148293203,2.3499050122564373
aman,Feni,2022-23,2022,3.037,2.9117694610778444,2.8185,2.903871782850967,2.9127929220281747
aman,Sherpur,2022-23,2022,2.536,2.591671052631578,2.34775,2.586757770776558,2.5854520685229443
aman,Netrakona,2022-23,2022,2.788,2.8388026315789476,2.54025,2.886627795593102,2.874601242342023
aman,Mymensingh,2022-23,2022,2.656,2.677789473684209,2.4906666666666664,2.6918929901735327,2.7120396162028695
aman,Jamalpur,2022-23,2022,2.55,2.715530355097364,2.5096363636363637,2.7175000376476817,2.717763998367506
aman,Satkhira,2022-23,2022,3.093,2.93521325648415,2.9353000000000002,2.896138423110955,2.9415400562170193
aman,Narail,2022-23,2022,2.7,2.844547872340426,2.2618571428571426,2.8025389985260856,2.860081151073946
aman,Gopalganj,2022-23,2022,1.786,2.008595647193585,1.6275454545454544,1.9455599760353715,2.010626742065478
aman,Sirajganj,2022-23,2022,2.797,2.7934868421052617,2.52375,2.757892023639113,2.7949889514460167
aman,Rajshahi,2022-23,2022,3.282,3.070499999999999,2.9426666666666663,3.015101649815699,3.108801786893427
aman,Pabna,2022-23,2022,2.22,2.322723684210525,2.2195833333333335,2.3409098165941633,2.3571734304899468
aman,Nawabganj,2022-23,2022,3.23,3.077605263157894,2.8074999999999997,3.074189334941149,3.1289405437722553
aman,Natore,2022-23,2022,2.774,2.8699342105263153,2.5809166666666665,2.8485248052940126,2.893174654041117
aman,Naogaon,2022-23,2022,2.77,2.9097105263157874,2.8408333333333338,2.956368800075038,2.9281340361756434
aman,Joypurhat,2022-23,2022,2.915,2.9508815789473672,2.85575,2.9395499956907707,2.950480693776804
aman,Shariatpur,2022-23,2022,1.608,1.699947368421052,1.548,1.658934890870169,1.7013807685339843
aman,Rangpur,2022-23,2022,2.791,3.106144736842104,2.9014166666666665,3.065952073817777,3.0940523670138034
aman,Panchagarh,2022-23,2022,3.17,3.2334605263157883,2.9144166666666664,3.1824835586958438,3.2200106600200975
aman,Nilphamari,2022-23,2022,2.792,2.986723684210525,2.84525,2.904752320184705,2.9687973535602885
aman,Kurigram,2022-23,2022,2.913,3.04282894736842,2.6679166666666667,3.0440910802232612,3.0386329409109956
aman,Gaibandha,2022-23,2022,2.548,2.7459078947368405,2.6565833333333333,2.710482275950358,2.7326172511807014
aman,Sylhet,2022-23,2022,2.73,2.6659605263157884,2.4364166666666667,2.7451702936487923,2.758467755809413
aman,Sunamganj,2022-23,2022,2.793,2.7186842105263143,2.4678333333333335,2.7883404913318723,2.7900373668250458
aman,Maulvibazar,2022-23,2022,3.048,3.079911406423033,2.8070909090909093,3.1391606292085696,3.1713176172727247
aman,Bogra,2022-23,2022,3.078,2.9823026315789454,2.7785833333333336,2.965771603490121,2.9786684587948695
aman,Dinajpur,2022-23,2022,2.82,2.9881052631578937,2.7645,2.9582445032832805,2.9630961912281784
aman,Habiganj,2022-23,2022,2.655,2.777399770904925,2.4536363636363636,2.8626502493251667,2.8502381073678187
aman,Chandpur,2023-24,2023,2.225,1.9363846153846147,1.8601666666666665,1.9373764015079877,1.9592886331799189
aman,Brahamanbaria,2023-24,2023,2.638,2.698160839160838,2.4373333333333336,2.6591680662976054,2.702746127988853
aman,Bandarban,2023-24,2023,3.003,2.924531468531467,2.70225,2.903785577386121,2.9473644292661825
aman,Pirojpur,2023-24,2023,1.827,1.6676503496503496,1.7355,1.723174487064842,1.6733088579981485
aman,Patuakhali,2023-24,2023,2.307,2.1352404761904755,1.9383636363636363,2.2114433604186177,2.145158197052576
aman,Barisal,2023-24,2023,2.272,1.9401398601398598,1.9054166666666665,1.8620598460469335,1.9416668036105533
aman,Rangamati,2023-24,2023,2.967,2.8776083916083897,2.7884999999999995,2.8796598133510036,2.8892297750862164
aman,Noakhali,2023-24,2023,2.761,2.673951048951048,2.24375,2.593820987653518,2.669643623730138
aman,Lakshmipur,2023-24,2023,2.859,2.725075268817204,2.5472,2.751038506208072,2.738236537862584
aman,Khagrachhari,2023-24,2023,3.315,3.168507575757576,2.9703636363636363,3.0904353514237166,3.1729941266905364
aman,Cox's Bazar,2023-24,2023,3.108,2.983846153846152,2.7504166666666667,3.0256401124255965,2.9767966485441777
aman,Comilla,2023-24,2023,2.847,2.44783916083916,2.3145000000000002,2.4579058543285317,2.449257178381989
aman,Chittagong,2023-24,2023,2.913,2.7225923529411764,2.6787272727272726,2.715782549850941,2.741267374552124
aman,Munshiganj,2023-24,2023,1.171,1.0498732142857143,1.087909090909091,1.0070527096546382,1.0620400693346126
aman,Madaripur,2023-24,2023,2.26,2.1488208333333345,1.7204444444444444,2.1087316922529626,2.157490829766283
aman,Kishoreganj,2023-24,2023,3.128,3.0003426573426553,2.7146666666666666,2.987305696176801,3.0139665432890834
aman,Gopalganj,2023-24,2023,2.201,1.9999412484700123,1.5898181818181818,1.936472252521267,2.004280989268411
aman,Gazipur,2023-24,2023,2.943,2.8182377622377612,2.59975,2.903441194468305,2.829810437686298
aman,Faridpur,2023-24,2023,3.008,2.9305916666666656,2.4813636363636364,2.929771494532752,2.921870202243083
aman,Dhaka,2023-24,2023,1.889,2.193195804195803,1.81275,2.261484417607679,2.198428381551307
aman,Jessore,2023-24,2023,3.027,3.1071218045112774,2.849272727272727,3.093721570934628,3.1215766407228527
aman,Chuadanga,2023-24,2023,3.149,2.9173806609547124,2.8071818181818182,2.934890593262623,2.926023995783383
aman,Bagerhat,2023-24,2023,2.515,2.2016845238095235,2.0787272727272725,2.3287905013281303,2.2264298774800997
aman,Tangail,2023-24,2023,2.496,2.3467692307692287,2.1597500000000003,2.395467769988467,2.3567759854121344
aman,Shariatpur,2023-24,2023,1.839,1.6847902097902088,1.5287499999999998,1.7134420307329963,1.695427620195504
aman,Narsingdi,2023-24,2023,2.938,2.800708297690334,2.491,2.8561752809770486,2.8142400835063968
aman,Jamalpur,2023-24,2023,3.134,2.602925336597307,2.4565454545454544,2.5347163413868397,2.616631535184707
aman,Meherpur,2023-24,2023,3.207,3.1211556886227547,2.953285714285714,3.151724930600184,3.1434711111574347
aman,Magura,2023-24,2023,2.994,2.7692500000000018,2.6090000000000004,2.693132334413336,2.765520941814856
aman,Kushtia,2023-24,2023,3.247,3.1615314685314684,2.8605,3.1971750992912837,3.1887344064590515
aman,Khulna,2023-24,2023,2.818,2.607930069930069,2.4979999999999998,2.6866028392923322,2.602825325387738
aman,Jhenaidah,2023-24,2023,3.453,3.425859580052494,3.0941,3.4053451832532593,3.4167710651677803
aman,Nawabganj,2023-24,2023,3.328,3.124881118881118,2.7993333333333332,3.197368591424522,3.158061455866705
aman,Natore,2023-24,2023,2.942,2.9123566433566426,2.5669166666666667,2.8712502445749615,2.9218690772830835
aman,Naogaon,2023-24,2023,2.996,2.8731888111888124,2.8220000000000005,2.876848660584769,2.9000558631733635
aman,Joypurhat,2023-24,2023,3.088,2.9328951048951053,2.841333333333333,2.867819931341964,2.940737640485122
aman,Bogra,2023-24,2023,3.161,3.016153846153846,2.7716666666666665,2.993689203611602,3.032549717795059
aman,Sherpur,2023-24,2023,2.788,2.596531468531467,2.32675,2.5433611839545067,2.6209766828427004
aman,Netrakona,2023-24,2023,2.993,2.872356643356642,2.5231666666666666,2.9834106317787805,2.8916559045017847
aman,Mymensingh,2023-24,2023,2.834,2.684965034965034,2.4758333333333336,2.746726742642185,2.7129784611809633
aman,Nilphamari,2023-24,2023,3.201,2.923538461538462,2.811166666666667,3.0307727163641642,2.954524126068233
aman,Lalmonirhat,2023-24,2023,3.198,3.263774331550802,2.856,3.2795250314761146,3.2928538197959596
aman,Kurigram,2023-24,2023,3.135,3.0969370629370627,2.6494166666666668,3.21869720188937,3.105118608693606
aman,Gaibandha,2023-24,2023,2.856,2.695062937062935,2.630916666666667,2.5869725724124315,2.6965727459084206
aman,Dinajpur,2023-24,2023,3.01,3.0078391608391604,2.748666666666667,2.9456552487942886,3.031417916077467
aman,Sirajganj,2023-24,2023,2.975,2.8240419580419585,2.508916666666667,2.7839298009415394,2.829662241734346
aman,Rajshahi,2023-24,2023,3.327,3.0883776223776205,2.938916666666667,3.045618532149589,3.1043464771007803
aman,Pabna,2023-24,2023,2.362,2.3178811188811186,2.2077500000000003,2.265547010451085,2.3328051653460986
aman,Sylhet,2023-24,2023,2.874,2.6918671328671313,2.4244166666666667,2.8380133186477616,2.726418964243446
aman,Sunamganj,2023-24,2023,2.941,2.7493986013985996,2.4555000000000002,2.844155121816326,2.7660201515395486
aman,Maulvibazar,2023-24,2023,3.187,3.12405,2.7944545454545455,3.3028138669595855,3.150160531179116
aman,Habiganj,2023-24,2023,3.01,2.766785801713586,2.4213636363636364,2.829647170874269,2.7846665804741653
aman,Thakurgaon,2023-24,2023,3.07,3.1547774219375477,2.8503,3.2587754079808273,3.167286461046416
aman,Rangpur,2023-24,2023,3.171,3.0736573426573424,2.86975,3.0132385249753932,3.0901575714914085
aman,Panchagarh,2023-24,2023,3.312,3.2906573426573424,2.9025833333333337,3.3863034376314847,3.3184497523018046
aman,Bandarban,2024-25,2024,3.048,2.9604999999999992,2.6984999999999997,3.0075570555352886,2.9924058165273855
aman,Pirojpur,2024-25,2024,1.943,1.5991969696969697,1.7258333333333333,1.6019496025725999,1.6586282128416008
aman,Patuakhali,2024-25,2024,2.309,2.1761765847347996,1.9381818181818182,2.185029712936117,2.221447959686328
aman,Jhalokati,2024-25,2024,1.857,2.11171098265896,1.728375,2.0905416198001836,2.1570431649756303
aman,Bhola,2024-25,2024,2.884,3.068254545454545,2.3775454545454546,3.080579560228001,3.090354182806343
aman,Barisal,2024-25,2024,2.131,1.9873030303030301,1.9171666666666667,1.9802533473131292,2.0291363927041566
aman,Lakshmipur,2024-25,2024,2.775,2.805472727272728,2.5556,2.8224527480865444,2.842750211971015
aman,Khagrachhari,2024-25,2024,3.273,3.233224060150377,2.9741818181818185,3.235932056799212,3.3041067178897627
aman,Feni,2024-25,2024,3.164,2.886618181818181,2.8058,2.9275253481342114,2.955525578490952
aman,Cox's Bazar,2024-25,2024,3.369,2.9387575757575766,2.728666666666667,2.97390880106274,2.9632772558148446
aman,Comilla,2024-25,2024,2.582,2.5640151515151515,2.3365833333333335,2.5726483976045222,2.6312730442674708
aman,Chittagong,2024-25,2024,3.337,2.5629821656050926,2.640181818181818,2.593516799480611,2.5964533774749996
aman,Chandpur,2024-25,2024,2.244,1.9354696969696972,1.8585833333333335,1.952413233560249,1.9774133909827802
aman,Brahamanbaria,2024-25,2024,2.778,2.7142575757575758,2.425666666666667,2.6997986297366783,2.7551667115256535
aman,Kishoreganj,2024-25,2024,3.058,3.0937727272727265,2.7205,3.158406966060513,3.1305423500056033
aman,Gopalganj,2024-25,2024,2.225,2.083411214953271,1.5876363636363635,2.149565396860087,2.1229594454068152
aman,Gazipur,2024-25,2024,2.774,2.932196969696969,2.6138333333333335,2.913826460663184,2.9348866040429673
aman,Faridpur,2024-25,2024,3.1,3.003501293661061,2.473,2.9597061499946453,3.026919182143041
aman,Dhaka,2024-25,2024,2.027,2.251590909090909,1.8012499999999998,2.249111375016496,2.2733112688290165
aman,Rangamati,2024-25,2024,2.686,3.002666666666666,2.811916666666667,3.003874522348915,3.0534159048089293
aman,Noakhali,2024-25,2024,2.563,2.8544999999999994,2.26025,2.8797455832890937,2.9019564180245614
aman,Bagerhat,2024-25,2024,2.336,2.2903906856403626,2.095,2.2560747026528976,2.338699167587909
aman,Tangail,2024-25,2024,2.512,2.3815303030303028,2.1584166666666667,2.377976945537891,2.4018559901412067
aman,Shariatpur,2024-25,2024,1.752,1.750454545454545,1.5359999999999998,1.8013556574122718,1.7811488345742885
aman,Narsingdi,2024-25,2024,2.744,2.9715719696969702,2.5103999999999997,2.9451983391576895,2.9790869638211945
aman,Narayanganj,2024-25,2024,1.789,1.5065432432432426,1.398111111111111,1.4647047335454324,1.5240963362755375
aman,Munshiganj,2024-25,2024,1.211,1.018351228978008,1.0842727272727273,0.9771179745468936,1.0554637059870389
aman,Manikganj,2024-25,2024,1.805,1.9149272727272728,1.4595454545454545,1.935274975166102,1.9273512687185548
aman,Meherpur,2024-25,2024,3.183,3.1813448275862086,2.9567142857142854,3.2149459684615134,3.2105473283182
aman,Kushtia,2024-25,2024,3.209,3.248666666666667,2.863666666666667,3.2489144307772397,3.2779616779120646
aman,Khulna,2024-25,2024,2.643,2.692651515151514,2.512583333333333,2.705785761358273,2.739383396643869
aman,Jhenaidah,2024-25,2024,3.421,3.5221641684511056,3.0972999999999997,3.4848571853054557,3.5382719878821756
aman,Jessore,2024-25,2024,3.276,3.0818545454545467,2.826636363636364,3.031254702318507,3.107088776293082
aman,Chuadanga,2024-25,2024,3.141,2.937150867823764,2.807909090909091,2.9019738936236528,2.959228822378339
aman,Naogaon,2024-25,2024,3.185,2.809045454545455,2.8062500000000004,2.7933910368489276,2.8158746065797273
aman,Joypurhat,2024-25,2024,2.985,2.9881666666666664,2.8499166666666667,2.98823781492125,2.976099956176685
aman,Bogra,2024-25,2024,2.929,3.1596818181818183,2.791,3.1567962998055585,3.1813661074012183
aman,Sherpur,2024-25,2024,2.685,2.695515151515152,2.3353333333333333,2.757173029897074,2.693961247651874
aman,Netrakona,2024-25,2024,3.196,2.8788636363636355,2.50625,2.941704752860766,2.907828821818669
aman,Mymensingh,2024-25,2024,2.806,2.742030303030303,2.4781666666666666,2.7618759769413908,2.7469757035487317
aman,Jamalpur,2024-25,2024,2.816,2.7482403204272363,2.4854545454545454,2.8403112581574232,2.7732720434496163
aman,Satkhira,2024-25,2024,3.085,2.9151818181818165,2.9361,2.943658842573787,2.961632470151506
aman,Kurigram,2024-25,2024,3.436,3.0951060606060605,2.6243333333333334,3.110722693402194,3.131124266730173
aman,Gaibandha,2024-25,2024,2.769,2.7370303030303034,2.6381666666666668,2.750779690451576,2.7612421935040703
aman,Dinajpur,2024-25,2024,3.323,2.955151515151516,2.722583333333333,2.941976686017195,2.9644986650816088
aman,Sirajganj,2024-25,2024,2.95,2.9068636363636364,2.511,2.9002811858486406,2.912221632399881
aman,Rajshahi,2024-25,2024,2.954,3.2568636363636365,2.97,3.2406033669945384,3.25462309466559
aman,Pabna,2024-25,2024,2.421,2.3215606060606055,2.2028333333333334,2.391758098142849,2.3612325038220203
aman,Nawabganj,2024-25,2024,3.473,3.14359090909091,2.7872500000000002,3.1355360905520544,3.167165368808482
aman,Natore,2024-25,2024,3.129,2.928106060606061,2.5513333333333335,2.9111242854766597,2.9356183602166834
aman,Sunamganj,2024-25,2024,3.119,2.748075757575757,2.4406666666666665,2.8390435420736866,2.799059360354374
aman,Maulvibazar,2024-25,2024,3.372,3.135357961783438,2.7776363636363635,3.3125624022718076,3.173713195803301
aman,Habiganj,2024-25,2024,3.138,2.7878197596795706,2.4097272727272725,2.8517793345187363,2.832369371393898
aman,Thakurgaon,2024-25,2024,3.359,3.0751935483870967,2.8213999999999997,3.2032967365576615,3.1153019986429915
aman,Rangpur,2024-25,2024,3.475,3.0059848484848484,2.844416666666667,3.0657600872048674,3.040828656266775
aman,Panchagarh,2024-25,2024,3.583,3.285818181818182,2.8800000000000003,3.3730963275731414,3.3423794790832813
aman,Nilphamari,2024-25,2024,3.245,2.922863636363637,2.8074999999999997,2.9879273191606,2.947377510308327
aman,Lalmonirhat,2024-25,2024,3.577,3.137239130434783,2.808625,3.1673832865985676,3.1652425415119185
aman,Sylhet,2024-25,2024,2.749,2.7990151515151513,2.434833333333333,2.9054897429135083,2.8839559283732576
boro,Brahamanbaria,2012-13,2013,3.59,3.851257575757575,4.087166666666667,3.8297211847595807,3.842125648582913
boro,Khagrachhari,2012-13,2013,3.244,3.2156515151515146,3.593583333333333,3.1623901576595195,3.221859100363512
boro,Sunamganj,2012-13,2013,3.367,3.2701666666666656,3.8841666666666668,3.2839705565442245,3.313207938326228
boro,Habiganj,2012-13,2013,3.387,3.2167424242424243,3.723333333333333,3.2311661195635875,3.2444701404335623
boro,Bandarban,2012-13,2013,2.991,2.9533787878787874,3.6908333333333334,2.9097416167348724,3.039066154565735
boro,Chittagong,2012-13,2013,3.745,3.1738333333333335,3.7350833333333333,3.1478647786984646,3.2580771907934016
boro,Cox's Bazar,2012-13,2013,3.426,3.385727272727273,3.9285,3.4877130035859527,3.5163402833043875
boro,Comilla,2012-13,2013,3.974,3.6319848484848474,4.030916666666667,3.5892752456379107,3.6591570793923296
boro,Chandpur,2012-13,2013,3.578,3.500469696969697,3.6960833333333336,3.384243706342019,3.4849572439409533
boro,Faridpur,2012-13,2013,4.513,3.9889242424242415,4.349833333333334,3.960579139442982,3.9813990010306766
boro,Rajbari,2012-13,2013,4.095,4.061757575757577,4.282666666666667,3.884875388523606,4.04591299559946
boro,Noakhali,2012-13,2013,3.968,4.322287878787879,4.667833333333333,4.170775999271175,4.314656340093637
boro,Lakshmipur,2012-13,2013,4.057,4.110378787878789,3.8495833333333334,3.9995913600544184,4.0751740239359036
boro,Feni,2012-13,2013,3.667,3.624833333333334,3.5843333333333334,3.584778097066559,3.644970703705244
boro,Rangamati,2012-13,2013,3.472,3.8914242424242422,4.103833333333333,3.9341762704993695,3.9797794093890526
boro,Sylhet,2012-13,2013,3.048,2.7120606060606063,3.0988333333333333,2.720010323014741,2.791934471596228
boro,Maulvibazar,2012-13,2013,2.908,2.8194848484848465,3.6994166666666666,2.783492988770255,2.8386768172518058
boro,Netrakona,2012-13,2013,4.305,3.9097121212121206,4.156166666666667,3.8315771934208835,3.9181962468064437
boro,Mymensingh,2012-13,2013,3.572,4.020075757575758,4.078416666666667,3.8658549429641287,3.998133239537857
boro,Dhaka,2012-13,2013,4.021,4.324045454545455,4.51425,4.346020679697738,4.317172017585604
boro,Gazipur,2012-13,2013,3.971,3.7501060606060594,4.1258333333333335,3.7651758189378546,3.738902252360456
boro,Manikganj,2012-13,2013,4.25,4.2488939393939384,4.660666666666667,4.159481785874613,4.230931122458672
boro,Munshiganj,2012-13,2013,3.941,4.1256969696969685,4.198333333333333,3.944015333900659,4.096759591868927
boro,Narayanganj,2012-13,2013,4.008,3.7868030303030307,4.072666666666667,3.7913335275933115,3.7749650686205505
boro,Narsingdi,2012-13,2013,4.239,3.6999545454545455,3.90075,3.677475567864086,3.6959213914645677
boro,Madaripur,2012-13,2013,4.143,4.197060606060606,4.324583333333333,4.072301933668076,4.175038518603837
boro,Gopalganj,2012-13,2013,4.66,4.422969696969696,4.931333333333334,4.412300430969482,4.420910411471544
boro,Shariatpur,2012-13,2013,4.171,4.128712121212122,4.402666666666667,3.9604508541296584,4.093131350763073
boro,Jamalpur,2012-13,2013,4.207,3.9194242424242423,4.027083333333334,3.8994803426588893,3.920482710834014
boro,Sherpur,2012-13,2013,3.96,3.8763181818181827,4.19175,3.768981560561898,3.889769953940404
boro,Kishoreganj,2012-13,2013,4.186,4.154606060606061,4.238583333333334,4.1698671487226555,4.171775788225112
boro,Tangail,2012-13,2013,4.024,4.212681818181819,4.2860000000000005,4.1705999896699995,4.221133184288205
boro,Patuakhali,2012-13,2013,2.466,1.761787878787878,2.6510833333333332,1.6376374621951526,1.7652026700912034
boro,Pirojpur,2012-13,2013,3.161,4.048196969696969,4.147333333333333,4.016337067665337,4.054623607495874
boro,Sirajganj,2012-13,2013,4.157,4.295151515151515,4.388333333333333,4.2819654639125515,4.29612150246068
boro,Thakurgaon,2012-13,2013,3.483,4.035818181818179,4.04025,3.8324204051866757,4.045211833872022
boro,Meherpur,2012-13,2013,4.299,4.349348484848484,4.0914166666666665,4.322578037136284,4.379065710211071
boro,Naogaon,2012-13,2013,4.21,4.3393333333333315,4.431333333333334,4.315904021411838,4.363202827692124
boro,Nilphamari,2012-13,2013,3.928,4.23210606060606,4.3380833333333335,4.2339429471559,4.256668366216627
boro,Pabna,2012-13,2013,4.224,3.602121212121213,4.085666666666667,3.5941451666133837,3.590258549457789
boro,Panchagarh,2012-13,2013,3.982,4.207166666666666,4.2091666666666665,4.177856740034506,4.255638532318668
boro,Jhalokati,2012-13,2013,3.323,4.302893939393938,3.8469166666666665,4.155903114755289,4.296800322569295
boro,Jhenaidah,2012-13,2013,4.143,4.585378787878788,4.428583333333333,4.5517358855003245,4.610989413638301
boro,Rajshahi,2012-13,2013,4.053,3.986030303030303,4.110916666666667,3.8770851074173636,3.9999351748632868
boro,Rangpur,2012-13,2013,4.066,4.201090909090909,4.42675,4.058333893565637,4.1728371815539935
boro,Satkhira,2012-13,2013,3.735,4.2319848484848475,4.029416666666667,4.2698446550069855,4.220333232084844
boro,Kushtia,2012-13,2013,4.306,4.065045454545454,4.1785,3.892923621668038,4.077075315067852
boro,Lalmonirhat,2012-13,2013,4.091,4.016545454545454,4.128,3.8610799280228227,4.029145782891122
boro,Magura,2012-13,2013,3.727,4.150030303030302,4.066166666666667,4.123582891368495,4.158593821107011
boro,Barguna,2012-13,2013,3.041,2.509045454545455,3.1,2.4203877096886877,2.6024719192053682
boro,Barisal,2012-13,2013,3.975,3.4927575757575755,3.9141666666666666,3.3323313229877316,3.4643307096381215
boro,Narail,2012-13,2013,4.169,3.7975000000000008,4.2835,3.6552498930251045,3.7683790376481325
boro,Natore,2012-13,2013,4.259,4.821530303030302,4.5464166666666666,4.701167690353832,4.818290179431437
boro,Nawabganj,2012-13,2013,3.927,3.5516666666666654,4.156916666666667,3.3497443162877985,3.5580846269906035
boro,Dinajpur,2012-13,2013,4.045,4.233848484848485,4.171666666666667,4.203826700859374,4.258006304932245
boro,Gaibandha,2012-13,2013,4.075,3.981348484848485,4.070666666666667,3.9359255816123904,3.964215068166074
boro,Jessore,2012-13,2013,4.175,4.3970757575757595,4.496666666666667,4.4208981985041484,4.385427353047755
boro,Joypurhat,2012-13,2013,4.394,4.433439393939395,4.134916666666666,4.393562793258862,4.431646235679031
boro,Khulna,2012-13,2013,3.695,3.7485303030303023,4.104166666666667,3.6648933984564285,3.7328144567176524
boro,Kurigram,2012-13,2013,4.225,4.286712121212121,4.219416666666667,4.243947719845687,4.2892733685205195
boro,Bagerhat,2012-13,2013,3.748,3.9284999999999983,4.38825,3.836616522885049,3.925197082867319
boro,Bhola,2012-13,2013,3.668,2.876939393939395,3.7421666666666664,2.7158022451049684,2.8735242514351005
boro,Bogra,2012-13,2013,3.969,4.117287878787879,3.9908333333333332,3.9246570030160215,4.081899256335272
boro,Chuadanga,2012-13,2013,3.801,4.014848484848486,4.0056666666666665,4.004339408875364,4.036020117465402
boro,Bogra,2013-14,2014,5.105,3.7775244755244772,3.8961666666666663,3.8133358104818313,3.783962720245997
boro,Bhola,2013-14,2014,2.883,3.288104895104896,3.8075833333333335,3.317483441241989,3.297821454599259
boro,Barisal,2013-14,2014,3.493,3.7235874125874138,3.954333333333333,3.7354699864847403,3.732627600344141
boro,Bagerhat,2013-14,2014,4.093,3.9181188811188816,4.3595,3.9521395465610394,3.928520813071406
boro,Dinajpur,2013-14,2014,4.771,4.017069930069931,4.111166666666667,3.9760489649169988,4.022434781425188
boro,Dhaka,2013-14,2014,4.257,4.286328671328673,4.494583333333334,4.306033772027513,4.296456610675901
boro,Cox's Bazar,2013-14,2014,3.551,3.459321678321679,3.9180833333333336,3.5126739906260074,3.4685278086786666
boro,Chittagong,2013-14,2014,3.37,3.4059720279720285,3.7663333333333333,3.380037005285281,3.4146511033311953
boro,Chandpur,2013-14,2014,3.274,3.624391608391608,3.7214166666666664,3.640548842170568,3.635482993555172
boro,Brahamanbaria,2013-14,2014,3.766,3.8403146853146835,4.072500000000001,3.9119338743710217,3.8519470267304285
boro,Jessore,2013-14,2014,4.925,4.204265734265736,4.434166666666667,4.200158048919608,4.214464034355779
boro,Jamalpur,2013-14,2014,3.937,4.024195804195804,4.0495833333333335,4.048093464490063,4.030372908430896
boro,Habiganj,2013-14,2014,3.267,3.3546153846153857,3.733333333333333,3.3581523873871775,3.360390149289693
boro,Barguna,2013-14,2014,1.895,2.9559020979020985,3.1954999999999996,3.0281878658384733,2.9654726918944343
boro,Bandarban,2013-14,2014,2.995,3.0980000000000008,3.6905,3.0185940608611594,3.109387658589251
boro,Gaibandha,2013-14,2014,4.842,3.792930069930071,4.00675,3.77341377509,3.799476140081098
boro,Feni,2013-14,2014,3.663,3.619468531468532,3.5846666666666667,3.6900117427103383,3.631789790228822
boro,Faridpur,2013-14,2014,4.318,4.131097902097902,4.366083333333333,4.123982502094448,4.140648839771995
boro,Kushtia,2013-14,2014,4.846,3.948412587412588,4.1335,3.8716342642710964,3.9565813459040564
boro,Kurigram,2013-14,2014,4.828,4.106923076923078,4.1691666666666665,4.116912077329991,4.112259815997038
boro,Kishoreganj,2013-14,2014,4.049,4.20951048951049,4.25,4.1848897407483925,4.2140208694505645
boro,Comilla,2013-14,2014,3.829,3.761601398601401,4.043,3.8356795190977184,3.774032601711501
boro,Chuadanga,2013-14,2014,4.807,3.7312097902097916,3.9218333333333333,3.7815152401826015,3.7381993201080075
boro,Joypurhat,2013-14,2014,4.927,4.228244755244757,4.0905,4.18062589215741,4.232995592101911
boro,Jhenaidah,2013-14,2014,5.279,4.22939160839161,4.333916666666666,4.2011428561239805,4.238996051765553
boro,Jhalokati,2013-14,2014,5.068,3.7034405594405593,3.7015,3.7229648641496333,3.7133612496580715
boro,Munshiganj,2013-14,2014,4.037,4.107279720279721,4.190333333333333,4.085484635901386,4.117662062882198
boro,Meherpur,2013-14,2014,4.914,4.129356643356645,4.040166666666667,4.051807499030812,4.1345830840674616
boro,Maulvibazar,2013-14,2014,3.07,2.950692307692308,3.685916666666667,2.945043805382295,2.958525538148059
boro,Gopalganj,2013-14,2014,4.582,4.55206993006993,4.937833333333333,4.553798587094402,4.561720244213008
boro,Gazipur,2013-14,2014,3.773,3.8853986013986024,4.142333333333333,3.861939832175701,3.8933625128270473
boro,Madaripur,2013-14,2014,4.065,4.2414125874125865,4.331083333333333,4.275862218957431,4.251675862954017
boro,Lalmonirhat,2013-14,2014,4.483,3.934062937062938,4.0953333333333335,3.9114340624207946,3.941273286874187
boro,Lakshmipur,2013-14,2014,4.144,4.03372027972028,3.842333333333333,4.049552410102091,4.043369127229824
boro,Netrakona,2013-14,2014,4.049,4.041608391608394,4.1775,4.034796875544656,4.051130709224959
boro,Nawabganj,2013-14,2014,4.109,3.633664335664336,4.14175,3.6370939320726583,3.6339840223214384
boro,Natore,2013-14,2014,5.253,4.476902097902101,4.463583333333333,4.514295401621313,4.48110060617525
boro,Khulna,2013-14,2014,3.847,3.774839160839162,4.0915,3.811813323889104,3.7848589754175257
boro,Khagrachhari,2013-14,2014,3.343,3.2636433566433563,3.5853333333333333,3.2457882387559693,3.274655901622424
boro,Narail,2013-14,2014,3.715,4.029468531468534,4.3213333333333335,4.00401456487324,4.0394830212457755
boro,Naogaon,2013-14,2014,5.239,4.072188811188812,4.345583333333333,4.119016500505014,4.075264102188053
boro,Mymensingh,2013-14,2014,4.111,3.868832167832169,4.0335,3.838807232031193,3.8766455242977336
boro,Rajshahi,2013-14,2014,4.136,3.9901888111888115,4.104,3.888456188511743,3.9914742254045694
boro,Rajbari,2013-14,2014,4.125,4.097993006993006,4.280166666666667,4.093714863719932,4.107516069490226
boro,Pirojpur,2013-14,2014,4.78,3.5950419580419584,4.012416666666667,3.677731617106591,3.6060856361122497
boro,Manikganj,2013-14,2014,4.33,4.3077412587412605,4.654,4.29902512755779,4.315769831775172
boro,Magura,2013-14,2014,5.039,3.7609999999999992,3.9568333333333334,3.7573054605923226,3.770910449243668
boro,Pabna,2013-14,2014,3.404,3.942181818181819,4.154,3.898274665631675,3.947325031822934
boro,Noakhali,2013-14,2014,4.199,4.314559440559441,4.648583333333334,4.346101739483368,4.323391201653589
boro,Nilphamari,2013-14,2014,4.398,4.114041958041957,4.298916666666667,4.031117094314951,4.122828053413279
boro,Sylhet,2013-14,2014,2.891,2.842356643356643,3.111916666666666,2.7919722176409927,2.8531950527701575
boro,Sunamganj,2013-14,2014,3.488,3.3607762237762255,3.874083333333333,3.366032219874787,3.369845402050062
boro,Sirajganj,2013-14,2014,4.793,4.135111888111889,4.335333333333334,4.1021395010402,4.140034049881279
boro,Narsingdi,2013-14,2014,3.831,3.869391608391609,3.9347499999999997,3.90625741447119,3.8785740656883094
boro,Narayanganj,2013-14,2014,4.203,3.7973286713286725,4.056416666666666,3.837691990238945,3.808196599091702
boro,Tangail,2013-14,2014,4.192,4.174622377622376,4.272,4.178322246574915,4.179785487152446
boro,Sherpur,2013-14,2014,4.058,3.91427972027972,4.183583333333334,3.971308188879732,3.921282945166615
boro,Shariatpur,2013-14,2014,4.295,4.150013986013988,4.392333333333333,4.2239120476556975,4.16083540782168
boro,Satkhira,2013-14,2014,4.956,3.8419440559440554,3.9276666666666666,3.798502383147226,3.853606879975789
boro,Rangpur,2013-14,2014,3.999,4.2588251748251755,4.432333333333333,4.244166746128033,4.265589300711598
boro,Rangamati,2013-14,2014,4.034,3.765076923076924,4.0569999999999995,3.7688879476647776,3.7761100349647223
boro,Patuakhali,2013-14,2014,1.592,2.1989020979020975,2.7239166666666663,2.2325111346241617,2.208894954932359
boro,Panchagarh,2013-14,2014,4.808,3.9744125874125893,4.140333333333333,3.9488115116619937,3.9814827214628403
boro,Thakurgaon,2013-14,2014,4.537,3.7299020979020976,3.9524166666666667,3.608298525506785,3.735693516867004
boro,Thakurgaon,2014-15,2015,3.928,3.9205263157894756,4.003166666666666,3.9357194806652744,3.8883412625860725
boro,Tangail,2014-15,2015,4.307,4.1739078947368435,4.262416666666667,4.120888739236259,4.15351291874251
boro,Sylhet,2014-15,2015,2.925,2.896513157894737,3.109083333333333,2.9861260166999064,2.965558365648998
boro,Shariatpur,2014-15,2015,4.334,4.199697368421053,4.389083333333334,4.11155122203428,4.23145928268856
boro,Satkhira,2014-15,2015,3.923,4.094092105263159,4.01375,4.039711152517232,4.0897594938908695
boro,Rangpur,2014-15,2015,4.478,4.195802631578949,4.392416666666667,4.0909069435117535,4.137838123951204
boro,Rangamati,2014-15,2015,3.933,3.856618421052632,4.065416666666667,3.945976199400496,3.904601234230316
boro,Rajshahi,2014-15,2015,4.124,4.021552631578948,4.1049999999999995,3.942590247931951,3.946959005140592
boro,Panchagarh,2014-15,2015,4.087,4.175328947368423,4.2004166666666665,4.114144436403039,4.144505120692761
boro,Pabna,2014-15,2015,4.0,3.8572105263157908,4.104333333333334,3.731168152697053,3.8122647674367833
boro,Noakhali,2014-15,2015,4.388,4.348052631578948,4.632833333333333,4.350585015835904,4.3782463686518085
boro,Nilphamari,2014-15,2015,4.372,4.167513157894738,4.301083333333334,4.093175760764918,4.127217750674905
boro,Netrakona,2014-15,2015,3.954,4.090592105263157,4.185416666666667,4.049361912441811,4.101480104400856
boro,Sunamganj,2014-15,2015,3.611,3.4533157894736854,3.8638333333333335,3.4691985120116007,3.4866996883406944
boro,Sirajganj,2014-15,2015,4.249,4.30405263157895,4.3806666666666665,4.20424548361238,4.252683596531819
boro,Sherpur,2014-15,2015,3.913,4.00621052631579,4.195666666666667,3.931894836783797,3.975084204816362
boro,Narayanganj,2014-15,2015,3.806,3.9436315789473677,4.0895,3.971525872482598,3.958916848412249
boro,Narail,2014-15,2015,3.999,4.029657894736844,4.297666666666667,3.8499755673693277,3.997607195078713
boro,Naogaon,2014-15,2015,4.164,4.3755000000000015,4.4351666666666665,4.32793638763169,4.27881416751456
boro,Mymensingh,2014-15,2015,4.075,3.91871052631579,4.0365,3.9676249658617033,3.904292363629918
boro,Munshiganj,2014-15,2015,4.213,4.089052631578948,4.175666666666666,4.082301465652961,4.1045098288041615
boro,Rajbari,2014-15,2015,4.256,4.113118421052633,4.26925,4.041971091784618,4.087565882382977
boro,Pirojpur,2014-15,2015,3.767,3.918421052631579,4.0968333333333335,3.8264001631895224,3.92777189537333
boro,Patuakhali,2014-15,2015,2.246,2.1699078947368435,2.6694166666666668,2.279942673825127,2.2193514212375485
boro,Magura,2014-15,2015,3.909,4.0609473684210515,4.051,3.9275721518345947,4.038068440524228
boro,Madaripur,2014-15,2015,4.231,4.223828947368421,4.3172500000000005,4.0815564746219,4.236425273693155
boro,Lalmonirhat,2014-15,2015,4.027,4.074157894736843,4.133333333333334,3.941578129690803,4.043033834277772
boro,Lakshmipur,2014-15,2015,3.786,4.0649736842105275,3.8721666666666668,3.994254562193949,4.107321562364273
boro,Kushtia,2014-15,2015,3.888,4.202026315789474,4.213333333333334,4.050877967999551,4.161050873485599
boro,Nawabganj,2014-15,2015,3.734,3.8325000000000022,4.173,3.716339945025842,3.741334024360284
boro,Natore,2014-15,2015,4.588,4.62563157894737,4.519,4.630818939523174,4.584295693117585
boro,Narsingdi,2014-15,2015,3.876,3.8739473684210544,3.9309999999999996,3.926905801766795,3.8791691936304282
boro,Khagrachhari,2014-15,2015,3.396,3.3263815789473696,3.580916666666667,3.3313354104759667,3.367156518668036
boro,Joypurhat,2014-15,2015,4.091,4.381184210526316,4.160166666666666,4.358139015330112,4.306736108221958
boro,Jhenaidah,2014-15,2015,4.236,4.485973684210528,4.420833333333333,4.5232012279742495,4.465211899579321
boro,Jhalokati,2014-15,2015,3.839,3.9814868421052627,3.8039166666666664,3.808507249854299,3.9802432784099584
boro,Jessore,2014-15,2015,4.206,4.415960526315792,4.494083333333333,4.2849769947362395,4.3823754920845275
boro,Meherpur,2014-15,2015,4.276,4.256210526315791,4.093333333333334,4.346297085672674,4.212296015484081
boro,Maulvibazar,2014-15,2015,3.266,3.0776710526315783,3.669583333333333,3.130345574716116,3.1619292166452744
boro,Manikganj,2014-15,2015,4.545,4.342434210526315,4.636083333333334,4.269519939407127,4.337904730648515
boro,Gazipur,2014-15,2015,3.83,3.927986842105264,4.137583333333334,3.985525551589122,3.923210261325158
boro,Gaibandha,2014-15,2015,3.867,4.060236842105264,4.088,4.017170690869837,3.9757972989073247
boro,Feni,2014-15,2015,3.541,3.637,3.5948333333333333,3.68427457867233,3.6770554032310963
boro,Faridpur,2014-15,2015,4.089,4.233157894736845,4.385166666666667,4.1730952584731575,4.243740760366647
boro,Dinajpur,2014-15,2015,4.108,4.188565789473687,4.166416666666667,4.152990741811396,4.106262651225457
boro,Kurigram,2014-15,2015,4.122,4.278999999999999,4.228000000000001,4.241497560248972,4.251999040860116
boro,Kishoreganj,2014-15,2015,4.197,4.185026315789477,4.237666666666667,4.204206155323831,4.205819742501937
boro,Khulna,2014-15,2015,3.726,3.8706184210526318,4.101583333333333,3.804839489331583,3.863069794488973
boro,Chuadanga,2014-15,2015,3.751,4.010078947368421,4.009833333333334,3.99315412068485,3.965868354244383
boro,Chittagong,2014-15,2015,3.476,3.4637631578947374,3.7575,3.493583623907506,3.484967265599618
boro,Chandpur,2014-15,2015,3.443,3.603263157894737,3.707333333333333,3.577777714213299,3.6130962117651912
boro,Brahamanbaria,2014-15,2015,3.839,3.8752763157894745,4.066416666666666,3.891533196570253,3.9024402832831617
boro,Bogra,2014-15,2015,3.621,4.131578947368423,4.019833333333334,4.101569802357119,4.092493826399436
boro,Jamalpur,2014-15,2015,3.854,4.043894736842106,4.0565,4.036090223008253,3.998714551483488
boro,Habiganj,2014-15,2015,3.6,3.3703026315789475,3.7055833333333332,3.340158748204049,3.3931260496119497
boro,Gopalganj,2014-15,2015,4.573,4.639907894736843,4.938583333333333,4.50325657704774,4.631361243471833
boro,Bandarban,2014-15,2015,3.338,3.158565789473686,3.6619166666666665,3.12907893087919,3.223132610082975
boro,Bagerhat,2014-15,2015,3.894,4.059565789473686,4.376083333333333,3.9481567880830966,4.06670731922004
boro,Dhaka,2014-15,2015,4.388,4.305736842105264,4.483666666666667,4.327903500812828,4.3157835969052485
boro,Cox's Bazar,2014-15,2015,3.394,3.594131578947369,3.9311666666666665,3.482288440906325,3.629751202494694
boro,Comilla,2014-15,2015,3.636,3.8636710526315805,4.059083333333334,3.841739368053385,3.8963006702989933
boro,Bhola,2014-15,2015,3.083,3.3528026315789474,3.7909166666666665,3.376574665343129,3.3918619938477406
boro,Barisal,2014-15,2015,3.592,3.748986842105264,3.9460833333333336,3.6692983488357886,3.7648839068180204
boro,Barguna,2014-15,2015,2.895,2.7835789473684214,3.1121666666666665,2.8022898301560613,2.8298624081310217
boro,Rangpur,2015-16,2016,4.412,4.262610062893082,4.397916666666666,4.245843669381172,4.197607794253891
boro,Rangamati,2015-16,2016,3.887,3.919867924528303,4.069249999999999,3.8521846137936526,3.907175720625223
boro,Thakurgaon,2015-16,2016,3.913,3.9446666666666688,4.004416666666667,4.087548625487262,3.9425777317379618
boro,Tangail,2015-16,2016,4.319,4.198062893081762,4.261416666666666,4.163897714278456,4.111168550288786
boro,Rajshahi,2015-16,2016,4.059,4.054930817610063,4.110416666666667,4.149090086828152,4.026358412026638
boro,Panchagarh,2015-16,2016,4.0,4.192874213836479,4.207666666666666,4.161468299954456,4.158382389042953
boro,Pabna,2015-16,2016,3.974,3.9289433962264173,4.1065,3.894295807892798,3.8551981129150406
boro,Noakhali,2015-16,2016,4.542,4.401754716981132,4.62,4.34479008121682,4.380332731367788
boro,Nilphamari,2015-16,2016,4.344,4.210704402515724,4.303416666666666,4.180684091682353,4.181250049882308
boro,Sylhet,2015-16,2016,2.881,2.95956603773585,3.11275,2.9413188459919493,2.948149920471593
boro,Shariatpur,2015-16,2016,4.166,4.276559748427675,4.403083333333334,4.246304170922292,4.206334151117099
boro,Satkhira,2015-16,2016,3.872,4.07701886792453,4.018,4.052926399661734,3.996554704536446
boro,Netrakona,2015-16,2016,4.023,4.103081761006291,4.179666666666667,4.05021831460409,4.011813667992883
boro,Sunamganj,2015-16,2016,3.619,3.563572327044025,3.8631666666666664,3.486411602400979,3.5496897955095674
boro,Sirajganj,2015-16,2016,4.22,4.327446540880503,4.383083333333333,4.336519059400721,4.245252067446505
boro,Sherpur,2015-16,2016,3.992,4.043069182389939,4.1890833333333335,4.023225977912572,3.971979264348245
boro,Narayanganj,2015-16,2016,3.7,3.9948993710691827,4.098333333333334,3.9749648259576422,3.9046788015914737
boro,Narail,2015-16,2016,3.896,4.114773584905661,4.3062499999999995,4.125934832873569,4.069790488528887
boro,Naogaon,2015-16,2016,4.117,4.394069182389938,4.4390833333333335,4.508054392807749,4.344823616431703
boro,Mymensingh,2015-16,2016,4.068,3.9537861635220133,4.037083333333333,3.9187093612638684,3.851590360597961
boro,Munshiganj,2015-16,2016,4.177,4.1194779874213845,4.1786666666666665,4.074352435093343,4.082269556858689
boro,Rajbari,2015-16,2016,4.224,4.1616855345911965,4.271916666666667,4.138029985587046,4.11413256538696
boro,Pirojpur,2015-16,2016,3.592,3.9880062893081774,4.111416666666667,3.971076108321023,3.913449511055688
boro,Patuakhali,2015-16,2016,2.083,2.3268679245283024,2.683,2.3421529175192197,2.236857686518069
boro,Magura,2015-16,2016,3.669,4.090169811320756,4.071,4.127602071722942,4.070360170083797
boro,Madaripur,2015-16,2016,4.303,4.238226415094341,4.31125,4.276235486594019,4.17636228080323
boro,Lalmonirhat,2015-16,2016,3.958,4.098880503144653,4.139083333333334,4.086980573447673,4.086937578166388
boro,Lakshmipur,2015-16,2016,3.85,3.9995220125786175,3.8668333333333336,3.9583175912050876,3.881964720715616
boro,Kushtia,2015-16,2016,3.685,4.228452830188681,4.23025,4.305163804480431,4.223831336732475
boro,Nawabganj,2015-16,2016,3.697,3.9259371069182385,4.176083333333334,4.03822210679538,3.8720986027408064
boro,Natore,2015-16,2016,4.531,4.6049999999999995,4.52375,4.600613115796061,4.529632037707871
boro,Narsingdi,2015-16,2016,3.729,3.9103207547169814,3.9432500000000004,3.8873492999355705,3.83768380489127
boro,Khagrachhari,2015-16,2016,3.224,3.419811320754717,3.59525,3.3712712464805676,3.40004169434397
boro,Joypurhat,2015-16,2016,4.298,4.287383647798742,4.142916666666666,4.263412286247497,4.208225301878272
boro,Jhenaidah,2015-16,2016,4.18,4.472150943396227,4.4255,4.473308874635438,4.435550477945082
boro,Jhalokati,2015-16,2016,3.848,3.930591194968554,3.8031666666666664,3.9154268120315656,3.8465698244431628
boro,Jessore,2015-16,2016,4.177,4.436830188679245,4.4965,4.450542524283019,4.389385394578311
boro,Meherpur,2015-16,2016,4.016,4.251169811320754,4.115,4.288499673527484,4.251508459493436
boro,Maulvibazar,2015-16,2016,3.491,3.2050314465408807,3.6508333333333334,3.126244607479069,3.1940127169361276
boro,Manikganj,2015-16,2016,4.378,4.447981132075472,4.6499999999999995,4.460957871687678,4.406416848502156
boro,Gazipur,2015-16,2016,3.962,3.9624088050314468,4.1265833333333335,3.965905660649506,3.922447528804514
boro,Gaibandha,2015-16,2016,3.828,4.06956603773585,4.09125,4.066241627873182,3.9863984142357483
boro,Feni,2015-16,2016,3.563,3.6208679245283024,3.593,3.555418133869766,3.5801394528810038
boro,Faridpur,2015-16,2016,4.065,4.274062893081763,4.387166666666666,4.259106163167826,4.212070469331757
boro,Dinajpur,2015-16,2016,4.09,4.183798742138365,4.167916666666667,4.291056560676764,4.160405342219461
boro,Kurigram,2015-16,2016,4.141,4.259817610062893,4.226416666666666,4.276591388582908,4.225706580765894
boro,Kishoreganj,2015-16,2016,4.145,4.20667924528302,4.242,4.124788776560816,4.154473562724185
boro,Khulna,2015-16,2016,3.585,3.9492955974842783,4.113333333333333,3.942563992961865,3.8682532588364795
boro,Chuadanga,2015-16,2016,3.794,3.998905660377359,4.0062500000000005,4.058359149019007,4.002903591981265
boro,Chittagong,2015-16,2016,3.423,3.5492515723270444,3.7619166666666666,3.487343114826596,3.4992539181382116
boro,Chandpur,2015-16,2016,3.413,3.6320691823899383,3.7098333333333335,3.6167619340530655,3.5364925302848724
boro,Brahamanbaria,2015-16,2016,3.901,3.9161132075471703,4.06125,3.8676868664753723,3.844915135221197
boro,Bogra,2015-16,2016,3.743,4.074779874213838,4.009666666666667,4.05876777882827,3.98541382397625
boro,Jamalpur,2015-16,2016,4.083,4.010515723270442,4.037416666666666,4.0097788970297765,3.9241262130310397
boro,Habiganj,2015-16,2016,3.57,3.4675408805031456,3.708083333333333,3.387089746633707,3.409907457439724
boro,Gopalganj,2015-16,2016,4.615,4.711465408805032,4.935083333333333,4.703960689784341,4.624411850978706
boro,Bandarban,2015-16,2016,3.399,3.286088050314465,3.656833333333333,3.2577992190723104,3.2898513281959563
boro,Bagerhat,2015-16,2016,3.957,4.13093710691824,4.370833333333334,4.1000929418926795,4.069323309557379
boro,Dhaka,2015-16,2016,4.444,4.346188679245285,4.479,4.351468013116175,4.289435741503831
boro,Cox's Bazar,2015-16,2016,3.479,3.6670880503144656,3.9240833333333334,3.596491229100342,3.6348601544613452
boro,Comilla,2015-16,2016,3.661,3.9073773584905664,4.0569999999999995,3.9046682850948615,3.8331844380411804
boro,Bhola,2015-16,2016,3.223,3.443188679245284,3.7792499999999998,3.4530101164546108,3.349405784564822
boro,Barisal,2015-16,2016,3.695,3.783188679245284,3.9375,3.7816608307950803,3.6842935324475286
boro,Barguna,2015-16,2016,2.987,2.8591698113207547,3.1045,2.822352970857322,2.7680767407741578
boro,Tangail,2016-17,2017,4.175,4.236975609756098,4.273416666666667,4.30069923520495,4.251971805155281
boro,Thakurgaon,2016-17,2017,4.221,3.9308780487804884,3.9787500000000002,4.014544146289216,3.9498499246651657
boro,Nilphamari,2016-17,2017,4.207,4.259024390243904,4.3148333333333335,4.316775532834746,4.249298041180983
boro,Rangamati,2016-17,2017,4.151,3.9414999999999996,4.04725,4.09619669113169,3.9129822685374793
boro,Rangpur,2016-17,2017,4.26,4.327317073170732,4.410583333333333,4.349326180624087,4.369788610691791
boro,Satkhira,2016-17,2017,3.941,4.046792682926831,4.01225,4.109948435261469,4.176970744111601
boro,Mymensingh,2016-17,2017,4.075,3.9828536585365866,4.0365,4.031172569760458,3.95871249369811
boro,Sirajganj,2016-17,2017,4.106,4.357646341463416,4.3925833333333335,4.396989706230222,4.374218959599953
boro,Sunamganj,2016-17,2017,3.613,3.667207317073173,3.8636666666666666,3.6916135295677908,3.5439990383459947
boro,Netrakona,2016-17,2017,4.001,4.130670731707318,4.1815,4.16878882816618,4.058671261117328
boro,Lakshmipur,2016-17,2017,3.824,3.955243902439025,3.8689999999999998,3.977910929679659,3.941087523843968
boro,Noakhali,2016-17,2017,4.509,4.48160975609756,4.62275,4.517451160526815,4.457895312328144
boro,Pabna,2016-17,2017,3.987,3.9886951219512214,4.105416666666667,3.943096210252196,4.052098800107072
boro,Panchagarh,2016-17,2017,4.091,4.185585365853661,4.200083333333333,4.269315511596053,4.15315928407347
boro,Rajshahi,2016-17,2017,4.087,4.070853658536586,4.108083333333333,4.064834171373785,4.112371500020053
boro,Pirojpur,2016-17,2017,3.967,3.9841585365853676,4.080166666666667,4.045048888897464,4.12219823387474
boro,Rajbari,2016-17,2017,4.302,4.191524390243903,4.265416666666667,4.224109799541401,4.263208188286879
boro,Munshiganj,2016-17,2017,4.194,4.138524390243902,4.17725,4.226839435980514,4.1340605012001195
boro,Jhalokati,2016-17,2017,3.869,3.883768292682928,3.8014166666666664,3.994707803404801,4.003235086317638
boro,Naogaon,2016-17,2017,4.112,4.406609756097561,4.4395,4.404370044236162,4.441587987618615
boro,Narail,2016-17,2017,4.13,4.1518048780487815,4.2867500000000005,4.205236807908178,4.222765105459847
boro,Narayanganj,2016-17,2017,3.955,3.998634146341463,4.077083333333333,4.086003184733244,3.9893625456719657
boro,Sherpur,2016-17,2017,4.066,4.08418292682927,4.182916666666666,4.108584551859531,4.034313180529162
boro,Natore,2016-17,2017,4.606,4.568121951219513,4.5175,4.600860299939195,4.595603658723544
boro,Nawabganj,2016-17,2017,3.807,3.99648780487805,4.166916666666666,4.081757160758787,4.029661260098016
boro,Kushtia,2016-17,2017,3.993,4.188634146341464,4.204583333333333,4.194147355394881,4.250577515674377
boro,Faridpur,2016-17,2017,4.164,4.299268292682928,4.378916666666667,4.3473594091939205,4.375654870741016
boro,Lalmonirhat,2016-17,2017,4.121,4.093,4.1255,4.174935043202133,4.14061206363196
boro,Madaripur,2016-17,2017,4.478,4.244743902439026,4.296666666666667,4.301683197714313,4.311451237916334
boro,Magura,2016-17,2017,4.1,4.03118292682927,4.035083333333334,4.057157471373022,4.132561276040798
boro,Patuakhali,2016-17,2017,2.65,2.383268292682927,2.63575,2.401908199596549,2.3689395834311173
boro,Maulvibazar,2016-17,2017,3.37,3.3740243902439033,3.6609166666666666,3.4228293081752064,3.3486730592315577
boro,Meherpur,2016-17,2017,3.976,4.206195121951221,4.118333333333333,4.199554177239973,4.270138997063466
boro,Jessore,2016-17,2017,4.402,4.4293414634146355,4.4777499999999995,4.474266186998638,4.511857732441779
boro,Brahamanbaria,2016-17,2017,3.917,3.9637317073170735,4.059916666666667,4.028824889677729,3.925855081330114
boro,Jhenaidah,2016-17,2017,4.315,4.437841463414635,4.41425,4.462633295939775,4.516265643286921
boro,Joypurhat,2016-17,2017,4.318,4.23598780487805,4.14125,4.27009388740548,4.24486152708874
boro,Khagrachhari,2016-17,2017,3.348,3.463719512195123,3.5849166666666665,3.5358623213852733,3.4311584843716725
boro,Narsingdi,2016-17,2017,3.732,3.919024390243903,3.943,3.9888438415971548,3.917649877611099
boro,Kishoreganj,2016-17,2017,4.33,4.197682926829269,4.226583333333333,4.2617479419906745,4.1377598700103295
boro,Kurigram,2016-17,2017,4.003,4.262109756097563,4.237916666666667,4.263195297912337,4.2437129827318145
boro,Dinajpur,2016-17,2017,4.007,4.186341463414635,4.174833333333333,4.256321189719546,4.232152305090134
boro,Bagerhat,2016-17,2017,4.154,4.1891097560975625,4.354416666666666,4.2694466575857435,4.31768701763494
boro,Feni,2016-17,2017,3.708,3.5947317073170733,3.5809166666666665,3.6679718733903326,3.536328526162006
boro,Gaibandha,2016-17,2017,3.839,4.072817073170731,4.090333333333334,4.065716016905364,4.124139754887933
boro,Gazipur,2016-17,2017,3.964,4.018243902439027,4.126416666666667,4.107917369154523,4.021880974813982
boro,Manikganj,2016-17,2017,4.561,4.496024390243904,4.6347499999999995,4.5838332581146695,4.546877832471167
boro,Bogra,2016-17,2017,3.876,4.0339024390243905,3.998583333333333,4.0687831721416945,4.04818068437017
boro,Comilla,2016-17,2017,3.676,3.9538170731707334,4.05575,4.029487015983235,3.9443001493973
boro,Cox's Bazar,2016-17,2017,3.889,3.707548780487805,3.8899166666666667,3.5974823987958606,3.6387423119016056
boro,Dhaka,2016-17,2017,4.537,4.382524390243903,4.47125,4.4228655960596726,4.439485042430067
boro,Chandpur,2016-17,2017,3.948,3.5972317073170736,3.66525,3.6685707615219925,3.602943443751269
boro,Chittagong,2016-17,2017,3.05,3.6612682926829274,3.7929999999999997,3.644632639361995,3.573829905892851
boro,Chuadanga,2016-17,2017,3.863,3.9913414634146354,4.0005,4.028386275433178,4.057304209059381
boro,Khulna,2016-17,2017,4.06,3.9487317073170756,4.0737499999999995,4.007359141006776,4.072641893864477
boro,Bandarban,2016-17,2017,3.03,3.4545609756097564,3.687583333333333,3.513197981161404,3.425154038430307
boro,Gopalganj,2016-17,2017,4.715,4.775670731707318,4.92675,4.862972053272926,4.8375166192819625
boro,Habiganj,2016-17,2017,3.526,3.555756097560976,3.71175,3.6280084177967407,3.482029181973711
boro,Jamalpur,2016-17,2017,3.937,4.036609756097562,4.0495833333333335,4.073679973289582,4.019545810306563
boro,Barguna,2016-17,2017,3.175,2.9238658536585374,3.0888333333333335,2.9827204970201358,2.9288973724536245
boro,Barisal,2016-17,2017,3.832,3.8197682926829266,3.926083333333333,3.8872256630676456,3.9011457403831633
boro,Bhola,2016-17,2017,3.515,3.523207317073171,3.7549166666666665,3.5184106958021224,3.5053119911951636
boro,Sylhet,2016-17,2017,2.894,3.00948780487805,3.1116666666666664,3.0122451764589653,2.8345901545624024
boro,Shariatpur,2016-17,2017,4.089,4.326865853658537,4.4095,4.3862935657538165,4.2955468345961165
boro,Barguna,2017-18,2018,3.054,3.0192155688622764,3.0989166666666663,3.147821625819108,3.0693742159191113
boro,Bhola,2017-18,2018,3.521,3.6391676646706594,3.7544166666666663,3.741692616215434,3.668901627934256
boro,Jhalokati,2017-18,2018,3.874,3.841808383233535,3.801,3.879367612008445,3.7689431874253736
boro,Patuakhali,2017-18,2018,2.252,2.5476107784431137,2.6689166666666666,2.59945290807674,2.595343080588413
boro,Pirojpur,2017-18,2018,4.12,4.018604790419163,4.0674166666666665,4.038530175850213,3.9466839634234003
boro,Bandarban,2017-18,2018,3.466,3.5300658682634736,3.6512499999999997,3.7512458690466213,3.5268421864674018
boro,Brahamanbaria,2017-18,2018,4.003,4.004107784431139,4.0527500000000005,4.032837983664808,4.0469606537287515
boro,Chandpur,2017-18,2018,3.625,3.6625568862275464,3.6921666666666666,3.812024137514568,3.726599987434398
boro,Comilla,2017-18,2018,3.762,3.995700598802397,4.048583333333333,4.0377491705704065,4.035826950187386
boro,Cox's Bazar,2017-18,2018,3.842,3.804586826347306,3.8938333333333333,3.760503161382393,3.7997551676705217
boro,Feni,2017-18,2018,3.637,3.5948383233532946,3.5868333333333333,3.602370686223745,3.5655466118096983
boro,Khagrachhari,2017-18,2018,3.433,3.5163532934131747,3.577833333333333,3.5625150675580484,3.564652197733278
boro,Lakshmipur,2017-18,2018,3.915,3.9029041916167673,3.861416666666667,3.9718644868879847,3.9376462538975114
boro,Noakhali,2017-18,2018,4.685,4.536958083832337,4.608083333333333,4.536952936727375,4.519988594027103
boro,Rangamati,2017-18,2018,3.967,4.012473053892216,4.062583333333333,4.131759402511228,4.00359746481688
boro,Barisal,2017-18,2018,3.844,3.8722395209580847,3.9250833333333333,3.841671746700645,3.8409964549405586
boro,Faridpur,2017-18,2018,4.198,4.335467065868265,4.376083333333333,4.526449108200685,4.336222396601969
boro,Gazipur,2017-18,2018,4.001,4.069005988023953,4.123333333333334,4.155676578711931,4.109251869996991
boro,Gopalganj,2017-18,2018,4.8,4.843664670658683,4.919666666666667,4.820045227403924,4.7975721938712255
boro,Kishoreganj,2017-18,2018,4.353,4.210946107784433,4.224666666666667,4.165059192644898,4.249824828393928
boro,Madaripur,2017-18,2018,4.366,4.282317365269462,4.306,4.290981327204002,4.252157145269976
boro,Manikganj,2017-18,2018,4.44,4.5770598802395215,4.644833333333334,4.6715110020422985,4.607471188000428
boro,Munshiganj,2017-18,2018,4.121,4.164892215568863,4.183333333333334,4.235271918672982,4.20606058140931
boro,Chittagong,2017-18,2018,3.342,3.6976407185628757,3.7686666666666664,3.7864977621439833,3.681787509640305
boro,Narsingdi,2017-18,2018,3.715,3.931491017964073,3.9444166666666667,4.020357794818986,3.972496703430329
boro,Rajbari,2017-18,2018,4.103,4.247227544910181,4.282,4.20136475736467,4.212974791750499
boro,Shariatpur,2017-18,2018,4.101,4.365928143712576,4.4085,4.491081182129388,4.4018588974413895
boro,Tangail,2017-18,2018,4.383,4.2362514970059895,4.256083333333334,4.325105106063287,4.231814663816807
boro,Bagerhat,2017-18,2018,4.32,4.2571377245509,4.340583333333334,4.256359186982083,4.1948342651034745
boro,Chuadanga,2017-18,2018,3.789,4.00182634730539,4.006666666666667,3.904075651753649,3.9487623791898123
boro,Jessore,2017-18,2018,4.18,4.473467065868264,4.49625,4.467548595599396,4.441216665328382
boro,Dhaka,2017-18,2018,4.385,4.4417305389221555,4.4839166666666666,4.628731007584685,4.495761853884523
boro,Khulna,2017-18,2018,3.984,4.019107784431139,4.0800833333333335,4.022515336207695,3.982204526380174
boro,Kushtia,2017-18,2018,4.042,4.19108383233533,4.2005,4.133725565003522,4.136455831019828
boro,Magura,2017-18,2018,4.192,4.025293413173653,4.027416666666666,4.030263212891654,3.9893893500853914
boro,Meherpur,2017-18,2018,4.097,4.149754491017964,4.10825,4.057354989193433,4.105129378496055
boro,Narail,2017-18,2018,4.207,4.212634730538922,4.280333333333333,4.2056976098622725,4.176199359481489
boro,Satkhira,2017-18,2018,3.946,4.028335329341318,4.011833333333333,3.9919898367903306,3.964958353405243
boro,Jamalpur,2017-18,2018,3.958,4.04065269461078,4.047833333333333,4.176020117855351,4.054041025929785
boro,Narayanganj,2017-18,2018,3.893,4.043401197604791,4.08225,4.222637905192719,4.102324903395512
boro,Netrakona,2017-18,2018,4.156,4.141538922155689,4.168583333333333,4.205876230259159,4.161378895026336
boro,Sherpur,2017-18,2018,4.001,4.139574850299403,4.1883333333333335,4.28220350875897,4.147393965913063
boro,Bogra,2017-18,2018,3.894,4.013574850299403,3.9970833333333338,4.190414463252907,4.035059700197365
boro,Joypurhat,2017-18,2018,4.072,4.210922155688623,4.1617500000000005,4.227424875624852,4.220270462162234
boro,Naogaon,2017-18,2018,4.088,4.423544910179642,4.4415000000000004,4.438582035188013,4.392377126068641
boro,Natore,2017-18,2018,4.635,4.540281437125751,4.515083333333333,4.659549150648948,4.56010050921468
boro,Nawabganj,2017-18,2018,3.89,4.073622754491019,4.16,3.941440238968761,4.025808402189662
boro,Jhenaidah,2017-18,2018,4.245,4.431526946107784,4.420083333333333,4.412198472421819,4.412434052437105
boro,Rajshahi,2017-18,2018,3.897,4.106742514970061,4.123916666666667,4.292999025023215,4.114917060971189
boro,Sirajganj,2017-18,2018,4.224,4.363113772455091,4.38275,4.5638692492851565,4.38866200212738
boro,Dinajpur,2017-18,2018,4.087,4.172293413173653,4.168166666666667,4.4334494595171146,4.158702840188057
boro,Gaibandha,2017-18,2018,3.668,4.095586826347306,4.104583333333333,4.13653324537502,4.089981570791029
boro,Kurigram,2017-18,2018,4.142,4.2359041916167675,4.226333333333334,4.202437004777731,4.223274556281774
boro,Lalmonirhat,2017-18,2018,3.736,4.144095808383234,4.157583333333333,4.063743779209867,4.106331748828148
boro,Nilphamari,2017-18,2018,4.065,4.299538922155691,4.326666666666667,4.262281393282052,4.282977253489868
boro,Mymensingh,2017-18,2018,4.158,4.002934131736527,4.029583333333334,4.133504685017903,4.000345678542937
boro,Rangpur,2017-18,2018,4.354,4.360353293413175,4.40275,4.455784556436246,4.367938121199345
boro,Thakurgaon,2017-18,2018,3.74,3.999898203592816,4.018833333333333,3.9628144874297564,3.971048654625101
boro,Habiganj,2017-18,2018,3.68,3.6202095808383246,3.698916666666667,3.5917407940254082,3.645512622134042
boro,Maulvibazar,2017-18,2018,3.387,3.516778443113773,3.6595,3.537695394459805,3.5360012771359743
boro,Sunamganj,2017-18,2018,3.671,3.7604910179640743,3.858833333333333,3.779628698378863,3.7442684564759467
boro,Sylhet,2017-18,2018,3.094,3.0422275449101805,3.095,2.9619597703475233,3.0050040811853074
boro,Pabna,2017-18,2018,3.999,4.046317365269463,4.104416666666666,4.382753076436102,4.063958938687701
boro,Panchagarh,2017-18,2018,4.085,4.192850299401198,4.200583333333333,4.290934833289442,4.222581807862893
boro,Barisal,2018-19,2019,3.84,3.925416666666666,3.9254166666666666,3.9656655416770525,3.951908828372122
boro,Bhola,2018-19,2019,3.892,3.7234999999999983,3.7235,3.754240027764725,3.726719437511548
boro,Jhalokati,2018-19,2019,3.691,3.8162499999999984,3.81625,3.7921215392747336,3.8654314183026184
boro,Patuakhali,2018-19,2019,2.634,2.637083333333332,2.6370833333333334,2.7006990666878505,2.6601983327746344
boro,Pirojpur,2018-19,2019,4.267,4.055166666666667,4.055166666666667,4.031038205941402,4.103457777245205
boro,Bandarban,2018-19,2019,3.897,3.615333333333333,3.6153333333333335,3.652630626534632,3.623994928326911
boro,Brahamanbaria,2018-19,2019,4.234,4.033499999999999,4.0335,4.089614496905413,4.035223492437743
boro,Chittagong,2018-19,2019,3.959,3.717249999999999,3.71725,3.6970404781420325,3.6793413849525116
boro,Comilla,2018-19,2019,4.256,4.007416666666666,4.007416666666667,4.002761708407534,4.009623935197627
boro,Cox's Bazar,2018-19,2019,3.996,3.880999999999999,3.8810000000000002,3.886742835590561,3.848959724355894
boro,Feni,2018-19,2019,3.548,3.594249999999999,3.59425,3.6195191285961927,3.56706243302544
boro,Khagrachhari,2018-19,2019,3.609,3.563166666666665,3.563166666666667,3.6280993742625913,3.5613086325294847
boro,Lakshmipur,2018-19,2019,4.334,3.8264999999999985,3.8265,3.8269686057732466,3.829863334204984
boro,Noakhali,2018-19,2019,4.918,4.588666666666666,4.588666666666667,4.636404485628939,4.572146779467666
boro,Barguna,2018-19,2019,2.999,3.1034999999999986,3.1035,3.1919554191201245,3.134521042122068
boro,Dhaka,2018-19,2019,3.842,4.529166666666665,4.529166666666667,4.605893160299469,4.534463147194321
boro,Faridpur,2018-19,2019,3.82,4.407583333333331,4.407583333333333,4.449778212181422,4.403823459792673
boro,Gazipur,2018-19,2019,4.139,4.111833333333332,4.111833333333333,4.132274648456361,4.116122824557118
boro,Gopalganj,2018-19,2019,4.8,4.9196666666666635,4.919666666666667,4.985116315207541,4.931802810813548
boro,Kishoreganj,2018-19,2019,4.304,4.228749999999999,4.22875,4.306895379629156,4.241331433624014
boro,Madaripur,2018-19,2019,4.149,4.324083333333332,4.324083333333333,4.366252981755837,4.350396662577846
boro,Manikganj,2018-19,2019,4.398,4.648333333333332,4.648333333333333,4.652496723119935,4.62127655630926
boro,Chandpur,2018-19,2019,3.845,3.6738333333333313,3.673833333333333,3.6703072726438326,3.683601338887571
boro,Narayanganj,2018-19,2019,3.853,4.085583333333333,4.085583333333333,4.0820572726438344,4.096745559865284
boro,Narsingdi,2018-19,2019,4.052,3.9163333333333323,3.9163333333333337,3.9442554719388174,3.9133418309468753
boro,Rajbari,2018-19,2019,3.888,4.299916666666665,4.299916666666666,4.355228337674133,4.285996825315181
boro,Shariatpur,2018-19,2019,4.305,4.391499999999999,4.3915,4.391625308119496,4.403795741747817
boro,Tangail,2018-19,2019,4.332,4.260333333333331,4.2603333333333335,4.232171035004512,4.2340161216292085
boro,Bagerhat,2018-19,2019,4.581,4.318833333333331,4.318833333333333,4.298151219643108,4.35764286368359
boro,Chuadanga,2018-19,2019,4.022,3.987249999999999,3.98725,4.032920917814698,3.957036741647121
boro,Rangamati,2018-19,2019,3.989,4.06075,4.06075,4.199573787464542,4.070572943943956
boro,Jhenaidah,2018-19,2019,4.503,4.398583333333333,4.398583333333334,4.441998557516115,4.394847341273322
boro,Khulna,2018-19,2019,4.691,4.021166666666666,4.021166666666667,3.9661689300893483,4.028097919682626
boro,Kushtia,2018-19,2019,4.229,4.184916666666665,4.184916666666667,4.228483258021995,4.167070650902887
boro,Magura,2018-19,2019,3.897,4.051999999999999,4.0520000000000005,4.110230969783248,4.042803140792808
boro,Meherpur,2018-19,2019,3.782,4.1345,4.1345,4.266515543352823,4.149280987491629
boro,Narail,2018-19,2019,4.352,4.268249999999999,4.26825,4.2760321303435616,4.236729262736936
boro,Satkhira,2018-19,2019,4.082,4.000499999999999,4.0005,3.955912040209367,3.9989353811360266
boro,Munshiganj,2018-19,2019,4.018,4.191916666666666,4.191916666666667,4.21704774609899,4.2243041638046295
boro,Mymensingh,2018-19,2019,3.972,4.0450833333333325,4.045083333333333,4.00768941696699,4.042485993229178
boro,Netrakona,2018-19,2019,3.952,4.185583333333332,4.185583333333333,4.1894605304443155,4.1953536214857365
boro,Sherpur,2018-19,2019,4.139,4.176833333333332,4.176833333333334,4.13590169671902,4.174725129713965
boro,Bogra,2018-19,2019,3.817,4.003499999999999,4.0035,3.9376669241880276,4.002792493908225
boro,Joypurhat,2018-19,2019,4.095,4.159833333333332,4.159833333333333,4.090337755755239,4.136257714535001
boro,Naogaon,2018-19,2019,4.342,4.420333333333333,4.420333333333333,4.370761675114122,4.428823082154036
boro,Natore,2018-19,2019,4.486,4.527499999999999,4.5275,4.500484965027064,4.534857768711788
boro,Jessore,2018-19,2019,4.626,4.459083333333333,4.459083333333333,4.534964533000027,4.442965389586681
boro,Pabna,2018-19,2019,3.762,4.124166666666665,4.1241666666666665,4.12351077376525,4.127353839985255
boro,Rajshahi,2018-19,2019,3.998,4.115499999999999,4.1155,4.059669360681023,4.12534614020542
boro,Sirajganj,2018-19,2019,4.411,4.367166666666664,4.367166666666667,4.334040478661112,4.358103639069179
boro,Dinajpur,2018-19,2019,3.992,4.176083333333332,4.176083333333334,4.131929984113223,4.169549042342926
boro,Gaibandha,2018-19,2019,3.863,4.088333333333333,4.088333333333334,4.02702978360171,4.0725583374114125
boro,Kurigram,2018-19,2019,4.21,4.2206666666666655,4.220666666666667,4.252237357927016,4.226695715888228
boro,Lalmonirhat,2018-19,2019,3.934,4.141083333333332,4.1410833333333334,4.127674975055634,4.137222161951419
boro,Jamalpur,2018-19,2019,4.003,4.044083333333332,4.044083333333334,4.01110989218779,4.016210851623603
boro,Panchagarh,2018-19,2019,4.183,4.192416666666665,4.1924166666666665,4.166050414094989,4.174335997006189
boro,Rangpur,2018-19,2019,4.492,4.3912499999999985,4.39125,4.330968237972866,4.382263795113738
boro,Thakurgaon,2018-19,2019,3.904,4.005166666666665,4.005166666666667,4.001597264406269,4.023547126354569
boro,Habiganj,2018-19,2019,3.479,3.715666666666665,3.715666666666667,3.771391266626722,3.707266170689991
boro,Maulvibazar,2018-19,2019,3.182,3.6765833333333324,3.6765833333333333,3.6745417855494398,3.6833728071107217
boro,Sunamganj,2018-19,2019,3.558,3.868249999999998,3.8682499999999997,3.882347057020973,3.8535378236176263
boro,Sylhet,2018-19,2019,2.788,3.1204999999999994,3.1205,3.1187338057770093,3.119505342547057
boro,Nawabganj,2018-19,2019,3.623,4.182249999999998,4.18225,4.16813052795345,4.16031588119583
boro,Nilphamari,2018-19,2019,4.265,4.31,4.31,4.281527769282302,4.276328265187852
boro,Barisal,2019-20,2020,4.039,3.961383233532934,3.9088333333333334,4.081644236766966,3.998355756789062
boro,Bhola,2019-20,2020,3.923,3.8363532934131745,3.720916666666666,4.148707985664322,3.8771320135230676
boro,Jhalokati,2019-20,2020,3.827,3.7635389221556887,3.8049166666666667,3.7711487010131,3.7823410131564965
boro,Patuakhali,2019-20,2020,2.912,2.7359341317365273,2.613916666666667,2.9189191988880663,2.7685224423862005
boro,Pirojpur,2019-20,2020,4.201,4.108323353293414,4.060666666666667,4.162467576620996,4.135317959763564
boro,Bandarban,2019-20,2020,3.921,3.733784431137724,3.6133333333333333,3.8153946659565317,3.746568307350907
boro,Brahamanbaria,2019-20,2020,4.544,4.053395209580837,4.007666666666666,4.160824443763547,4.115731894527843
boro,Chittagong,2019-20,2020,3.951,3.7901017964071864,3.717916666666667,3.8353959645065276,3.7954937504640616
boro,Comilla,2019-20,2020,4.376,4.049748502994012,3.9974166666666666,4.120521570008599,4.065984571716942
boro,Cox's Bazar,2019-20,2020,4.008,3.9687904191616763,3.8800000000000003,3.9781010878794096,4.010832397358177
boro,Feni,2019-20,2020,3.577,3.5836167664670655,3.591833333333333,3.7226125320357126,3.6031727994833735
boro,Khagrachhari,2019-20,2020,3.705,3.6166167664670663,3.5551666666666666,3.7881573663076553,3.6487189835550238
boro,Lakshmipur,2019-20,2020,4.042,3.8078802395209577,3.8508333333333336,3.9383071909331746,3.8449516311776404
boro,Noakhali,2019-20,2020,4.685,4.678287425149701,4.608083333333333,4.895092037237168,4.719862376801434
boro,Barguna,2019-20,2020,3.308,3.156341317365269,3.07775,3.255923902035957,3.1780623151538636
boro,Dhaka,2019-20,2020,5.138,4.459652694610779,4.421166666666667,4.556943904634532,4.498964554492417
boro,Faridpur,2019-20,2020,4.614,4.3814670658682635,4.3414166666666665,4.364103056678561,4.382463428174885
boro,Gazipur,2019-20,2020,4.153,4.165473053892216,4.110666666666667,4.170270728708571,4.177017126929062
boro,Gopalganj,2019-20,2020,5.117,4.968628742514971,4.89325,4.973041008126871,4.971590031150489
boro,Kishoreganj,2019-20,2020,4.219,4.24888622754491,4.235833333333333,4.354837614434838,4.303968691373991
boro,Madaripur,2019-20,2020,4.402,4.325730538922156,4.303,4.319867575872887,4.342297309051353
boro,Manikganj,2019-20,2020,4.739,4.68820359281437,4.619916666666667,4.665229975422836,4.685428692499555
boro,Chandpur,2019-20,2020,3.714,3.714586826347304,3.6847499999999997,3.764119122951343,3.7303691733752213
boro,Narayanganj,2019-20,2020,4.22,4.093994011976047,4.055,4.112633807365547,4.125169336609932
boro,Narsingdi,2019-20,2020,3.918,3.9418562874251504,3.9275,3.9367368123803512,3.977197166478834
boro,Rajbari,2019-20,2020,4.273,4.303646706586826,4.267833333333333,4.315522581534951,4.328250391112715
boro,Shariatpur,2019-20,2020,4.759,4.395652694610779,4.353666666666666,4.4856569284541745,4.4233019992724225
boro,Tangail,2019-20,2020,4.026,4.306461077844311,4.285833333333334,4.273423597354573,4.284613079743952
boro,Bagerhat,2019-20,2020,4.592,4.399844311377246,4.317916666666666,4.430967197571801,4.425441106998961
boro,Chuadanga,2019-20,2020,3.799,4.013215568862276,4.005833333333333,4.058378137887091,4.041257440335876
boro,Rangamati,2019-20,2020,4.175,4.0951556886227545,4.04525,4.08489489781671,4.0844354793993976
boro,Jhenaidah,2019-20,2020,4.516,4.386395209580838,4.3975,4.395162573080056,4.425990102625351
boro,Khulna,2019-20,2020,4.232,4.119934131736527,4.0594166666666665,4.14580661767858,4.168945465740934
boro,Kushtia,2019-20,2020,4.061,4.210107784431137,4.198916666666666,4.230006351496967,4.258820795112911
boro,Magura,2019-20,2020,3.665,4.074904191616767,4.0713333333333335,4.088511541235604,4.107437633017356
boro,Meherpur,2019-20,2020,3.849,4.089155688622755,4.128916666666666,4.153143524433533,4.1282757866783
boro,Narail,2019-20,2020,4.438,4.328161676646707,4.261083333333333,4.3421196717957695,4.384538459115903
boro,Satkhira,2019-20,2020,3.863,4.003574850299401,4.01875,4.033006353030741,4.067626638066473
boro,Munshiganj,2019-20,2020,4.279,4.188329341317365,4.170166666666667,4.229933342732166,4.200252596064968
boro,Mymensingh,2019-20,2020,3.846,4.082718562874253,4.055583333333334,4.05312797635384,4.131683080037019
boro,Netrakona,2019-20,2020,4.439,4.170359281437126,4.1450000000000005,4.100238913123836,4.188816733611206
boro,Sherpur,2019-20,2020,4.061,4.233946107784431,4.183333333333334,4.2563260623803565,4.240519110121799
boro,Bogra,2019-20,2020,3.882,3.982904191616767,3.998083333333333,3.951404703648627,3.956887219892028
boro,Joypurhat,2019-20,2020,3.816,4.136646706586825,4.183083333333333,4.135676083863833,4.108221377082431
boro,Naogaon,2019-20,2020,4.379,4.437550898203593,4.41725,4.501129249110894,4.453472180869087
boro,Natore,2019-20,2020,4.348,4.514227544910181,4.539000000000001,4.506457800550998,4.475930079992364
boro,Jessore,2019-20,2020,4.625,4.482850299401197,4.4591666666666665,4.5172154331943855,4.5500043555072045
boro,Pabna,2019-20,2020,4.116,4.153269461077845,4.094666666666667,4.13792660975341,4.151251379196549
boro,Rajshahi,2019-20,2020,3.85,4.14802994011976,4.127833333333333,4.1811428200607645,4.166188991218338
boro,Sirajganj,2019-20,2020,4.313,4.396293413173653,4.375333333333333,4.368431435073138,4.366391937270441
boro,Dinajpur,2019-20,2020,4.105,4.163395209580838,4.166666666666667,4.203288159791372,4.163297266540882
boro,Gaibandha,2019-20,2020,3.972,4.091502994011975,4.07925,4.183449620165126,4.062620161910383
boro,Kurigram,2019-20,2020,4.057,4.225407185628742,4.233416666666667,4.19401750571715,4.179009287910741
boro,Lalmonirhat,2019-20,2020,4.016,4.150970059880239,4.134250000000001,4.182017297261283,4.119043215952972
boro,Jamalpur,2019-20,2020,3.995,4.052766467065868,4.04475,4.080796514615577,4.034668929793182
boro,Panchagarh,2019-20,2020,4.219,4.197664670658683,4.189416666666666,4.205274953462611,4.178488119135131
boro,Rangpur,2019-20,2020,4.41,4.440700598802395,4.398083333333333,4.503487833443725,4.394754944646013
boro,Thakurgaon,2019-20,2020,3.859,4.0304191616766465,4.008916666666667,4.036267328926097,4.019815002532059
boro,Habiganj,2019-20,2020,3.443,3.799137724550899,3.718666666666667,4.004239323080074,3.865711073240908
boro,Maulvibazar,2019-20,2020,3.527,3.7929101796407183,3.6478333333333333,3.90699549161923,3.863715380738982
boro,Sunamganj,2019-20,2020,3.702,3.956640718562874,3.8562499999999997,3.984911100234448,4.004824541578882
boro,Sylhet,2019-20,2020,3.027,3.153802395209581,3.1005833333333332,3.162458950421435,3.1852869708904343
boro,Nawabganj,2019-20,2020,4.177,4.223832335329341,4.136083333333334,4.256448500276617,4.224538538379091
boro,Nilphamari,2019-20,2020,4.282,4.337437125748503,4.308583333333334,4.33360547702289,4.323249506087081
boro,Barguna,2020-21,2021,3.25,3.2413658536585355,3.0825833333333335,3.2504387269804096,3.208418276398511
boro,Bhola,2020-21,2021,3.83,3.963756097560974,3.728666666666667,4.021050743225163,3.9273549952485096
boro,Jhalokati,2020-21,2021,3.75,3.7288292682926807,3.8113333333333332,3.7815929595781577,3.673216774103061
boro,Patuakhali,2020-21,2021,3.27,2.8194878048780474,2.5840833333333335,2.8579960733544993,2.8072416669979554
boro,Pirojpur,2020-21,2021,4.23,4.152829268292681,4.05825,4.188494881660998,4.099699564431305
boro,Bandarban,2020-21,2021,3.86,3.8615853658536565,3.6184166666666666,3.8777018319473515,3.871462522907659
boro,Brahamanbaria,2020-21,2021,4.61,4.087012195121949,4.002166666666667,4.1587110025452105,4.120625942517279
boro,Chandpur,2020-21,2021,4.1,3.702792682926828,3.6525833333333337,3.7720912188646647,3.7233608711814834
boro,Comilla,2020-21,2021,4.41,4.095646341463413,3.9945833333333334,4.080596066931302,4.120079238456007
boro,Cox's Bazar,2020-21,2021,3.96,4.064536585365852,3.8840000000000003,4.081448136668158,4.073803113878601
boro,Feni,2020-21,2021,3.65,3.5672682926829253,3.5857499999999995,3.5095507485768134,3.6046341443829943
boro,Khagrachhari,2020-21,2021,3.83,3.664768292682925,3.54475,3.697901133083873,3.6810478310501744
boro,Lakshmipur,2020-21,2021,3.88,3.7788048780487777,3.864333333333333,3.7451763553573993,3.7778166466445677
boro,Noakhali,2020-21,2021,4.63,4.756158536585364,4.612666666666667,4.808350122021517,4.7978420135238435
boro,Rangamati,2020-21,2021,3.99,4.16560975609756,4.060666666666667,4.128559111562915,4.175175659454381
boro,Barisal,2020-21,2021,3.99,4.019646341463412,3.9129166666666664,4.056010212956105,4.015132228861322
boro,Faridpur,2020-21,2021,4.62,4.418999999999998,4.340916666666667,4.435762462889811,4.421574375386722
boro,Gazipur,2020-21,2021,4.34,4.201243902439022,4.095083333333334,4.195079440753154,4.2281527435135295
boro,Gopalganj,2020-21,2021,4.93,5.064560975609753,4.908833333333333,5.095449812388923,5.056175020508934
boro,Kishoreganj,2020-21,2021,4.25,4.25921951219512,4.23325,4.241012464918931,4.319995900111341
boro,Madaripur,2020-21,2021,4.26,4.363670731707316,4.3148333333333335,4.39866159464849,4.351474867724358
boro,Manikganj,2020-21,2021,4.84,4.746451219512192,4.6115,4.714389808200704,4.75166318248608
boro,Munshiganj,2020-21,2021,4.42,4.1903536585365835,4.158416666666667,4.274302408643219,4.215671740227594
boro,Chittagong,2020-21,2021,4.01,3.855609756097559,3.7129999999999996,3.9111592280646423,3.8735181280244086
boro,Narsingdi,2020-21,2021,3.96,3.9522439024390232,3.924,3.9725842827326447,3.9903946586125594
boro,Rajbari,2020-21,2021,4.25,4.34323170731707,4.26975,4.406869163255506,4.315112199659171
boro,Shariatpur,2020-21,2021,4.65,4.4461951219512175,4.36275,4.43038998237404,4.438200137233461
boro,Tangail,2020-21,2021,4.32,4.298743902439022,4.261333333333334,4.274925688013345,4.312070966113756
boro,Bagerhat,2020-21,2021,4.57,4.483841463414633,4.31975,4.549998747092081,4.442191400777179
boro,Chuadanga,2020-21,2021,3.77,4.026573170731705,4.00825,4.089134938162358,3.989095367428678
boro,Jessore,2020-21,2021,4.47,4.522390243902437,4.472083333333333,4.573408659401841,4.51312595328473
boro,Dhaka,2020-21,2021,4.61,4.5487560975609735,4.465166666666667,4.563611252507256,4.573975176182213
boro,Khulna,2020-21,2021,4.23,4.180780487804876,4.059583333333333,4.233483531055561,4.154016399876602
boro,Kushtia,2020-21,2021,4.26,4.201548780487802,4.182333333333333,4.286535571383953,4.149459983303779
boro,Magura,2020-21,2021,3.79,4.069841463414632,4.0609166666666665,4.131308115751077,4.041142771374239
boro,Meherpur,2020-21,2021,3.97,4.038073170731706,4.118833333333334,4.133392729161112,3.9860967007786963
boro,Narail,2020-21,2021,4.57,4.381048780487803,4.250083333333333,4.4159850803429075,4.359998284006008
boro,Satkhira,2020-21,2021,3.94,3.9812926829268274,4.012333333333333,4.027819670969387,3.953442548013667
boro,Jamalpur,2020-21,2021,4.23,4.035890243902437,4.025166666666666,4.071295264608048,4.035020030709642
boro,Narayanganj,2020-21,2021,4.3,4.12362195121951,4.048333333333333,4.240423770262308,4.152250957241838
boro,Netrakona,2020-21,2021,4.123,4.227743902439023,4.171333333333333,4.170127065562718,4.231437671135118
boro,Sherpur,2020-21,2021,4.134,4.279890243902438,4.17725,4.320575613114049,4.286046336820393
boro,Bogra,2020-21,2021,3.884,3.968365853658535,3.997916666666667,3.986334058979077,3.968617618103843
boro,Joypurhat,2020-21,2021,4.066,4.065548780487804,4.16225,4.058339229619072,4.052006331078459
boro,Naogaon,2020-21,2021,4.416,4.454999999999997,4.414166666666667,4.438783598147631,4.401128975823615
boro,Natore,2020-21,2021,4.306,4.495487804878047,4.5424999999999995,4.456779854464564,4.473213222026506
boro,Nawabganj,2020-21,2021,4.455,4.283780487804877,4.112916666666666,4.339426171857639,4.249095837971689
boro,Jhenaidah,2020-21,2021,4.25,4.402634146341461,4.419666666666667,4.474316129732647,4.360507040676914
boro,Rajshahi,2020-21,2021,4.06,4.1493048780487785,4.110333333333333,4.086523672322352,4.145985894825594
boro,Sirajganj,2020-21,2021,4.228,4.428109756097559,4.382416666666667,4.386794791661853,4.404623750552578
boro,Dinajpur,2020-21,2021,4.091,4.162292682926827,4.167833333333333,4.129522900440723,4.11214138089054
boro,Gaibandha,2020-21,2021,4.029,4.099256097560974,4.0745,4.1248745959476985,4.15447932459712
boro,Kurigram,2020-21,2021,3.971,4.228695121951218,4.240583333333333,4.181608079520018,4.286758625741886
boro,Lalmonirhat,2020-21,2021,4.156,4.1543780487804876,4.122583333333334,4.1820041780201995,4.146212842878975
boro,Nilphamari,2020-21,2021,4.356,4.3595487804878035,4.302416666666667,4.346185120688831,4.322170754372514
boro,Mymensingh,2020-21,2021,4.126,4.082670731707315,4.03225,4.038858644597957,4.108244062194202
boro,Rangpur,2020-21,2021,4.441,4.48132926829268,4.3955,4.441891097165275,4.522075360968372
boro,Thakurgaon,2020-21,2021,3.895,4.050585365853657,4.005916666666667,3.9972262444355042,4.008558806930055
boro,Habiganj,2020-21,2021,3.657,3.862426829268291,3.700833333333333,3.929633192839813,3.915008385744195
boro,Maulvibazar,2020-21,2021,3.244,3.9758292682926815,3.671416666666667,3.934842788684451,3.9629328576351184
boro,Sunamganj,2020-21,2021,3.708,4.061926829268291,3.85575,4.196698031774389,4.096921924790257
boro,Sylhet,2020-21,2021,3.028,3.2097560975609745,3.1005000000000003,3.345506770165384,3.2873503927798726
boro,Pabna,2020-21,2021,4.319,4.191475609756095,4.07775,4.283588961776527,4.189696720793351
boro,Panchagarh,2020-21,2021,3.832,4.248329268292682,4.221666666666667,4.263074246935545,4.261865088340009
boro,Barguna,2021-22,2022,3.65,3.2672264150943393,3.0492500000000002,3.4495785450909686,3.3302639566338694
boro,Barisal,2021-22,2022,4.061,4.066320754716981,3.907,4.4033467627505285,4.156760207110487
boro,Bhola,2021-22,2022,4.237,4.031603773584905,3.6947500000000004,4.146607921843781,4.092882530551
boro,Jhalokati,2021-22,2022,3.364,3.740679245283018,3.8435,3.666053344891622,3.8091162554055513
boro,Brahamanbaria,2021-22,2022,3.937,4.21932075471698,4.05825,4.095834517835426,4.256845733468162
boro,Chandpur,2021-22,2022,4.41,3.676981132075471,3.62675,3.5836982111016518,3.716046465546079
boro,Chittagong,2021-22,2022,4.003,3.9290503144654085,3.7135833333333337,3.881066900886783,3.9577170591623148
boro,Comilla,2021-22,2022,4.189,4.175075471698112,4.013,4.369466020657403,4.266651511710827
boro,Cox's Bazar,2021-22,2022,4.175,4.1307861635220124,3.8660833333333335,4.038359992318402,4.14613604599313
boro,Noakhali,2021-22,2022,4.779,4.8127924528301875,4.60025,4.952036831694149,4.950931640051456
boro,Rangamati,2021-22,2022,4.299,4.179666666666666,4.034916666666667,4.2209850987325375,4.244161587721819
boro,Dhaka,2021-22,2022,5.014,4.53332075471698,4.4315,4.506526840973361,4.579778817503033
boro,Faridpur,2021-22,2022,4.428,4.484232704402514,4.356916666666667,4.384749488669929,4.523655811430217
boro,Gazipur,2021-22,2022,4.296,4.2610754716981125,4.09875,4.123419894480771,4.2701223706722935
boro,Patuakhali,2021-22,2022,3.034,2.9694905660377353,2.6037500000000002,3.474164475786261,3.0572064401896375
boro,Pirojpur,2021-22,2022,4.169,4.210163522012577,4.0633333333333335,4.143239579106566,4.258967471641258
boro,Bandarban,2021-22,2022,3.921,3.98125786163522,3.6133333333333333,3.9032260646520034,4.020105634686083
boro,Manikganj,2021-22,2022,4.669,4.840716981132074,4.62575,4.764593720066327,4.846655799060959
boro,Munshiganj,2021-22,2022,4.452,4.198264150943395,4.15575,4.128440387771209,4.21860488647555
boro,Narayanganj,2021-22,2022,3.986,4.205490566037734,4.0745,4.211756846709166,4.265844273039991
boro,Narsingdi,2021-22,2022,3.833,3.985389937106917,3.934583333333333,3.918357923757128,4.025162271445441
boro,Rajbari,2021-22,2022,4.457,4.3538679245283,4.2525,4.4058653392186855,4.396111793624656
boro,Feni,2021-22,2022,3.451,3.5847295597484274,3.6023333333333336,3.617499366978797,3.6797386524666176
boro,Khagrachhari,2021-22,2022,3.744,3.737496855345911,3.5519166666666666,3.8275149598646814,3.839008519377888
boro,Lakshmipur,2021-22,2022,3.875,3.73243396226415,3.8647500000000004,3.9822634966680766,3.7923729772774117
boro,Chuadanga,2021-22,2022,3.999,4.0079685534591185,3.989166666666667,4.0888925637577795,4.052690913301393
boro,Jessore,2021-22,2022,4.462,4.551113207547169,4.4727500000000004,4.6395317399237825,4.640558891322606
boro,Jhenaidah,2021-22,2022,4.567,4.350660377358489,4.39325,4.398266381378726,4.41351945845082
boro,Khulna,2021-22,2022,4.015,4.27498113207547,4.0775,4.304036229378678,4.333377989218743
boro,Kushtia,2021-22,2022,4.05,4.240974842767295,4.199833333333333,4.274299831408412,4.315155137912628
boro,Gopalganj,2021-22,2022,5.047,5.132446540880502,4.8990833333333335,5.05863315547755,5.168119843964015
boro,Kishoreganj,2021-22,2022,4.095,4.2955345911949685,4.246166666666666,4.21644788714294,4.338711190930709
boro,Madaripur,2021-22,2022,4.531,4.352226415094338,4.29225,4.2877889065659485,4.379166182031127
boro,Satkhira,2021-22,2022,3.728,3.9963396226415075,4.03,4.051558908550208,4.05101259029484
boro,Jamalpur,2021-22,2022,4.059,4.062628930817609,4.039416666666667,3.984389040018448,4.0568874562556525
boro,Mymensingh,2021-22,2022,3.932,4.1365534591194955,4.048416666666667,4.0557947920873785,4.138227996072799
boro,Netrakona,2021-22,2022,4.101,4.262704402515722,4.173166666666667,4.157200799404026,4.247343486281172
boro,Sherpur,2021-22,2022,4.544,4.277559748427672,4.143083333333333,4.2346559514788815,4.261440371728105
boro,Shariatpur,2021-22,2022,4.433,4.51782389937107,4.380833333333333,4.616458528271424,4.5457281017678
boro,Tangail,2021-22,2022,4.213,4.333584905660378,4.27025,4.234025220013002,4.344590863400771
boro,Bagerhat,2021-22,2022,4.601,4.564421383647798,4.317166666666666,4.579318381024076,4.623389117343472
boro,Natore,2021-22,2022,4.285,4.477264150943395,4.54425,4.4226287049263835,4.461210755575732
boro,Nawabganj,2021-22,2022,4.463,4.36966037735849,4.11225,4.2354661339504105,4.380593480499482
boro,Pabna,2021-22,2022,4.145,4.274320754716981,4.09225,4.213740338743561,4.281655974445364
boro,Rajshahi,2021-22,2022,4.111,4.164201257861634,4.106083333333333,4.071608180171531,4.231929873782819
boro,Sirajganj,2021-22,2022,4.485,4.418849056603772,4.361,4.360514593896901,4.423637114446063
boro,Magura,2021-22,2022,3.777,4.081716981132074,4.062,4.10157968845467,4.139019774936768
boro,Meherpur,2021-22,2022,4.079,3.9809245283018857,4.10975,4.038648672783148,4.06541791814042
boro,Narail,2021-22,2022,4.504,4.456220125786162,4.255583333333333,4.48548686833315,4.518549055752887
boro,Lalmonirhat,2021-22,2022,4.189,4.166371069182389,4.119833333333333,4.093143980805536,4.156226955550262
boro,Nilphamari,2021-22,2022,4.331,4.3934150943396215,4.3045,4.347595856903465,4.407243692100162
boro,Panchagarh,2021-22,2022,4.013,4.244088050314463,4.206583333333334,4.207227240140799,4.226186761051921
boro,Rangpur,2021-22,2022,4.576,4.507905660377358,4.38425,4.454540851160176,4.496263368499604
boro,Thakurgaon,2021-22,2022,3.918,4.073792452830188,4.0040000000000004,4.027705599070686,4.068703263344731
boro,Bogra,2021-22,2022,3.858,3.958106918238993,4.000083333333333,3.8871067652875437,3.9551894776991214
boro,Joypurhat,2021-22,2022,3.853,4.045264150943396,4.18,4.107420130941495,4.036743912090792
boro,Naogaon,2021-22,2022,4.477,4.4684842767295585,4.409083333333333,4.355196983692782,4.492552402245375
boro,Sylhet,2021-22,2022,3.387,3.2189748427672944,3.0705833333333334,3.217166615154484,3.2376343598503494
boro,Dinajpur,2021-22,2022,4.076,4.162880503144653,4.169083333333333,4.180808325592778,4.188427606112558
boro,Gaibandha,2021-22,2022,4.017,4.1153962264150925,4.0755,4.033122971978902,4.113312589148587
boro,Kurigram,2021-22,2022,4.397,4.165654088050314,4.2050833333333335,4.100024428300851,4.17575643524834
boro,Habiganj,2021-22,2022,3.779,3.9340251572327034,3.6906666666666665,3.803771937988059,3.9464216990745675
boro,Maulvibazar,2021-22,2022,4.012,4.039364779874213,3.607416666666667,3.8912327838015575,4.112767335091069
boro,Sunamganj,2021-22,2022,4.382,4.08003144654088,3.799583333333333,4.060190336855687,4.075949728596878
boro,Jhalokati,2022-23,2023,3.555,3.675013157894734,3.827583333333333,3.6156990191063,3.7069396881021017
boro,Bhola,2022-23,2023,4.196,4.158394736842103,3.698166666666667,4.137275562982304,4.134741699070103
boro,Barisal,2022-23,2023,4.16,4.105618421052629,3.8987499999999997,4.157539786776137,4.111091468989461
boro,Barguna,2022-23,2023,3.161,3.4339736842105237,3.09,3.415896789573857,3.3905589354611907
boro,Cox's Bazar,2022-23,2023,4.223,4.217671052631577,3.862083333333333,4.191979469412127,4.197952718457147
boro,Comilla,2022-23,2023,4.168,4.2385657894736815,4.01475,4.227581457482606,4.2538585249571375
boro,Chittagong,2022-23,2023,4.058,3.9956315789473664,3.709,3.9713279160726205,3.97266949451433
boro,Chandpur,2022-23,2023,3.372,3.8810657894736815,3.71325,3.864773427875367,3.910689963832883
boro,Brahamanbaria,2022-23,2023,3.95,4.28352631578947,4.057166666666666,4.2872353226580895,4.267548111816017
boro,Bandarban,2022-23,2023,3.909,4.120763157894736,3.614333333333333,4.150311826649883,4.13129985780034
boro,Pirojpur,2022-23,2023,4.085,4.281921052631575,4.070333333333333,4.169154023443754,4.267619764504401
boro,Gazipur,2022-23,2023,4.317,4.315815789473682,4.097,4.303399272955273,4.319891233519047
boro,Faridpur,2022-23,2023,4.532,4.5120921052631555,4.34825,4.502223246050005,4.490746585260764
boro,Dhaka,2022-23,2023,4.596,4.640684210526313,4.466333333333333,4.749147431134248,4.66885890306395
boro,Rangamati,2022-23,2023,4.252,4.239131578947367,4.038833333333334,4.17945197250164,4.217513019454375
boro,Noakhali,2022-23,2023,4.948,4.858631578947364,4.586166666666666,4.805656320742034,4.8760374038976115
boro,Lakshmipur,2022-23,2023,3.439,3.7659868421052622,3.9010833333333337,3.683271559539695,3.7972885537406555
boro,Khagrachhari,2022-23,2023,3.85,3.784776315789472,3.5430833333333336,3.8203072227654573,3.789249166983754
boro,Rajbari,2022-23,2023,4.567,4.366789473684207,4.243333333333333,4.31110260231108,4.353322617771318
boro,Narsingdi,2022-23,2023,3.817,4.011276315789471,3.935916666666667,4.036334786672213,4.0290325979978165
boro,Narayanganj,2022-23,2023,4.164,4.224394736842102,4.059666666666667,4.3161250443206605,4.291447714787163
boro,Munshiganj,2022-23,2023,4.158,4.265276315789471,4.18025,4.210880886170452,4.310868556114474
boro,Manikganj,2022-23,2023,5.013,4.856539473684207,4.597083333333333,4.804505225984685,4.838459813799986
boro,Madaripur,2022-23,2023,4.338,4.407710526315786,4.308333333333334,4.438295521046762,4.409428580105124
boro,Kishoreganj,2022-23,2023,4.236,4.291171052631577,4.234416666666667,4.343681245427946,4.299351545631868
boro,Patuakhali,2022-23,2023,2.397,3.2282631578947343,2.656833333333333,3.312677684523494,3.2156595059428574
boro,Kushtia,2022-23,2023,4.226,4.2264210526315775,4.1851666666666665,4.129176898753419,4.163613689941476
boro,Khulna,2022-23,2023,4.158,4.326355263157892,4.0655833333333335,4.232109971088334,4.333492752681758
boro,Jhenaidah,2022-23,2023,4.36,4.370131578947366,4.4105,4.369359398815179,4.338737572307303
boro,Jessore,2022-23,2023,4.708,4.533776315789471,4.45225,4.5199944249730875,4.529942741854926
boro,Chuadanga,2022-23,2023,4.144,3.9865131578947346,3.9770833333333333,4.02008789895819,3.945822579192243
boro,Bagerhat,2022-23,2023,4.647,4.645473684210523,4.3133333333333335,4.54356828936131,4.63993052585486
boro,Tangail,2022-23,2023,4.356,4.331868421052629,4.258333333333334,4.292979395397092,4.3510462597557575
boro,Feni,2022-23,2023,3.466,3.5788026315789456,3.6010833333333334,3.4911917701556217,3.5882633417165293
boro,Sherpur,2022-23,2023,4.733,4.282789473684208,4.1273333333333335,4.247775680748885,4.296115432926649
boro,Netrakona,2022-23,2023,4.254,4.2697499999999975,4.160416666666666,4.281547418863054,4.240304446745793
boro,Mymensingh,2022-23,2023,4.059,4.149342105263155,4.037833333333333,4.148704114583577,4.136958288897242
boro,Jamalpur,2022-23,2023,4.135,4.0562763157894715,4.033083333333333,4.017189842319308,4.053563999674475
boro,Satkhira,2022-23,2023,3.96,3.9452105263157877,4.010666666666666,3.9069360740434087,3.927904453451536
boro,Narail,2022-23,2023,4.49,4.531644736842104,4.256749999999999,4.502948824603049,4.5207985359304885
boro,Meherpur,2022-23,2023,4.016,3.943315789473682,4.115,3.950540414523559,3.9173286217710355
boro,Gopalganj,2022-23,2023,5.338,5.163236842105261,4.874833333333333,5.164286588954193,5.117209906926271
boro,Sirajganj,2022-23,2023,4.491,4.437236842105261,4.3605,4.396246555115357,4.419136728689043
boro,Rajshahi,2022-23,2023,4.532,4.103921052631577,4.071,4.1964294034816865,4.116883957650926
boro,Pabna,2022-23,2023,4.253,4.323486842105261,4.0832500000000005,4.269478552008378,4.322275790778318
boro,Nawabganj,2022-23,2023,4.617,4.431644736842104,4.0994166666666665,4.380893070561876,4.388474234844594
boro,Natore,2022-23,2023,4.541,4.407118421052629,4.522916666666666,4.3412841831488445,4.377105235265163
boro,Naogaon,2022-23,2023,4.527,4.480276315789472,4.404916666666667,4.503292168176815,4.490358175667717
boro,Joypurhat,2022-23,2023,3.694,4.032065789473682,4.19325,3.940164367410294,4.055754248270407
boro,Shariatpur,2022-23,2023,4.474,4.5624342105263125,4.377416666666667,4.495193705830652,4.584598782311464
boro,Thakurgaon,2022-23,2023,4.046,4.0783421052631565,3.9933333333333336,4.042356184784892,4.093026514752079
boro,Rangpur,2022-23,2023,4.538,4.559171052631576,4.387416666666667,4.51509815495933,4.564240085806103
boro,Panchagarh,2022-23,2023,4.337,4.200039473684208,4.179583333333333,4.177994968332909,4.173085241945908
boro,Nilphamari,2022-23,2023,4.422,4.409855263157892,4.296916666666667,4.36503464604912,4.383032426535527
boro,Lalmonirhat,2022-23,2023,4.266,4.167723684210524,4.113416666666667,4.1143841272612365,4.174779553564027
boro,Kurigram,2022-23,2023,4.281,4.1679342105263135,4.2147499999999996,4.116937604541243,4.146957409179106
boro,Gaibandha,2022-23,2023,4.196,4.097355263157893,4.060583333333334,4.015872511414645,4.097739383690232
boro,Magura,2022-23,2023,4.085,4.036210526315786,4.036333333333333,4.011060571076198,4.025708630848378
boro,Sylhet,2022-23,2023,3.318,3.2828421052631565,3.076333333333333,3.198994266220612,3.249065433681538
boro,Sunamganj,2022-23,2023,4.453,4.161394736842102,3.7936666666666667,4.123002044110112,4.1174919847685425
boro,Maulvibazar,2022-23,2023,4.842,4.0354078947368395,3.53825,4.0192626270105425,4.035934206094688
boro,Bogra,2022-23,2023,4.129,3.8917894736842085,3.9775000000000005,3.913132703087472,3.881104897264533
boro,Dinajpur,2022-23,2023,4.209,4.136631578947368,4.158,4.145110745620551,4.134206525364169
boro,Habiganj,2022-23,2023,4.103,3.9638157894736823,3.6636666666666664,3.9714375527772883,3.9569159776373355
boro,Barguna,2023-24,2024,3.337,3.4965454545454557,3.075333333333333,3.5494065509993056,3.493107338853414
boro,Chandpur,2023-24,2024,3.504,3.9121538461538456,3.70225,4.002629559099914,3.8797282409927742
boro,Brahamanbaria,2023-24,2024,4.006,4.346398601398601,4.0525,4.342470815874156,4.2990759888565195
boro,Bandarban,2023-24,2024,3.945,4.267090909090908,3.611333333333333,4.156691570457495,4.2105019861343935
boro,Pirojpur,2023-24,2024,4.185,4.323678321678322,4.062,4.375125685043563,4.301238896329718
boro,Patuakhali,2023-24,2024,2.384,3.428706293706293,2.6579166666666665,3.5071963090952623,3.433631776363794
boro,Jhalokati,2023-24,2024,3.605,3.6207622377622375,3.8234166666666667,3.8016899331555827,3.6401030790248767
boro,Bhola,2023-24,2024,4.241,4.279979020979021,3.6944166666666667,4.329392099632588,4.2281236947742205
boro,Barisal,2023-24,2024,4.204,4.152475524475524,3.8950833333333335,4.301559391986806,4.181581402221
boro,Rangamati,2023-24,2024,4.346,4.271874125874127,4.031,4.273230281803776,4.203023076682512
boro,Noakhali,2023-24,2024,4.975,4.928167832167832,4.583916666666666,4.8798857902263055,4.870789477149061
boro,Lakshmipur,2023-24,2024,3.482,3.726013986013987,3.8975000000000004,3.7671549877363053,3.7131290863197783
boro,Khagrachhari,2023-24,2024,3.867,3.848846153846154,3.5416666666666665,3.862681916783303,3.817428218297642
boro,Feni,2023-24,2024,3.506,3.565293706293706,3.59775,3.5180352989526695,3.491515066614337
boro,Cox's Bazar,2023-24,2024,4.195,4.32955944055944,3.8644166666666666,4.286224199166556,4.316606101041952
boro,Comilla,2023-24,2024,4.135,4.315769230769231,4.0175,4.267521091345815,4.275566232653395
boro,Chittagong,2023-24,2024,4.063,4.076272727272726,3.7085833333333333,4.034563529952872,4.0376285798650065
boro,Munshiganj,2023-24,2024,4.108,4.307636363636362,4.1844166666666665,4.398094094517187,4.266556015122431
boro,Manikganj,2023-24,2024,5.019,4.925636363636363,4.596583333333333,4.96386209530204,4.91443381380722
boro,Madaripur,2023-24,2024,4.266,4.4589720279720275,4.314333333333333,4.598942448238277,4.461113140194022
boro,Kishoreganj,2023-24,2024,4.298,4.29286013986014,4.2292499999999995,4.2669074617156095,4.2832693539650615
boro,Gopalganj,2023-24,2024,5.375,5.231741258741259,4.87175,5.305741148068034,5.215642161132493
boro,Gazipur,2023-24,2024,4.378,4.363405594405595,4.091916666666667,4.402121371415357,4.315850124012148
boro,Faridpur,2023-24,2024,4.66,4.524608391608393,4.337583333333334,4.542863362379944,4.516293920839189
boro,Dhaka,2023-24,2024,4.646,4.679818181818182,4.462166666666667,4.789684041310995,4.71970187908156
boro,Jessore,2023-24,2024,4.722,4.547811188811189,4.451083333333333,4.596388333195244,4.536290247409736
boro,Chuadanga,2023-24,2024,4.124,3.9892307692307694,3.9787500000000002,3.94185345109875,3.951798910107079
boro,Bagerhat,2023-24,2024,4.639,4.745153846153846,4.314,4.794210528405331,4.732146282734653
boro,Tangail,2023-24,2024,4.376,4.347167832167831,4.256666666666667,4.380918577612467,4.348366155129258
boro,Shariatpur,2023-24,2024,4.579,4.59123076923077,4.368666666666667,4.626923087695039,4.567327529786451
boro,Rajbari,2023-24,2024,4.51,4.411594405594405,4.248083333333333,4.424667071801603,4.385612023243774
boro,Narsingdi,2023-24,2024,3.834,4.035566433566433,3.9345,4.074703995248694,4.002860547311502
boro,Narayanganj,2023-24,2024,4.319,4.232615384615385,4.04675,4.322441475196062,4.19978200295568
boro,Jamalpur,2023-24,2024,4.263,4.025426573426572,4.0224166666666665,4.008426747984065,4.029023433563098
boro,Satkhira,2023-24,2024,3.983,3.9191958041958026,4.00875,3.953768221093456,3.9040496419791344
boro,Narail,2023-24,2024,4.537,4.601020979020979,4.252833333333333,4.631593200692714,4.585526094105148
boro,Meherpur,2023-24,2024,4.177,3.84644055944056,4.101583333333333,3.938489168188414,3.8398369183965357
boro,Magura,2023-24,2024,4.16,4.014013986013986,4.030083333333333,4.022519319283534,3.9944779333632674
boro,Kushtia,2023-24,2024,4.375,4.197916083916084,4.17275,4.268607770057267,4.158312421499178
boro,Khulna,2023-24,2024,4.254,4.3826503496503495,4.0575833333333335,4.460988634481566,4.376092478452583
boro,Jhenaidah,2023-24,2024,4.433,4.33872027972028,4.404416666666667,4.338895617463233,4.3218515051153
boro,Nawabganj,2023-24,2024,4.477,4.5609230769230775,4.111083333333333,4.6497700424658435,4.509799503795972
boro,Natore,2023-24,2024,4.564,4.362153846153846,4.521,4.385197851344977,4.356720006285784
boro,Naogaon,2023-24,2024,4.514,4.504321678321677,4.406,4.494061481271092,4.514723475823608
boro,Joypurhat,2023-24,2024,3.774,3.974727272727272,4.186583333333333,3.9804370314137745,4.043942825688205
boro,Bogra,2023-24,2024,4.179,3.844685314685314,3.973333333333333,3.8514752195993354,3.8996806940633606
boro,Sherpur,2023-24,2024,4.712,4.318433566433567,4.129083333333333,4.295652406033673,4.333451517692613
boro,Netrakona,2023-24,2024,4.289,4.292867132867133,4.1575,4.300190814315908,4.278861688236794
boro,Mymensingh,2023-24,2024,4.123,4.167797202797203,4.0325,4.1767508111205505,4.129607846036901
boro,Nilphamari,2023-24,2024,4.416,4.444237762237763,4.297416666666667,4.438737829513825,4.429893024898967
boro,Lalmonirhat,2023-24,2024,4.264,4.180783216783216,4.113583333333334,4.2197674343363225,4.157982719239663
boro,Kurigram,2023-24,2024,4.165,4.181867132867133,4.2244166666666665,4.209142029277036,4.1536923612684316
boro,Gaibandha,2023-24,2024,4.33,4.068160839160838,4.049416666666667,4.070469785921445,4.075884856270228
boro,Dinajpur,2023-24,2024,4.175,4.137097902097903,4.160833333333334,4.218067819945063,4.171273948823633
boro,Sirajganj,2023-24,2024,4.591,4.430622377622379,4.352166666666666,4.450934370046594,4.445711866548395
boro,Rajshahi,2023-24,2024,4.456,4.11934965034965,4.077333333333333,4.094894447903589,4.124236691634917
boro,Pabna,2023-24,2024,4.548,4.316055944055945,4.058666666666666,4.410396033246123,4.315182043264042
boro,Sylhet,2023-24,2024,3.452,3.30572027972028,3.0651666666666664,3.2809456917323376,3.257300641303812
boro,Sunamganj,2023-24,2024,4.455,4.258657342657342,3.7935,4.24966418003295,4.237393522930788
boro,Maulvibazar,2023-24,2024,4.862,4.1477692307692315,3.536583333333333,4.212975956536548,4.105400757722042
boro,Habiganj,2023-24,2024,4.3,3.993377622377623,3.6472499999999997,3.9867250371354896,3.9657545248822177
boro,Thakurgaon,2023-24,2024,4.062,4.100076923076924,3.9920000000000004,4.107096142924743,4.090661875002355
boro,Rangpur,2023-24,2024,4.596,4.594538461538462,4.382583333333334,4.585313202544664,4.610980152580167
boro,Panchagarh,2023-24,2024,4.446,4.171531468531468,4.1705,4.164964555190115,4.16200210379784
boro,Bandarban,2024-25,2025,4.609,4.197136363636363,3.5559999999999996,4.183828859532205,4.19067603649463
boro,Pirojpur,2024-25,2025,4.405,4.313257575757574,4.043666666666667,4.270220991762551,4.261070561503144
boro,Patuakhali,2024-25,2025,4.359,2.924287878787878,2.493333333333333,2.926625373175163,2.8706883698118766
boro,Jhalokati,2024-25,2025,3.873,3.468378787878787,3.801083333333333,3.434678395451082,3.4367545431624174
boro,Bhola,2024-25,2025,4.362,4.384969696969696,3.6843333333333335,4.388668886555612,4.293474901642937
boro,Barisal,2024-25,2025,4.22,4.209590909090908,3.8937500000000003,4.168650503343988,4.2155375734545615
boro,Barguna,2024-25,2025,3.489,3.553439393939393,3.062666666666667,3.559176695352526,3.5373554659817534
boro,Lakshmipur,2024-25,2025,3.624,3.639666666666664,3.885666666666667,3.6537830358201386,3.5996748155275275
boro,Khagrachhari,2024-25,2025,3.774,3.961439393939394,3.549416666666667,3.9801052141643707,3.9931015433403
boro,Feni,2024-25,2025,3.702,3.485484848484848,3.5814166666666662,3.4874304968704255,3.4961574538186353
boro,Cox's Bazar,2024-25,2025,4.43,4.365060606060606,3.8448333333333333,4.352857116893802,4.341706470745586
boro,Comilla,2024-25,2025,4.273,4.347636363636363,4.006,4.330314463722163,4.355769537747711
boro,Chittagong,2024-25,2025,4.116,4.150393939393939,3.704166666666667,4.1672493115701394,4.158353040620576
boro,Chandpur,2024-25,2025,3.705,3.907999999999998,3.6854999999999998,3.9149848041626787,3.887908049560125
boro,Brahamanbaria,2024-25,2025,4.339,4.310545454545453,4.02475,4.2535849970253805,4.324572535403522
boro,Madaripur,2024-25,2025,4.506,4.413651515151516,4.294333333333333,4.3893006377886525,4.424476573114882
boro,Kishoreganj,2024-25,2025,4.387,4.275106060606061,4.2218333333333335,4.240384861678868,4.316923971813523
boro,Gopalganj,2024-25,2025,5.284,5.351333333333332,4.879333333333333,5.339561067334172,5.309068826489961
boro,Gazipur,2024-25,2025,4.357,4.43980303030303,4.093666666666667,4.404725204110932,4.473655981512525
boro,Faridpur,2024-25,2025,4.69,4.55469696969697,4.335083333333333,4.5324521877296515,4.552111557766442
boro,Dhaka,2024-25,2025,4.314,4.862515151515151,4.489833333333333,4.82041120713276,4.93847103480788
boro,Rangamati,2024-25,2025,4.223,4.37640909090909,4.04125,4.3507277433287115,4.386786349709032
boro,Noakhali,2024-25,2025,4.756,5.09662121212121,4.602166666666666,5.097214750075922,5.164556175857729
boro,Bagerhat,2024-25,2025,4.611,4.870333333333333,4.316333333333334,4.829133039079549,4.816960252504187
boro,Tangail,2024-25,2025,4.433,4.347303030303029,4.251916666666667,4.286603349999442,4.356670295696332
boro,Shariatpur,2024-25,2025,4.647,4.622681818181817,4.363,4.609953213384714,4.585143071375858
boro,Rajbari,2024-25,2025,4.437,4.4763939393939385,4.254166666666666,4.435284615694574,4.50741171936741
boro,Narsingdi,2024-25,2025,4.512,3.813636363636364,3.878,3.768235722078946,3.826803065554381
boro,Narayanganj,2024-25,2025,4.473,4.217666666666665,4.033916666666666,4.193224027202266,4.268807799032635
boro,Munshiganj,2024-25,2025,4.203,4.312090909090909,4.1765,4.317301459016653,4.3312130854692485
boro,Manikganj,2024-25,2025,4.996,5.013863636363634,4.5985000000000005,4.949238135806446,5.029577890820727
boro,Narail,2024-25,2025,4.564,4.682333333333333,4.250583333333333,4.673362384571554,4.68364644130471
boro,Meherpur,2024-25,2025,3.945,3.8543484848484817,4.120916666666667,3.7552711430568113,3.8962506119647116
boro,Magura,2024-25,2025,4.511,3.870333333333333,4.0008333333333335,3.833056417516963,3.9041440650412675
boro,Kushtia,2024-25,2025,4.487,4.153848484848484,4.1634166666666665,4.035815983563602,4.179512486244356
boro,Khulna,2024-25,2025,4.468,4.3901818181818175,4.03975,4.378020546546385,4.377588651442029
boro,Jhenaidah,2024-25,2025,4.259,4.383621212121212,4.418916666666667,4.346625598445026,4.399275332485408
boro,Jessore,2024-25,2025,4.457,4.664893939393939,4.473166666666667,4.65670296447497,4.6562095149974025
boro,Chuadanga,2024-25,2025,4.206,3.95471212121212,3.971916666666667,3.930441922523465,3.962735626226081
boro,Naogaon,2024-25,2025,4.801,4.42019696969697,4.382083333333333,4.37144021943933,4.430569015898554
boro,Joypurhat,2024-25,2025,4.615,3.611363636363635,4.116499999999999,3.521007282921677,3.664883875989292
boro,Bogra,2024-25,2025,3.902,3.9016666666666664,3.9964166666666667,3.831730365533415,3.9479521134145155
boro,Sherpur,2024-25,2025,3.948,4.638136363636363,4.19275,4.594794215335441,4.6324799011391065
boro,Netrakona,2024-25,2025,4.533,4.235075757575757,4.137166666666666,4.202927838518023,4.2182387752151405
boro,Mymensingh,2024-25,2025,4.396,4.100863636363635,4.0097499999999995,4.067074171643683,4.067672314272914
boro,Jamalpur,2024-25,2025,3.871,4.1638787878787875,4.055083333333333,4.110004087394406,4.135109100909581
boro,Satkhira,2024-25,2025,4.159,3.826833333333332,3.9940833333333337,3.837739147815579,3.776930399169676
boro,Kurigram,2024-25,2025,4.316,4.114606060606061,4.211833333333334,4.05201020581204,4.141175448273819
boro,Gaibandha,2024-25,2025,4.397,4.035651515151514,4.043833333333333,3.9851031374361274,4.022266216942091
boro,Dinajpur,2024-25,2025,4.349,4.063424242424241,4.146333333333334,4.03054624728928,4.077872370758109
boro,Sirajganj,2024-25,2025,4.549,4.45921212121212,4.355666666666667,4.382375862440396,4.489630131301825
boro,Rajshahi,2024-25,2025,4.021,4.2795151515151515,4.113583333333334,4.2197415696447464,4.364662853443757
boro,Pabna,2024-25,2025,4.521,4.381257575757575,4.0609166666666665,4.306770871738261,4.410163125861833
boro,Nawabganj,2024-25,2025,4.834,4.544015151515151,4.081333333333333,4.503221341102504,4.549513392447755
boro,Natore,2024-25,2025,4.414,4.369363636363636,4.5335,4.316221296275122,4.383957710114612
boro,Sunamganj,2024-25,2025,4.35,4.40790909090909,3.8022500000000004,4.32235513825672,4.416983007993982
boro,Maulvibazar,2024-25,2025,4.14,4.544363636363634,3.59675,4.492374433701055,4.597822859084738
boro,Habiganj,2024-25,2025,4.276,4.076636363636363,3.64925,4.0243875617687905,4.098763090095851
boro,Thakurgaon,2024-25,2025,4.46,3.978560606060607,3.958833333333333,3.9490815567381308,3.989186940992708
boro,Rangpur,2024-25,2025,4.565,4.660166666666665,4.385166666666667,4.59968359339485,4.667751840024
boro,Panchagarh,2024-25,2025,4.409,4.173333333333332,4.173583333333333,4.1013653376508135,4.141322210902567
boro,Nilphamari,2024-25,2025,4.599,4.413575757575757,4.282166666666667,4.3794987141899835,4.400320164423088
boro,Lalmonirhat,2024-25,2025,4.386,4.147893939393938,4.103416666666667,4.081508155400696,4.178883058393247
boro,Sylhet,2024-25,2025,3.501,3.3417424242424225,3.061083333333333,3.2837270104608645,3.3781139641266127
