{"type":"FeatureCollection","attribution":"geoBoundaries gbOpen (CC BY 4.0)","features":[{"type":"Feature","id":"ADM3_Abhaynagar","properties":{"id":"ADM3_Abhaynagar","name":"Abhaynagar","district":"Jessore"},"geometry":{"type":"Polygon","coordinates":[[[89.5011,23.0332],[89.4896,23.0377],[89.4675,23.0327],[89.4574,23.0409],[89.4544,23.054],[89.4491,23.0503],[89.4438,23.0549],[89.4439,23.0665],[89.4533,23.0681],[89.4405,23.0735],[89.4423,23.1146],[89.4166,23.0831],[89.3992,23.0843],[89.3998,23.0768],[89.3778,23.0877],[89.3826,23.0965],[89.3695,23.098],[89.3654,23.1096],[89.3515,23.11],[89.3433,23.0943],[89.3051,23.0952],[89.3198,23.0698],[89.3136,23.0679],[89.3176,23.0562],[89.3265,23.0529],[89.3264,23.0451],[89.3317,23.04],[89.3281,23.0299],[89.3372,23.0236],[89.3335,22.9912],[89.3392,22.9954],[89.3395,23.0107],[89.3453,23.01],[89.3489,23.016],[89.3565,23.0139],[89.3555,22.9843],[89.3679,22.9657],[89.3602,22.947],[89.3613,22.9382],[89.3539,22.9349],[89.3585,22.923],[89.3696,22.9339],[89.3958,22.9336],[89.3921,22.939],[89.4008,22.9443],[89.4063,22.9568],[89.427,22.9619],[89.4301,22.9949],[89.4385,23.0076],[89.4516,23.0102],[89.4604,23.0076],[89.4777,22.9772],[89.4853,22.9494],[89.5145,22.9276],[89.5192,22.9309],[89.5227,22.9431],[89.5445,22.9513],[89.5626,22.9704],[89.5605,22.9838],[89.5453,22.9773],[89.5371,22.9843],[89.5347,22.9967],[89.5303,22.9963],[89.5295,23.0068],[89.5097,23.0159],[89.5011,23.0332]]]}},{"type":"Feature","id":"ADM3_Adabor","properties":{"id":"ADM3_Adabor","name":"Adabor","district":"Dhaka"},"geometry":{"type":"Polygon","coordinates":[[[90.3577,23.7766],[90.3508,23.7783],[90.3423,23.7721],[90.3495,23.7622],[90.3589,23.7624],[90.3592,23.7706],[90.3656,23.7749],[90.3577,23.7766]]]}},{"type":"Feature","id":"ADM3_Adamdighi","properties":{"id":"ADM3_Adamdighi","name":"Adamdighi","district":"Bogra"},"geometry":{"type":"Polygon","coordinates":[[[89.0852,24.8731],[89.0772,24.8688],[89.0657,24.8729],[89.0543,24.8608],[89.0398,24.8635],[89.0354,24.8564],[89.0203,24.857],[89.0151,24.8489],[89.0106,24.8504],[89.0095,24.8586],[88.99,24.8594],[88.9773,24.8535],[88.9757,24.8378],[88.9789,24.8295],[88.9873,24.8291],[88.988,24.8254],[88.9699,24.8233],[88.9733,24.8091],[88.9822,24.8031],[88.9774,24.8027],[88.9765,24.7901],[88.9709,24.7895],[88.9778,24.7837],[88.9748,24.7725],[88.9663,24.7642],[88.9635,24.7545],[88.9676,24.7452],[88.9624,24.7467],[88.9636,24.7434],[88.9734,24.739],[88.9801,24.7471],[88.9898,24.7435],[88.9892,24.7545],[88.9972,24.7664],[89.0113,24.7638],[89.0142,24.7701],[89.0213,24.7714],[89.0252,24.7821],[89.0376,24.781],[89.0502,24.7905],[89.0548,24.7808],[89.0596,24.7864],[89.0631,24.7813],[89.0689,24.7849],[89.0717,24.7819],[89.0768,24.7891],[89.0884,24.7847],[89.0818,24.7647],[89.0878,24.763],[89.085,24.7588],[89.089,24.7527],[89.0963,24.7513],[89.084,24.7407],[89.0969,24.7342],[89.088,24.7271],[89.0834,24.73],[89.0835,24.7186],[89.099,24.7258],[89.1071,24.7153],[89.1206,24.7144],[89.118,24.721],[89.1107,24.7216],[89.1154,24.7246],[89.1283,24.7211],[89.1302,24.7141],[89.1317,24.7261],[89.1277,24.7226],[89.1264,24.7311],[89.1232,24.7299],[89.129,24.7329],[89.1264,24.7386],[89.1333,24.7425],[89.1361,24.7325],[89.1424,24.7377],[89.1375,24.7561],[89.1558,24.767],[89.1547,24.7769],[89.1675,24.7704],[89.1682,24.7801],[89.1596,24.7825],[89.1582,24.7933],[89.1523,24.7946],[89.1551,24.7985],[89.1479,24.799],[89.1472,24.8056],[89.1055,24.8106],[89.103,24.8193],[89.0961,24.8166],[89.0829,24.8278],[89.0858,24.8376],[89.099,24.8413],[89.0948,24.8566],[89.0803,24.8565],[89.0896,24.8678],[89.0852,24.8731]]]}},{"type":"Feature","id":"ADM3_Aditmari","properties":{"id":"ADM3_Aditmari","name":"Aditmari","district":"Lalmonirhat"},"geometry":{"type":"MultiPolygon","coordinates":[[[[89.4599,25.9998],[89.4274,26.0132],[89.4339,26.0305],[89.4295,26.0435],[89.4227,26.0469],[89.4189,26.042],[89.4074,26.0416],[89.4031,26.0277],[89.3908,26.023],[89.3924,26.0072],[89.3723,26.0122],[89.3677,26.0096],[89.3661,25.9913],[89.3283,25.9867],[89.3235,25.9803],[89.3269,25.9738],[89.3215,25.9698],[89.3247,25.9634],[89.3212,25.9545],[89.3116,25.9444],[89.2997,25.9417],[89.3021,25.931],[89.2751,25.9325],[89.2796,25.9288],[89.2794,25.916],[89.2746,25.9194],[89.2768,25.9039],[89.2876,25.9002],[89.2928,25.8805],[89.3055,25.8668],[89.335,25.8496],[89.3353,25.8584],[89.3505,25.8622],[89.3494,25.8668],[89.3463,25.8639],[89.3468,25.8788],[89.3522,25.8748],[89.3802,25.8746],[89.3772,25.8812],[89.3852,25.8798],[89.3922,25.8852],[89.3904,25.8958],[89.4007,25.8946],[89.402,25.8989],[89.4162,25.9035],[89.4165,25.9141],[89.4226,25.916],[89.4163,25.9223],[89.4206,25.9228],[89.4262,25.9143],[89.4365,25.9246],[89.4376,25.9509],[89.4321,25.961],[89.4407,25.9667],[89.4373,25.9773],[89.4427,25.9884],[89.4403,25.9916],[89.4599,25.9998]]],[[[89.4022,26.0935],[89.3979,26.0944],[89.3957,26.0833],[89.4077,26.0788],[89.4133,26.0821],[89.4116,26.0772],[89.4212,26.0808],[89.4202,26.0885],[89.4022,26.0935]]],[[[89.4232,26.1062],[89.4154,26.1051],[89.4144,26.0994],[89.4269,26.0985],[89.4232,26.1062]]]]}},{"type":"Feature","id":"ADM3_Agailjhara","properties":{"id":"ADM3_Agailjhara","name":"Agailjhara","district":"Barisal"},"geometry":{"type":"Polygon","coordinates":[[[90.222,22.9184],[90.2208,22.9257],[90.2125,22.9243],[90.2036,22.9309],[90.2018,22.9409],[90.211,22.9518],[90.1929,22.9584],[90.1876,22.9712],[90.1888,22.9867],[90.1835,22.9873],[90.1824,22.9947],[90.1946,23.0027],[90.1874,23.0084],[90.1903,23.016],[90.1837,23.0263],[90.1915,23.0382],[90.1873,23.0378],[90.1825,23.0464],[90.1357,23.0432],[90.127,23.0259],[90.1267,23.0057],[90.0948,23.0068],[90.0838,22.9811],[90.0775,22.9828],[90.0688,22.9679],[90.0582,22.9713],[90.0568,22.9492],[90.0609,22.9427],[90.0574,22.9299],[90.0681,22.9256],[90.127,22.9179],[90.15,22.9211],[90.1763,22.9173],[90.1737,22.91],[90.1886,22.903],[90.1927,22.9077],[90.2044,22.9003],[90.2071,22.9096],[90.2159,22.9102],[90.2184,22.9203],[90.222,22.9184]]]}},{"type":"Feature","id":"ADM3_Ajmiriganj","properties":{"id":"ADM3_Ajmiriganj","name":"Ajmiriganj","district":"Habiganj"},"geometry":{"type":"Polygon","coordinates":[[[91.2191,24.4851],[91.2479,24.4919],[91.2508,24.4909],[91.2469,24.4835],[91.2558,24.4826],[91.2627,24.4844],[91.26,24.4898],[91.2691,24.4907],[91.2702,24.4818],[91.2802,24.4878],[91.2805,24.4745],[91.2929,24.4724],[91.2981,24.479],[91.3106,24.4795],[91.3026,24.4833],[91.2975,24.5036],[91.3059,24.5051],[91.3069,24.4971],[91.3115,24.4968],[91.3156,24.513],[91.3243,24.5125],[91.3209,24.5174],[91.3241,24.5275],[91.3199,24.5359],[91.308,24.537],[91.3045,24.5475],[91.3089,24.5507],[91.3489,24.5448],[91.3546,24.5628],[91.3586,24.562],[91.3611,24.5788],[91.3409,24.5867],[91.3591,24.5948],[91.364,24.5897],[91.3733,24.6096],[91.378,24.6104],[91.375,24.6172],[91.363,24.6233],[91.3392,24.6251],[91.3373,24.6357],[91.3498,24.6286],[91.3643,24.6426],[91.359,24.6459],[91.3609,24.6496],[91.3386,24.652],[91.3343,24.6629],[91.3128,24.6465],[91.3051,24.6544],[91.3081,24.6368],[91.2937,24.5972],[91.2736,24.5982],[91.2727,24.6057],[91.2646,24.5929],[91.2651,24.5797],[91.234,24.569],[91.2128,24.523],[91.191,24.5008],[91.1791,24.4944],[91.1693,24.5007],[91.1513,24.4828],[91.1537,24.4764],[91.1668,24.4855],[91.1916,24.4817],[91.1953,24.4781],[91.1879,24.4774],[91.1841,24.4712],[91.1961,24.4661],[91.2053,24.4809],[91.2198,24.4748],[91.2147,24.4822],[91.2191,24.4851]]]}},{"type":"Feature","id":"ADM3_Akhaura","properties":{"id":"ADM3_Akhaura","name":"Akhaura","district":"Brahamanbaria"},"geometry":{"type":"Polygon","coordinates":[[[91.2269,23.7903],[91.2337,23.811],[91.254,23.8372],[91.2357,23.8777],[91.2295,23.8807],[91.2284,23.8988],[91.2448,23.9071],[91.2426,23.9098],[91.231,23.9021],[91.2079,23.9038],[91.2097,23.8924],[91.1986,23.8859],[91.2002,23.8711],[91.1845,23.8525],[91.1719,23.8533],[91.1774,23.8679],[91.1742,23.8722],[91.1668,23.8721],[91.158,23.8633],[91.1586,23.8465],[91.1405,23.8624],[91.1372,23.8442],[91.1242,23.8409],[91.1179,23.8235],[91.1209,23.822],[91.1181,23.808],[91.1313,23.8177],[91.1461,23.8093],[91.1566,23.8098],[91.1572,23.8146],[91.1601,23.8097],[91.1622,23.8182],[91.1666,23.8137],[91.1773,23.8206],[91.172,23.7917],[91.1809,23.7985],[91.1955,23.8005],[91.1973,23.7971],[91.2049,23.8024],[91.2038,23.7889],[91.2,23.7903],[91.2019,23.781],[91.2041,23.7866],[91.2108,23.7802],[91.2269,23.7903]]]}},{"type":"Feature","id":"ADM3_Akkelpur","properties":{"id":"ADM3_Akkelpur","name":"Akkelpur","district":"Joypurhat"},"geometry":{"type":"Polygon","coordinates":[[[89.0852,24.8731],[89.0895,24.8772],[89.0825,24.8766],[89.0759,24.8863],[89.0812,24.8933],[89.0883,24.8881],[89.098,24.8914],[89.1006,24.9031],[89.0946,24.9041],[89.0836,24.9286],[89.0954,24.9438],[89.088,24.9601],[89.1,24.9627],[89.101,24.9779],[89.0794,24.9765],[89.0743,24.9821],[89.0618,24.9815],[89.057,24.9848],[89.0595,24.9947],[89.0476,24.9893],[89.0527,24.9935],[89.0503,24.9988],[89.0453,24.9967],[89.0456,25.0147],[89.0165,25.0473],[89.0095,25.0363],[89.0187,25.0262],[89.0093,25.0212],[89.0178,25.018],[89.0093,25.0081],[89.0121,24.9823],[89.0,24.9728],[89.0037,24.9693],[89.0037,24.958],[88.9994,24.9538],[89.0043,24.9309],[88.9999,24.9096],[89.0075,24.8992],[89.0002,24.885],[88.9905,24.8784],[88.9945,24.8682],[88.99,24.8594],[89.0095,24.8586],[89.0106,24.8504],[89.0151,24.8489],[89.0203,24.857],[89.0354,24.8564],[89.0398,24.8635],[89.0543,24.8608],[89.0657,24.8729],[89.0772,24.8688],[89.0852,24.8731]]]}},{"type":"Feature","id":"ADM3_Alamdanga","properties":{"id":"ADM3_Alamdanga","name":"Alamdanga","district":"Chuadanga"},"geometry":{"type":"Polygon","coordinates":[[[88.9883,23.7863],[88.9767,23.789],[88.9742,23.8015],[88.9576,23.809],[88.9475,23.8011],[88.9376,23.804],[88.9389,23.7964],[88.9333,23.7981],[88.9221,23.7864],[88.9107,23.784],[88.9222,23.8164],[88.9073,23.8379],[88.9032,23.8397],[88.8929,23.8273],[88.8785,23.8334],[88.864,23.8294],[88.849,23.8318],[88.8437,23.8204],[88.8321,23.8143],[88.8177,23.771],[88.8138,23.7736],[88.797,23.7686],[88.7917,23.7721],[88.7884,23.7674],[88.7865,23.7423],[88.7799,23.7364],[88.779,23.7218],[88.7841,23.7174],[88.7739,23.6983],[88.7933,23.7003],[88.8045,23.6814],[88.8174,23.6856],[88.8346,23.6832],[88.8335,23.6904],[88.8427,23.6924],[88.851,23.675],[88.8522,23.6808],[88.8635,23.6807],[88.8795,23.69],[88.887,23.6851],[88.9009,23.6888],[88.9059,23.6823],[88.9014,23.6691],[88.9143,23.6506],[88.9129,23.6368],[88.9288,23.6204],[88.9354,23.6267],[88.9429,23.6215],[88.9784,23.6223],[88.9824,23.6154],[88.9964,23.6256],[89.0069,23.6215],[89.0105,23.627],[89.004,23.6418],[89.0087,23.6411],[89.0119,23.656],[89.0061,23.6688],[89.0069,23.6919],[89.0108,23.707],[89.0173,23.7087],[89.0076,23.7228],[89.0063,23.7479],[88.9896,23.7523],[89.0062,23.7863],[88.9996,23.782],[88.9883,23.7863]]]}},{"type":"Feature","id":"ADM3_Alfadanga","properties":{"id":"ADM3_Alfadanga","name":"Alfadanga","district":"Faridpur"},"geometry":{"type":"Polygon","coordinates":[[[89.7331,23.2913],[89.722,23.299],[89.7139,23.2897],[89.6979,23.301],[89.6995,23.3102],[89.7119,23.3089],[89.7121,23.3156],[89.6884,23.3327],[89.6848,23.3449],[89.676,23.3422],[89.6717,23.3539],[89.6592,23.3522],[89.6546,23.3566],[89.6459,23.3559],[89.6397,23.3651],[89.6348,23.3632],[89.6409,23.3691],[89.634,23.3834],[89.6225,23.3858],[89.6167,23.3781],[89.6133,23.3809],[89.6185,23.3827],[89.6176,23.3868],[89.6142,23.3816],[89.5994,23.3792],[89.608,23.3698],[89.6037,23.3394],[89.6165,23.3167],[89.6303,23.3038],[89.6454,23.2985],[89.6333,23.2977],[89.621,23.3077],[89.6177,23.3044],[89.6222,23.2958],[89.6303,23.29],[89.6529,23.2888],[89.6691,23.2783],[89.6488,23.273],[89.6368,23.2616],[89.632,23.2491],[89.6374,23.2333],[89.6475,23.2346],[89.6637,23.246],[89.6704,23.2442],[89.6874,23.2241],[89.6843,23.2122],[89.688,23.2104],[89.7157,23.2317],[89.7159,23.241],[89.7312,23.2474],[89.7305,23.257],[89.7416,23.2616],[89.7512,23.2751],[89.7453,23.2851],[89.7331,23.2913]]]}},{"type":"Feature","id":"ADM3_Alikadam","properties":{"id":"ADM3_Alikadam","name":"Alikadam","district":"Bandarban"},"geometry":{"type":"Polygon","coordinates":[[[92.5282,21.3797],[92.5191,21.3947],[92.5194,21.4418],[92.4892,21.5328],[92.4984,21.5441],[92.502,21.578],[92.4624,21.635],[92.3623,21.8355],[92.321,21.804],[92.3024,21.7725],[92.2726,21.7554],[92.2513,21.7078],[92.2229,21.6791],[92.2407,21.6242],[92.2472,21.6217],[92.2644,21.5968],[92.2961,21.5775],[92.3152,21.5591],[92.3376,21.5227],[92.358,21.4719],[92.381,21.4799],[92.4281,21.4236],[92.4388,21.3652],[92.4596,21.3691],[92.4991,21.3611],[92.5111,21.3639],[92.5085,21.3773],[92.5282,21.3797]]]}},{"type":"Feature","id":"ADM3_Amtali","properties":{"id":"ADM3_Amtali","name":"Amtali","district":"Barguna"},"geometry":{"type":"MultiPolygon","coordinates":[[[[90.1539,22.1225],[90.1759,22.1274],[90.1668,22.1307],[90.1539,22.1225]]],[[[90.3441,22.1095],[90.3435,22.1294],[90.337,22.138],[90.3366,22.1654],[90.3492,22.1801],[90.3659,22.188],[90.3719,22.1977],[90.3672,22.2007],[90.3535,22.1953],[90.3478,22.2023],[90.3632,22.2152],[90.3582,22.2191],[90.3596,22.2317],[90.3496,22.2305],[90.3431,22.2385],[90.3353,22.2383],[90.3345,22.245],[90.3284,22.2454],[90.334,22.2635],[90.303,22.2437],[90.2886,22.2433],[90.2917,22.2362],[90.287,22.235],[90.2826,22.2489],[90.2884,22.2475],[90.2901,22.2577],[90.2814,22.2555],[90.2718,22.2626],[90.2459,22.2617],[90.2342,22.2395],[90.2254,22.2343],[90.2329,22.228],[90.225,22.2171],[90.2377,22.1938],[90.2232,22.1712],[90.2196,22.1453],[90.225,22.1417],[90.2167,22.1205],[90.1946,22.1069],[90.184,22.1061],[90.1589,22.1147],[90.1403,22.0843],[90.0903,22.0415],[90.0753,22.0044],[90.0769,21.9834],[90.0712,21.9697],[90.054,21.9555],[90.0286,21.9452],[90.0235,21.9172],[90.0303,21.9215],[90.0224,21.9072],[90.0268,21.8799],[90.0461,21.8651],[90.0752,21.8613],[90.1103,21.8984],[90.1106,21.9224],[90.1206,21.9294],[90.1428,21.9315],[90.1326,21.9533],[90.1535,21.9826],[90.1606,21.9875],[90.1725,21.9811],[90.1912,21.9847],[90.1783,22.0012],[90.1851,22.0123],[90.1786,22.0215],[90.2025,22.022],[90.2003,22.0291],[90.2102,22.0309],[90.2069,22.0414],[90.2113,22.0497],[90.2007,22.0532],[90.2,22.063],[90.194,22.0585],[90.187,22.0655],[90.1864,22.0851],[90.1998,22.0919],[90.2091,22.0839],[90.2001,22.0765],[90.2069,22.0692],[90.2128,22.0719],[90.2187,22.0638],[90.233,22.0621],[90.2264,22.0479],[90.2393,22.0445],[90.2211,22.0346],[90.2406,22.0328],[90.2408,22.0266],[90.2484,22.0202],[90.2546,22.0327],[90.2764,22.0309],[90.2829,22.0466],[90.279,22.0515],[90.2892,22.0567],[90.2793,22.0646],[90.2884,22.0638],[90.2962,22.0764],[90.3179,22.0826],[90.3148,22.092],[90.3254,22.093],[90.329,22.0852],[90.3331,22.1082],[90.3441,22.1095]]]]}},{"type":"Feature","id":"ADM3_Anowara","properties":{"id":"ADM3_Anowara","name":"Anowara","district":"Chittagong"},"geometry":{"type":"MultiPolygon","coordinates":[[[[91.8888,22.1426],[91.8771,22.1506],[91.879,22.1451],[91.8888,22.1426]]],[[[91.8549,22.1442],[91.8564,22.1513],[91.8482,22.1516],[91.8504,22.1349],[91.8549,22.1442]]],[[[91.8772,22.1575],[91.8696,22.1592],[91.8731,22.1507],[91.8772,22.1575]]],[[[91.9382,22.1752],[91.9418,22.1791],[91.9377,22.1801],[91.9382,22.1752]]],[[[91.9192,22.1791],[91.9181,22.1851],[91.9156,22.1823],[91.9078,22.16],[91.9192,22.1791]]],[[[91.9621,22.2261],[91.9659,22.2369],[91.9602,22.2474],[91.9416,22.2466],[91.9376,22.2554],[91.9222,22.2559],[91.9135,22.2486],[91.9087,22.2542],[91.8984,22.249],[91.8924,22.2517],[91.8965,22.2547],[91.8945,22.2585],[91.8759,22.262],[91.8737,22.2443],[91.8596,22.2441],[91.8552,22.2388],[91.8379,22.2536],[91.8305,22.2403],[91.815,22.2288],[91.8123,22.2082],[91.8241,22.1567],[91.8414,22.1184],[91.8499,22.1152],[91.8433,22.1506],[91.8579,22.1539],[91.8695,22.1337],[91.8861,22.128],[91.8898,22.139],[91.8768,22.1441],[91.8684,22.1592],[91.9042,22.1579],[91.9163,22.1872],[91.9222,22.1848],[91.9214,22.1779],[91.9357,22.1752],[91.9447,22.1918],[91.9542,22.1926],[91.951,22.2059],[91.9621,22.2261]]]]}},{"type":"Feature","id":"ADM3_Araihazar","properties":{"id":"ADM3_Araihazar","name":"Araihazar","district":"Narayanganj"},"geometry":{"type":"Polygon","coordinates":[[[90.7346,23.7628],[90.732,23.7729],[90.7412,23.7875],[90.7146,23.7993],[90.7137,23.8085],[90.6968,23.8203],[90.6866,23.8208],[90.6765,23.8279],[90.6896,23.7989],[90.6832,23.7943],[90.664,23.7955],[90.6637,23.8023],[90.6554,23.7974],[90.6482,23.801],[90.6365,23.8243],[90.6438,23.8358],[90.6589,23.8353],[90.6627,23.8416],[90.6553,23.8411],[90.6466,23.8479],[90.6543,23.8554],[90.6455,23.8634],[90.6451,23.8696],[90.6246,23.8621],[90.6185,23.8514],[90.6193,23.8372],[90.6105,23.8325],[90.6004,23.8338],[90.5899,23.8243],[90.5944,23.8119],[90.5869,23.8072],[90.5917,23.8003],[90.5878,23.7864],[90.5948,23.7821],[90.5813,23.7691],[90.5811,23.7615],[90.5995,23.765],[90.6169,23.7485],[90.6414,23.7394],[90.6419,23.73],[90.6489,23.7319],[90.6496,23.725],[90.6576,23.7262],[90.6518,23.7201],[90.6606,23.7179],[90.6598,23.7108],[90.6729,23.7017],[90.6631,23.6816],[90.6645,23.6733],[90.6756,23.6801],[90.708,23.6625],[90.7219,23.6618],[90.7332,23.6679],[90.741,23.6978],[90.7249,23.7184],[90.7218,23.7307],[90.7231,23.7453],[90.7346,23.7628]]]}},{"type":"Feature","id":"ADM3_Ashuganj","properties":{"id":"ADM3_Ashuganj","name":"Ashuganj","district":"Brahamanbaria"},"geometry":{"type":"Polygon","coordinates":[[[91.0677,24.0448],[91.0667,24.0625],[91.0604,24.0635],[91.0551,24.0584],[91.0471,24.0682],[91.0034,24.0467],[90.9752,24.0212],[90.9659,24.0054],[90.9738,23.9885],[90.9738,23.9754],[90.9934,23.9659],[91.0183,23.9702],[91.0204,23.9778],[91.0374,23.9777],[91.0416,23.9934],[91.0528,23.9995],[91.0466,24.0154],[91.0637,24.0175],[91.0689,24.0357],[91.0635,24.049],[91.0677,24.0448]]]}},{"type":"Feature","id":"ADM3_Assasuni","properties":{"id":"ADM3_Assasuni","name":"Assasuni","district":"Satkhira"},"geometry":{"type":"Polygon","coordinates":[[[89.2452,22.6407],[89.2409,22.644],[89.234,22.6411],[89.2192,22.6242],[89.2154,22.6322],[89.2115,22.6309],[89.2111,22.6353],[89.2068,22.6344],[89.1832,22.6543],[89.1754,22.6475],[89.1709,22.6519],[89.1594,22.6463],[89.1535,22.6492],[89.1458,22.6466],[89.1355,22.6302],[89.1399,22.6109],[89.1317,22.5873],[89.125,22.5864],[89.1115,22.5987],[89.0932,22.5928],[89.0616,22.6095],[89.0563,22.6089],[89.0557,22.6009],[89.0459,22.5949],[89.0512,22.5889],[89.0659,22.5862],[89.0783,22.5731],[89.0724,22.567],[89.0733,22.5602],[89.0896,22.5498],[89.0836,22.5437],[89.0882,22.529],[89.1006,22.5257],[89.1066,22.5182],[89.1236,22.5182],[89.1276,22.53],[89.1429,22.537],[89.1599,22.5364],[89.1485,22.5179],[89.1371,22.5181],[89.1331,22.5131],[89.1571,22.5007],[89.1543,22.4917],[89.1437,22.4831],[89.1535,22.4634],[89.1536,22.4513],[89.1382,22.4458],[89.1411,22.4366],[89.152,22.4342],[89.1466,22.4245],[89.1504,22.4081],[89.1891,22.3931],[89.1953,22.3663],[89.2153,22.3688],[89.2175,22.3768],[89.238,22.3684],[89.2513,22.3444],[89.2682,22.3425],[89.2731,22.3479],[89.2639,22.378],[89.2474,22.37],[89.2403,22.3734],[89.2549,22.4002],[89.2428,22.4221],[89.2413,22.4373],[89.2471,22.4501],[89.2587,22.4526],[89.2552,22.4631],[89.2584,22.4668],[89.2851,22.4771],[89.2546,22.4979],[89.2482,22.53],[89.2342,22.5518],[89.242,22.5677],[89.2588,22.5725],[89.2649,22.5951],[89.2619,22.6046],[89.2433,22.6102],[89.2451,22.6181],[89.2601,22.6224],[89.2459,22.6339],[89.2452,22.6407]]]}},{"type":"Feature","id":"ADM3_Atgharia","properties":{"id":"ADM3_Atgharia","name":"Atgharia","district":"Pabna"},"geometry":{"type":"Polygon","coordinates":[[[89.1927,24.1989],[89.1748,24.2005],[89.1561,24.1734],[89.163,24.1692],[89.1639,24.1447],[89.1715,24.1341],[89.1735,24.1417],[89.1782,24.1399],[89.1779,24.1268],[89.1695,24.1242],[89.1776,24.1186],[89.1746,24.1078],[89.1878,24.1093],[89.192,24.1057],[89.1904,24.0898],[89.2038,24.0942],[89.2097,24.0927],[89.2098,24.0858],[89.2174,24.0904],[89.2151,24.0837],[89.2192,24.0801],[89.2656,24.0788],[89.2835,24.0692],[89.2858,24.0605],[89.2906,24.0656],[89.305,24.0642],[89.3111,24.0511],[89.3339,24.068],[89.3593,24.0481],[89.3759,24.0533],[89.3799,24.0398],[89.3853,24.0404],[89.389,24.0522],[89.4031,24.041],[89.4162,24.0452],[89.4172,24.0556],[89.422,24.0579],[89.4191,24.0666],[89.4222,24.0768],[89.4131,24.083],[89.4139,24.0894],[89.4083,24.0948],[89.4173,24.0978],[89.4105,24.1126],[89.4003,24.1044],[89.3897,24.116],[89.378,24.1117],[89.3698,24.1211],[89.36,24.1233],[89.3539,24.1081],[89.3397,24.1083],[89.3379,24.1019],[89.3309,24.1083],[89.3238,24.106],[89.3255,24.1126],[89.3195,24.121],[89.3014,24.1096],[89.2867,24.1093],[89.2686,24.1289],[89.2654,24.1485],[89.2598,24.1523],[89.2403,24.1398],[89.2404,24.1672],[89.2224,24.1707],[89.2213,24.166],[89.2275,24.1638],[89.2161,24.1525],[89.2132,24.1736],[89.2006,24.1731],[89.1983,24.1843],[89.2018,24.1914],[89.1929,24.1942],[89.1927,24.1989]]]}},{"type":"Feature","id":"ADM3_Atpara","properties":{"id":"ADM3_Atpara","name":"Atpara","district":"Netrakona"},"geometry":{"type":"Polygon","coordinates":[[[90.9896,24.742],[90.9819,24.7536],[90.9753,24.7555],[90.9815,24.7697],[90.9775,24.7797],[90.9804,24.7842],[90.9553,24.7753],[90.9461,24.7664],[90.9332,24.7731],[90.9362,24.789],[90.9323,24.7968],[90.9152,24.8058],[90.9147,24.8223],[90.9277,24.8321],[90.9464,24.834],[90.9446,24.8538],[90.9346,24.8514],[90.9303,24.8635],[90.9292,24.8593],[90.9214,24.8612],[90.9212,24.8561],[90.9069,24.8571],[90.8982,24.8462],[90.8874,24.8458],[90.8852,24.8511],[90.8615,24.8434],[90.8594,24.8387],[90.848,24.8565],[90.825,24.8448],[90.8088,24.845],[90.8078,24.84],[90.7955,24.8371],[90.7948,24.8258],[90.7798,24.8255],[90.7774,24.8182],[90.7955,24.805],[90.7977,24.7979],[90.7872,24.794],[90.7853,24.7854],[90.7673,24.7924],[90.7684,24.7872],[90.762,24.7826],[90.7628,24.7789],[90.7728,24.7802],[90.7793,24.7725],[90.7959,24.7782],[90.7958,24.7633],[90.8016,24.765],[90.8015,24.7595],[90.8145,24.7578],[90.8283,24.7481],[90.8446,24.7489],[90.8492,24.7439],[90.8432,24.733],[90.8498,24.7303],[90.8583,24.7295],[90.8688,24.7374],[90.8708,24.7339],[90.8792,24.7406],[90.8773,24.7484],[90.898,24.7423],[90.9012,24.7533],[90.9005,24.7459],[90.9206,24.7468],[90.9291,24.7312],[90.9448,24.7318],[90.9559,24.7241],[90.9896,24.742]]]}},{"type":"Feature","id":"ADM3_Atrai","properties":{"id":"ADM3_Atrai","name":"Atrai","district":"Naogaon"},"geometry":{"type":"Polygon","coordinates":[[[89.1035,24.6376],[89.0925,24.644],[89.0936,24.6693],[89.0782,24.6696],[89.075,24.6506],[89.0665,24.6368],[89.0546,24.6399],[89.0535,24.6492],[89.0437,24.6485],[89.0323,24.6577],[89.0285,24.6546],[89.015,24.6592],[89.017,24.673],[88.9909,24.6713],[88.9827,24.6926],[88.9759,24.6975],[88.9487,24.6961],[88.9464,24.6822],[88.9513,24.6655],[88.9417,24.6696],[88.941,24.6664],[88.9221,24.6685],[88.9289,24.6743],[88.9275,24.6827],[88.9194,24.6853],[88.9179,24.6931],[88.8973,24.7079],[88.8904,24.7006],[88.8899,24.6821],[88.8814,24.6824],[88.8802,24.688],[88.8644,24.6981],[88.8452,24.6991],[88.8451,24.6797],[88.8359,24.6853],[88.833,24.6792],[88.8159,24.6761],[88.8108,24.6582],[88.8221,24.653],[88.8294,24.6531],[88.8329,24.6585],[88.8546,24.6584],[88.8793,24.6357],[88.8787,24.6426],[88.8899,24.6378],[88.8973,24.6434],[88.9095,24.6433],[88.9131,24.6292],[88.9241,24.6181],[88.9266,24.5978],[88.9332,24.5954],[88.9337,24.5884],[88.9412,24.5915],[88.9529,24.5787],[88.9599,24.5844],[88.9721,24.585],[89.0095,24.5656],[89.011,24.5609],[89.0045,24.5563],[89.0103,24.5508],[89.0161,24.5497],[89.0272,24.5577],[89.0347,24.5456],[89.0536,24.5342],[89.0606,24.5386],[89.066,24.5333],[89.0794,24.5334],[89.0846,24.5446],[89.0915,24.538],[89.0983,24.5416],[89.0973,24.5578],[89.1039,24.5625],[89.1048,24.5839],[89.0952,24.5982],[89.1001,24.6025],[89.0959,24.6032],[89.1019,24.6212],[89.0975,24.6371],[89.1035,24.6376]]]}},{"type":"Feature","id":"ADM3_Atwari","properties":{"id":"ADM3_Atwari","name":"Atwari","district":"Panchagarh"},"geometry":{"type":"Polygon","coordinates":[[[88.48,26.3533],[88.4773,26.3578],[88.4632,26.3574],[88.4586,26.3622],[88.4576,26.3768],[88.4465,26.365],[88.4355,26.3359],[88.4138,26.3374],[88.4046,26.3299],[88.407,26.3237],[88.4156,26.3244],[88.415,26.3152],[88.3887,26.3152],[88.3638,26.3001],[88.3638,26.2941],[88.3494,26.2814],[88.3483,26.2505],[88.3592,26.2429],[88.3493,26.2259],[88.3513,26.2218],[88.3312,26.2171],[88.3311,26.2128],[88.3231,26.2103],[88.323,26.2012],[88.3338,26.1915],[88.3307,26.185],[88.3434,26.1898],[88.3519,26.1821],[88.3702,26.179],[88.3758,26.1844],[88.3841,26.1823],[88.3856,26.2012],[88.4082,26.1951],[88.4154,26.1978],[88.4089,26.2038],[88.4169,26.204],[88.4318,26.2013],[88.4332,26.1956],[88.4525,26.1985],[88.4599,26.1931],[88.4733,26.1976],[88.4686,26.2015],[88.4987,26.2035],[88.5167,26.201],[88.5221,26.1803],[88.5373,26.1795],[88.5366,26.1839],[88.5466,26.1895],[88.5446,26.1814],[88.5563,26.1797],[88.5604,26.191],[88.5489,26.2017],[88.5527,26.2186],[88.5449,26.2276],[88.5356,26.2225],[88.5155,26.2214],[88.51,26.2319],[88.4776,26.2287],[88.4676,26.2685],[88.4856,26.2937],[88.4657,26.3024],[88.4571,26.3122],[88.4435,26.3163],[88.4396,26.3135],[88.4349,26.3204],[88.4347,26.3282],[88.4509,26.3412],[88.4529,26.3488],[88.48,26.3533]]]}},{"type":"Feature","id":"ADM3_Austagram","properties":{"id":"ADM3_Austagram","name":"Austagram","district":"Kishoreganj"},"geometry":{"type":"Polygon","coordinates":[[[91.2171,24.4325],[91.2025,24.4318],[91.1834,24.4211],[91.1828,24.4115],[91.1592,24.3893],[91.1518,24.376],[91.1402,24.3881],[91.12,24.3827],[91.1195,24.3641],[91.0975,24.3636],[91.0912,24.3798],[91.0727,24.3598],[91.0499,24.3789],[91.0448,24.3686],[91.0312,24.3634],[91.028,24.3506],[91.0009,24.3631],[90.9919,24.3524],[90.9877,24.3415],[91.0048,24.3384],[91.015,24.3222],[91.0153,24.3167],[91.0062,24.3075],[91.0163,24.3048],[91.0146,24.2954],[91.0219,24.2922],[91.0225,24.2869],[91.025,24.2924],[91.0393,24.2904],[91.0391,24.2725],[91.0511,24.2501],[91.0361,24.2162],[91.09,24.2113],[91.0903,24.2193],[91.0788,24.2285],[91.0851,24.2411],[91.1338,24.2431],[91.1736,24.2652],[91.1931,24.2798],[91.1965,24.2903],[91.1851,24.2928],[91.1586,24.2827],[91.1596,24.2929],[91.1766,24.321],[91.235,24.316],[91.2346,24.3326],[91.2125,24.3607],[91.2193,24.3665],[91.2305,24.3659],[91.243,24.3795],[91.2518,24.3761],[91.2558,24.3795],[91.2418,24.3936],[91.2375,24.4068],[91.2195,24.4095],[91.221,24.4022],[91.214,24.4024],[91.2199,24.4186],[91.2171,24.4325]]]}},{"type":"Feature","id":"ADM3_Babuganj","properties":{"id":"ADM3_Babuganj","name":"Babuganj","district":"Barisal"},"geometry":{"type":"Polygon","coordinates":[[[90.361,22.9198],[90.3495,22.9106],[90.3371,22.9317],[90.3229,22.9302],[90.311,22.9175],[90.3089,22.9021],[90.2859,22.8629],[90.275,22.8345],[90.2555,22.8106],[90.2613,22.8063],[90.2613,22.7939],[90.2447,22.7545],[90.2555,22.7524],[90.2689,22.7337],[90.2906,22.7497],[90.2972,22.7463],[90.3147,22.7679],[90.3174,22.7629],[90.3242,22.7635],[90.3258,22.7718],[90.3576,22.7651],[90.3751,22.7534],[90.3788,22.7603],[90.3799,22.7714],[90.3498,22.8341],[90.3583,22.8326],[90.3613,22.8423],[90.3541,22.8536],[90.3472,22.8826],[90.3582,22.8923],[90.363,22.9082],[90.361,22.9198]]]}},{"type":"Feature","id":"ADM3_Badalgachhi","properties":{"id":"ADM3_Badalgachhi","name":"Badalgachhi","district":"Naogaon"},"geometry":{"type":"Polygon","coordinates":[[[89.0165,25.0473],[89.0016,25.0515],[88.9968,25.0456],[88.9857,25.0487],[88.9822,25.0557],[88.9535,25.0556],[88.957,25.0471],[88.9518,25.0367],[88.9557,25.0289],[88.9489,25.0387],[88.9408,25.0415],[88.9301,25.0293],[88.9356,25.0218],[88.93,25.0181],[88.923,25.0193],[88.9162,25.0332],[88.9009,25.0339],[88.9064,25.0228],[88.9045,25.01],[88.912,24.9999],[88.9037,24.9839],[88.8961,24.9871],[88.8954,24.9935],[88.8724,24.9986],[88.8673,24.9985],[88.8641,24.9844],[88.8543,24.9854],[88.8534,24.9787],[88.8627,24.9779],[88.8615,24.97],[88.8545,24.9685],[88.8538,24.9636],[88.8638,24.9497],[88.8646,24.9429],[88.8556,24.9352],[88.8577,24.9276],[88.8668,24.9237],[88.8615,24.9163],[88.8732,24.9094],[88.8768,24.9136],[88.8837,24.9099],[88.8925,24.912],[88.9019,24.9047],[88.9076,24.9057],[88.9093,24.912],[88.9177,24.91],[88.9258,24.903],[88.9218,24.8893],[88.9304,24.8805],[88.936,24.8842],[88.9334,24.8864],[88.9437,24.8824],[88.9554,24.8854],[88.9571,24.8813],[88.9623,24.8864],[88.9755,24.8837],[88.9962,24.8954],[89.0043,24.9309],[88.9994,24.9538],[89.0037,24.958],[89.0037,24.9693],[89.0,24.9728],[89.0121,24.9823],[89.0093,25.0081],[89.0178,25.018],[89.0093,25.0212],[89.0187,25.0262],[89.0095,25.0363],[89.0165,25.0473]]]}},{"type":"Feature","id":"ADM3_Badarganj","properties":{"id":"ADM3_Badarganj","name":"Badarganj","district":"Rangpur"},"geometry":{"type":"Polygon","coordinates":[[[89.0909,25.7314],[89.0759,25.7433],[89.0696,25.7405],[89.0718,25.7368],[89.0549,25.7372],[89.0604,25.7265],[89.0487,25.7296],[89.0439,25.7398],[89.0363,25.742],[89.0207,25.7409],[89.0175,25.7381],[89.0216,25.7343],[89.0129,25.7346],[89.0106,25.7446],[88.9926,25.7473],[88.9877,25.7573],[88.9782,25.7496],[88.9747,25.7527],[88.9653,25.7494],[88.966,25.7377],[88.9466,25.7428],[88.9411,25.7343],[88.9462,25.727],[88.9317,25.7218],[88.9303,25.712],[88.942,25.6914],[88.9394,25.6851],[88.9553,25.6785],[88.9644,25.683],[88.9677,25.6723],[88.9777,25.6705],[88.9734,25.6617],[88.9763,25.658],[88.9979,25.6581],[89.0017,25.6499],[88.9913,25.6422],[89.0028,25.634],[88.9983,25.6309],[89.0021,25.6217],[88.9992,25.6198],[89.0107,25.6187],[89.016,25.6025],[89.0384,25.6039],[89.0448,25.5981],[89.0447,25.5838],[89.0609,25.5883],[89.0767,25.5843],[89.078,25.5773],[89.0984,25.5675],[89.1032,25.5702],[89.0935,25.5452],[89.1009,25.5434],[89.1002,25.5368],[89.1049,25.5339],[89.1033,25.5391],[89.1077,25.5402],[89.1113,25.5513],[89.1197,25.5531],[89.1276,25.5666],[89.1415,25.5728],[89.1407,25.5852],[89.1461,25.5818],[89.1337,25.6129],[89.1451,25.6267],[89.1329,25.628],[89.1299,25.637],[89.1354,25.6512],[89.1396,25.6501],[89.1404,25.665],[89.1565,25.6664],[89.1587,25.6899],[89.1464,25.6958],[89.152,25.7028],[89.1502,25.7091],[89.1401,25.7141],[89.1422,25.724],[89.1383,25.7178],[89.1299,25.7235],[89.11,25.7259],[89.108,25.7211],[89.1007,25.722],[89.0992,25.715],[89.0953,25.7181],[89.0884,25.7143],[89.0834,25.7257],[89.0909,25.7314]]]}},{"type":"Feature","id":"ADM3_Badda","properties":{"id":"ADM3_Badda","name":"Badda","district":"Dhaka"},"geometry":{"type":"Polygon","coordinates":[[[90.4858,23.8213],[90.4483,23.8281],[90.419,23.8216],[90.4153,23.811],[90.4211,23.8119],[90.4235,23.8072],[90.4261,23.7891],[90.422,23.7888],[90.4176,23.7698],[90.436,23.7628],[90.4418,23.7663],[90.446,23.7591],[90.4545,23.7601],[90.4521,23.766],[90.462,23.7736],[90.4587,23.7757],[90.4628,23.7824],[90.4716,23.7818],[90.4811,23.7935],[90.4858,23.8213]]]}},{"type":"Feature","id":"ADM3_BagatiPara","properties":{"id":"ADM3_BagatiPara","name":"Bagati Para","district":"Natore"},"geometry":{"type":"Polygon","coordinates":[[[89.0425,24.3207],[89.0268,24.3328],[89.0217,24.3311],[89.0139,24.3383],[89.0094,24.3357],[88.9927,24.3429],[88.9921,24.3479],[88.9854,24.3493],[88.9835,24.3626],[88.9844,24.3581],[88.9735,24.3543],[88.9673,24.3629],[88.9515,24.3539],[88.9399,24.3591],[88.9363,24.3474],[88.9294,24.3461],[88.92,24.3519],[88.9111,24.348],[88.9097,24.3551],[88.9038,24.3459],[88.8962,24.3481],[88.8829,24.3387],[88.8696,24.3407],[88.8635,24.3497],[88.8585,24.3401],[88.8508,24.3438],[88.8467,24.3386],[88.8511,24.3261],[88.8469,24.3192],[88.8546,24.3108],[88.8535,24.3048],[88.8612,24.3041],[88.8666,24.3109],[88.8775,24.3004],[88.8782,24.2927],[88.9027,24.2903],[88.9,24.2711],[88.9071,24.2576],[88.9176,24.251],[88.921,24.2558],[88.9246,24.2496],[88.9361,24.2472],[88.9427,24.26],[88.9377,24.2801],[88.9473,24.2812],[88.9494,24.2874],[88.9461,24.2885],[88.9668,24.2932],[88.9836,24.2744],[89.009,24.2711],[89.0282,24.2836],[89.0257,24.292],[89.0361,24.2907],[89.0426,24.3027],[89.0394,24.3136],[89.0425,24.3207]]]}},{"type":"Feature","id":"ADM3_BagerhatSadar","properties":{"id":"ADM3_BagerhatSadar","name":"Bagerhat Sadar","district":"Bagerhat"},"geometry":{"type":"Polygon","coordinates":[[[89.7792,22.7851],[89.7716,22.7808],[89.7677,22.7903],[89.7551,22.7922],[89.7458,22.782],[89.742,22.7646],[89.7476,22.7524],[89.7374,22.7473],[89.7312,22.7308],[89.7172,22.7301],[89.7005,22.7167],[89.6893,22.722],[89.6647,22.7228],[89.6408,22.7119],[89.6453,22.691],[89.6416,22.6809],[89.6598,22.6833],[89.6621,22.6488],[89.6836,22.6554],[89.7045,22.6431],[89.7241,22.6424],[89.7234,22.6379],[89.7282,22.636],[89.7277,22.6257],[89.714,22.616],[89.7106,22.6051],[89.715,22.5879],[89.7097,22.5819],[89.7273,22.5848],[89.7309,22.5807],[89.7413,22.5837],[89.7443,22.5795],[89.7537,22.5865],[89.7616,22.5852],[89.7627,22.5592],[89.7741,22.5726],[89.7852,22.5719],[89.7948,22.5805],[89.811,22.5831],[89.8211,22.5959],[89.8284,22.5981],[89.8238,22.61],[89.8344,22.647],[89.854,22.6488],[89.852,22.6586],[89.8574,22.6618],[89.8497,22.6679],[89.8615,22.6721],[89.8582,22.6794],[89.8617,22.6863],[89.8534,22.6876],[89.8489,22.7009],[89.8411,22.7009],[89.8459,22.7137],[89.8358,22.7556],[89.8261,22.7502],[89.8103,22.7619],[89.8034,22.7616],[89.7909,22.7823],[89.7792,22.7851]]]}},{"type":"Feature","id":"ADM3_Bagha","properties":{"id":"ADM3_Bagha","name":"Bagha","district":"Rajshahi"},"geometry":{"type":"Polygon","coordinates":[[[88.8612,24.3041],[88.8564,24.2848],[88.8359,24.2797],[88.8356,24.274],[88.8418,24.2723],[88.8421,24.2539],[88.8328,24.2382],[88.8249,24.2363],[88.8255,24.2261],[88.818,24.2265],[88.8058,24.2379],[88.8037,24.2312],[88.7878,24.2285],[88.7618,24.2384],[88.7555,24.2302],[88.7451,24.2312],[88.7354,24.2257],[88.7334,24.1939],[88.7385,24.1935],[88.7572,24.1618],[88.7873,24.133],[88.8173,24.1211],[88.8437,24.1259],[88.8607,24.1118],[88.8712,24.13],[88.8825,24.1301],[88.8909,24.1493],[88.9011,24.1522],[88.8924,24.1516],[88.8928,24.162],[88.8605,24.166],[88.8726,24.18],[88.8655,24.1857],[88.8762,24.2005],[88.8688,24.2089],[88.8747,24.2136],[88.8712,24.2227],[88.8744,24.2348],[88.8786,24.2358],[88.8798,24.2253],[88.896,24.2289],[88.8999,24.2401],[88.9058,24.2369],[88.9153,24.2406],[88.9176,24.251],[88.9071,24.2576],[88.9,24.2711],[88.9027,24.2903],[88.8782,24.2927],[88.8775,24.3004],[88.8666,24.3109],[88.8612,24.3041]]]}},{"type":"Feature","id":"ADM3_BaghaiChhari","properties":{"id":"ADM3_BaghaiChhari","name":"Baghai Chhari","district":"Rangamati"},"geometry":{"type":"Polygon","coordinates":[[[92.3846,23.07],[92.38,23.0863],[92.375,23.0847],[92.3698,23.0968],[92.3579,23.1035],[92.368,23.1275],[92.3568,23.1343],[92.3641,23.1566],[92.3544,23.1788],[92.3611,23.1828],[92.3533,23.1859],[92.3533,23.2243],[92.3467,23.2358],[92.4013,23.2367],[92.404,23.2406],[92.3956,23.2501],[92.3984,23.2558],[92.3895,23.2595],[92.3887,23.2664],[92.3946,23.2645],[92.388,23.2815],[92.3809,23.2853],[92.3857,23.3063],[92.3761,23.3131],[92.3756,23.3202],[92.3715,23.3181],[92.3678,23.3232],[92.368,23.3173],[92.3642,23.3233],[92.3808,23.3517],[92.3763,23.3568],[92.379,23.3621],[92.3692,23.3672],[92.3706,23.3736],[92.3639,23.3663],[92.3561,23.3727],[92.3649,23.3797],[92.3526,23.3812],[92.3587,23.3908],[92.3544,23.3895],[92.3529,23.3995],[92.3573,23.4106],[92.3475,23.4133],[92.3463,23.4334],[92.3416,23.4357],[92.3335,23.429],[92.327,23.4486],[92.3333,23.4565],[92.3292,23.4545],[92.3253,23.4592],[92.3305,23.4595],[92.3317,23.4664],[92.317,23.4718],[92.3261,23.4789],[92.316,23.487],[92.3218,23.4902],[92.3174,23.4946],[92.3227,23.501],[92.3189,23.5034],[92.3197,23.5126],[92.3153,23.5135],[92.3172,23.5175],[92.3135,23.5154],[92.3178,23.5262],[92.3136,23.5335],[92.3062,23.5352],[92.3132,23.5567],[92.3067,23.5645],[92.3081,23.5778],[92.3018,23.5922],[92.2967,23.5881],[92.2935,23.5952],[92.2871,23.5962],[92.2872,23.6168],[92.2958,23.6215],[92.2806,23.6307],[92.2788,23.6249],[92.2764,23.6316],[92.2817,23.6387],[92.2729,23.6417],[92.2913,23.6813],[92.2893,23.702],[92.2784,23.71],[92.2782,23.7175],[92.266,23.7247],[92.2411,23.7205],[92.2366,23.7135],[92.2422,23.6948],[92.232,23.6848],[92.2332,23.6676],[92.2227,23.653],[92.2115,23.6532],[92.2058,23.6723],[92.2138,23.6851],[92.207,23.7007],[92.1861,23.7111],[92.1777,23.7077],[92.1765,23.7165],[92.1696,23.7234],[92.1721,23.7382],[92.1486,23.7357],[92.1252,23.7066],[92.1208,23.6928],[92.1141,23.6944],[92.1062,23.6888],[92.0997,23.6768],[92.0831,23.6801],[92.0763,23.668],[92.0793,23.6487],[92.0738,23.6476],[92.1156,23.556],[92.1241,23.5256],[92.137,23.4304],[92.1202,23.413],[92.0907,23.398],[92.0484,23.3657],[92.1251,23.319],[92.1339,23.2051],[92.1547,23.1508],[92.2011,23.0653],[92.2061,23.0479],[92.1882,23.0373],[92.1812,23.0193],[92.1995,22.9851],[92.1981,22.9718],[92.2357,23.0092],[92.2686,23.0277],[92.319,23.1213],[92.3316,23.1178],[92.3846,23.07]]]}},{"type":"Feature","id":"ADM3_BagherPara","properties":{"id":"ADM3_BagherPara","name":"Bagher Para","district":"Jessore"},"geometry":{"type":"Polygon","coordinates":[[[89.4256,23.2587],[89.4184,23.2679],[89.4092,23.2689],[89.3937,23.2825],[89.3736,23.2896],[89.3685,23.3022],[89.3436,23.2839],[89.3367,23.3035],[89.3223,23.2995],[89.3247,23.3098],[89.3187,23.324],[89.3132,23.325],[89.3081,23.3182],[89.3005,23.3302],[89.2827,23.3402],[89.2844,23.3494],[89.2729,23.3558],[89.2776,23.3639],[89.2647,23.3725],[89.2504,23.3595],[89.2538,23.3439],[89.2353,23.3442],[89.245,23.3353],[89.2428,23.3289],[89.2307,23.3239],[89.2269,23.3263],[89.2134,23.3178],[89.2347,23.31],[89.2469,23.297],[89.2454,23.2839],[89.2371,23.2779],[89.2423,23.2754],[89.2502,23.2797],[89.2521,23.2706],[89.2627,23.2648],[89.2608,23.2508],[89.2677,23.2475],[89.2684,23.2362],[89.3016,23.234],[89.2966,23.2153],[89.288,23.2099],[89.3007,23.1921],[89.3057,23.1934],[89.3003,23.1865],[89.3035,23.1827],[89.3005,23.1743],[89.3106,23.1731],[89.3113,23.1668],[89.315,23.1673],[89.3237,23.1766],[89.3233,23.1824],[89.3286,23.1841],[89.333,23.1803],[89.3289,23.1706],[89.3385,23.1651],[89.3336,23.1617],[89.3213,23.1662],[89.3285,23.1496],[89.3229,23.1461],[89.3456,23.1406],[89.3569,23.133],[89.3711,23.1382],[89.3782,23.1356],[89.3921,23.1407],[89.3927,23.1447],[89.4024,23.139],[89.4193,23.1404],[89.4201,23.1464],[89.4088,23.1534],[89.4097,23.1582],[89.415,23.1585],[89.4121,23.1676],[89.418,23.1676],[89.416,23.174],[89.4233,23.1837],[89.4197,23.2186],[89.4235,23.2161],[89.4178,23.2297],[89.4336,23.2334],[89.4243,23.2435],[89.4256,23.2587]]]}},{"type":"Feature","id":"ADM3_Baghmara","properties":{"id":"ADM3_Baghmara","name":"Baghmara","district":"Rajshahi"},"geometry":{"type":"Polygon","coordinates":[[[88.8141,24.6746],[88.8054,24.6757],[88.8036,24.6844],[88.795,24.6862],[88.7681,24.6675],[88.7561,24.6709],[88.7427,24.6835],[88.7353,24.6638],[88.7288,24.6664],[88.7231,24.6601],[88.72,24.6679],[88.7014,24.6619],[88.7033,24.6467],[88.6952,24.6398],[88.7026,24.6382],[88.7061,24.6284],[88.698,24.6309],[88.6958,24.6253],[88.6915,24.6282],[88.6926,24.6356],[88.6827,24.637],[88.6805,24.6333],[88.6796,24.6155],[88.6738,24.6048],[88.6913,24.598],[88.6915,24.5878],[88.7008,24.5809],[88.6964,24.5687],[88.7121,24.5645],[88.7082,24.5649],[88.7119,24.5541],[88.7053,24.544],[88.7106,24.5428],[88.7157,24.5221],[88.7294,24.5156],[88.729,24.5018],[88.7462,24.5055],[88.743,24.513],[88.7485,24.5292],[88.7526,24.5243],[88.7658,24.5239],[88.7837,24.5283],[88.7852,24.5226],[88.7928,24.5198],[88.7987,24.5199],[88.7982,24.5245],[88.8169,24.5252],[88.8298,24.5139],[88.8496,24.5102],[88.867,24.5193],[88.8722,24.5128],[88.8806,24.5135],[88.8842,24.5159],[88.8795,24.5208],[88.8843,24.5211],[88.8876,24.5306],[88.8872,24.5266],[88.8985,24.5251],[88.8966,24.5349],[88.9212,24.5445],[88.9405,24.5359],[88.9475,24.5454],[88.9616,24.5485],[88.9633,24.5836],[88.9529,24.5787],[88.9412,24.5915],[88.9337,24.5884],[88.9332,24.5954],[88.9266,24.5978],[88.9241,24.6181],[88.9131,24.6292],[88.9095,24.6433],[88.8973,24.6434],[88.8899,24.6378],[88.8787,24.6426],[88.8793,24.6357],[88.8546,24.6584],[88.8329,24.6585],[88.8294,24.6531],[88.8221,24.653],[88.8108,24.6582],[88.8141,24.6746]]]}},{"type":"Feature","id":"ADM3_Bahubal","properties":{"id":"ADM3_Bahubal","name":"Bahubal","district":"Habiganj"},"geometry":{"type":"Polygon","coordinates":[[[91.6104,24.4378],[91.6038,24.4244],[91.5834,24.434],[91.5659,24.4319],[91.5571,24.4367],[91.5603,24.4388],[91.5564,24.445],[91.548,24.4447],[91.5621,24.4554],[91.5574,24.4575],[91.5582,24.4623],[91.5498,24.4666],[91.5456,24.4615],[91.5403,24.4651],[91.5362,24.4599],[91.5284,24.4611],[91.5229,24.4707],[91.5117,24.4755],[91.5098,24.4697],[91.5054,24.4698],[91.4933,24.4469],[91.4993,24.4447],[91.5028,24.4335],[91.4836,24.4351],[91.4731,24.4084],[91.476,24.398],[91.4851,24.3964],[91.4773,24.3907],[91.4766,24.3776],[91.4818,24.3783],[91.4866,24.3707],[91.484,24.3575],[91.4881,24.3547],[91.4713,24.3387],[91.4704,24.3285],[91.4808,24.316],[91.4791,24.3107],[91.4918,24.3045],[91.4893,24.298],[91.4935,24.2952],[91.487,24.2926],[91.4912,24.2852],[91.4867,24.2765],[91.4905,24.2656],[91.4959,24.2708],[91.5105,24.2613],[91.5124,24.2646],[91.5072,24.2687],[91.5106,24.2711],[91.5187,24.2651],[91.5177,24.2579],[91.5274,24.254],[91.5285,24.2746],[91.552,24.28],[91.564,24.2764],[91.5794,24.2816],[91.6081,24.2799],[91.6255,24.2975],[91.6322,24.3176],[91.6296,24.3443],[91.6205,24.3605],[91.6248,24.3639],[91.6028,24.3648],[91.6017,24.4156],[91.6207,24.4176],[91.6161,24.4287],[91.6199,24.4333],[91.6179,24.4395],[91.6104,24.4378]]]}},{"type":"Feature","id":"ADM3_Bajitpur","properties":{"id":"ADM3_Bajitpur","name":"Bajitpur","district":"Kishoreganj"},"geometry":{"type":"Polygon","coordinates":[[[91.0172,24.2924],[91.015,24.2843],[91.009,24.2888],[90.9968,24.2801],[91.0072,24.2741],[91.0036,24.2646],[90.9851,24.2637],[90.9736,24.2552],[90.9565,24.2599],[90.9273,24.258],[90.9326,24.2645],[90.9303,24.2711],[90.9126,24.2523],[90.9011,24.2489],[90.9065,24.2575],[90.8954,24.2589],[90.8932,24.2698],[90.8744,24.2727],[90.8698,24.2707],[90.8718,24.2655],[90.8685,24.2666],[90.8754,24.2527],[90.8662,24.2524],[90.8667,24.2459],[90.8493,24.2526],[90.8364,24.2478],[90.8309,24.2365],[90.824,24.2339],[90.8237,24.2181],[90.8488,24.2088],[90.8591,24.1925],[90.877,24.1951],[90.8835,24.2004],[90.8849,24.1884],[90.9004,24.2009],[90.9081,24.2002],[90.919,24.1892],[90.924,24.1922],[90.9215,24.1792],[90.9253,24.1737],[90.934,24.1759],[90.9361,24.1716],[90.9383,24.1786],[90.9465,24.1829],[90.949,24.1801],[90.9451,24.177],[90.9547,24.1734],[90.9616,24.1556],[90.9704,24.1618],[90.9676,24.1725],[90.9719,24.173],[90.9753,24.1624],[90.9859,24.1567],[91.0219,24.1868],[91.0428,24.213],[91.0361,24.2162],[91.0497,24.2413],[91.0482,24.2596],[91.0391,24.2725],[91.0393,24.2904],[91.025,24.2924],[91.0225,24.2869],[91.0219,24.2922],[91.0172,24.2924]]]}},{"type":"Feature","id":"ADM3_Bakalia","properties":{"id":"ADM3_Bakalia","name":"Bakalia","district":"Chittagong"},"geometry":{"type":"Polygon","coordinates":[[[91.8731,22.3642],[91.8668,22.3659],[91.8639,22.3572],[91.8525,22.3602],[91.8403,22.3562],[91.8402,22.3466],[91.8481,22.3355],[91.8466,22.3267],[91.8649,22.3379],[91.8731,22.3642]]]}},{"type":"Feature","id":"ADM3_Bakerganj","properties":{"id":"ADM3_Bakerganj","name":"Bakerganj","district":"Barisal"},"geometry":{"type":"MultiPolygon","coordinates":[[[[90.5543,22.5926],[90.5424,22.6049],[90.5468,22.5925],[90.5543,22.5926]]],[[[90.5344,22.6114],[90.5371,22.607],[90.5399,22.607],[90.5344,22.6114]]],[[[90.5268,22.615],[90.5224,22.6153],[90.5233,22.5784],[90.5277,22.5773],[90.5338,22.5786],[90.5285,22.5943],[90.5332,22.5857],[90.5354,22.5893],[90.5346,22.5837],[90.538,22.5899],[90.5268,22.615]]],[[[90.4727,22.6538],[90.4487,22.6484],[90.4485,22.6613],[90.4348,22.6652],[90.4311,22.6454],[90.4046,22.669],[90.3989,22.6558],[90.4005,22.6361],[90.3855,22.6406],[90.3691,22.6314],[90.3543,22.6367],[90.3438,22.6295],[90.3797,22.6098],[90.3847,22.5955],[90.3745,22.5931],[90.3463,22.6134],[90.3391,22.606],[90.354,22.5967],[90.3634,22.5806],[90.3511,22.567],[90.3469,22.5759],[90.3322,22.583],[90.3177,22.5757],[90.3112,22.5783],[90.3048,22.5592],[90.2922,22.5652],[90.2829,22.5612],[90.2846,22.5512],[90.2791,22.5426],[90.2699,22.5407],[90.2305,22.5075],[90.2096,22.5014],[90.1905,22.4795],[90.213,22.4747],[90.2403,22.485],[90.2285,22.4663],[90.2304,22.4533],[90.2614,22.4611],[90.2726,22.4746],[90.2739,22.4694],[90.2795,22.4733],[90.2858,22.4667],[90.2949,22.4742],[90.3073,22.4727],[90.3156,22.4838],[90.333,22.4678],[90.3545,22.4874],[90.3643,22.5043],[90.3918,22.4848],[90.4099,22.4813],[90.4272,22.4604],[90.4394,22.4806],[90.4394,22.5086],[90.4572,22.5357],[90.4772,22.5323],[90.5012,22.5469],[90.507,22.5348],[90.5124,22.5341],[90.5287,22.5473],[90.5277,22.5514],[90.5135,22.5522],[90.5155,22.5597],[90.5394,22.5633],[90.5113,22.5807],[90.4775,22.5789],[90.477,22.5855],[90.4992,22.5838],[90.5069,22.5874],[90.5109,22.6055],[90.5086,22.6199],[90.478,22.6391],[90.4789,22.6542],[90.4727,22.6538]]]]}},{"type":"Feature","id":"ADM3_Bakshiganj","properties":{"id":"ADM3_Bakshiganj","name":"Bakshiganj","district":"Jamalpur"},"geometry":{"type":"Polygon","coordinates":[[[89.9482,25.2937],[89.9438,25.3045],[89.9389,25.2991],[89.9091,25.3082],[89.8999,25.3054],[89.8851,25.2881],[89.8592,25.2862],[89.8345,25.2948],[89.831,25.2911],[89.8212,25.2932],[89.8086,25.3047],[89.7987,25.2954],[89.8003,25.2831],[89.7935,25.28],[89.7924,25.2667],[89.8042,25.2625],[89.818,25.2481],[89.821,25.2357],[89.8014,25.2451],[89.781,25.2253],[89.7906,25.2161],[89.7912,25.1954],[89.8045,25.181],[89.8023,25.1761],[89.7976,25.1828],[89.7873,25.1825],[89.7857,25.1659],[89.7783,25.1649],[89.7761,25.1533],[89.7796,25.1465],[89.7853,25.1423],[89.8206,25.1409],[89.8216,25.1353],[89.8298,25.1313],[89.8293,25.1403],[89.8397,25.1434],[89.8356,25.1511],[89.8468,25.1504],[89.8471,25.141],[89.8625,25.1309],[89.8599,25.1252],[89.8674,25.118],[89.8679,25.1072],[89.8952,25.1069],[89.8933,25.1322],[89.8997,25.1346],[89.9019,25.1645],[89.9105,25.1716],[89.9019,25.1808],[89.8858,25.1834],[89.8893,25.2141],[89.8994,25.2262],[89.9057,25.2658],[89.9313,25.2607],[89.9317,25.286],[89.9482,25.2937]]]}},{"type":"Feature","id":"ADM3_Balaganj","properties":{"id":"ADM3_Balaganj","name":"Balaganj","district":"Sylhet"},"geometry":{"type":"Polygon","coordinates":[[[91.8903,24.7552],[91.8887,24.7511],[91.8791,24.7549],[91.879,24.7605],[91.8707,24.7555],[91.8707,24.769],[91.859,24.7711],[91.8489,24.7657],[91.8492,24.7706],[91.8435,24.7725],[91.8371,24.7675],[91.8283,24.7699],[91.8347,24.7763],[91.8341,24.7851],[91.8205,24.7807],[91.8227,24.7834],[91.8151,24.7882],[91.7969,24.7911],[91.7886,24.7971],[91.7851,24.7967],[91.7883,24.7902],[91.7814,24.7804],[91.7708,24.7753],[91.7458,24.7772],[91.7445,24.7862],[91.7288,24.7619],[91.7298,24.7494],[91.7204,24.7491],[91.7159,24.7417],[91.7024,24.7496],[91.6842,24.7516],[91.6784,24.7489],[91.6782,24.7402],[91.6731,24.7495],[91.6642,24.7479],[91.6595,24.742],[91.6742,24.7241],[91.6721,24.7191],[91.6596,24.7238],[91.6527,24.7166],[91.6586,24.7132],[91.6613,24.7006],[91.6439,24.6978],[91.6432,24.6912],[91.6472,24.6968],[91.6545,24.695],[91.6491,24.675],[91.6574,24.6793],[91.6403,24.6571],[91.6397,24.6482],[91.6456,24.6422],[91.6316,24.6305],[91.6609,24.6259],[91.675,24.6312],[91.6842,24.6164],[91.6834,24.6071],[91.7252,24.5935],[91.7502,24.5989],[91.7712,24.6256],[91.7811,24.6264],[91.779,24.6383],[91.7871,24.6447],[91.7948,24.6463],[91.7996,24.6374],[91.8318,24.6538],[91.8409,24.6518],[91.8468,24.6445],[91.871,24.6577],[91.8852,24.6567],[91.8886,24.6469],[91.8967,24.6479],[91.9024,24.6519],[91.9032,24.6636],[91.914,24.675],[91.9182,24.6888],[91.904,24.6935],[91.8984,24.7058],[91.9044,24.7073],[91.9045,24.7134],[91.9138,24.7118],[91.9171,24.7158],[91.9146,24.7231],[91.9074,24.7234],[91.9026,24.7296],[91.9027,24.741],[91.893,24.7431],[91.8903,24.7552]]]}},{"type":"Feature","id":"ADM3_BaliaKandi","properties":{"id":"ADM3_BaliaKandi","name":"Balia Kandi","district":"Rajbari"},"geometry":{"type":"Polygon","coordinates":[[[89.5877,23.7326],[89.5775,23.726],[89.5697,23.7312],[89.5631,23.7267],[89.5599,23.7306],[89.5434,23.7309],[89.5358,23.7404],[89.532,23.7356],[89.5124,23.7342],[89.5169,23.7191],[89.4997,23.7116],[89.4995,23.6973],[89.4845,23.6869],[89.4869,23.6794],[89.4796,23.6823],[89.4745,23.6755],[89.458,23.6737],[89.4485,23.66],[89.4395,23.6555],[89.4357,23.6492],[89.4397,23.6403],[89.47,23.6348],[89.4802,23.6275],[89.4822,23.62],[89.4706,23.5971],[89.4842,23.5928],[89.4973,23.5791],[89.5084,23.5903],[89.5204,23.587],[89.5294,23.5709],[89.5418,23.5686],[89.5464,23.5599],[89.5538,23.5708],[89.5431,23.5711],[89.5422,23.5768],[89.5492,23.5825],[89.5485,23.5913],[89.5644,23.5949],[89.564,23.6038],[89.5723,23.6045],[89.5902,23.5938],[89.5989,23.5978],[89.5939,23.6051],[89.5977,23.6084],[89.605,23.5951],[89.6192,23.5889],[89.6268,23.5918],[89.6298,23.5877],[89.6466,23.591],[89.6547,23.6096],[89.6665,23.6088],[89.6678,23.6205],[89.6594,23.6248],[89.6548,23.6469],[89.6426,23.6441],[89.6357,23.6524],[89.6226,23.652],[89.6107,23.6578],[89.6101,23.6652],[89.6165,23.6661],[89.6148,23.6778],[89.6057,23.6778],[89.5971,23.6928],[89.6004,23.6995],[89.5945,23.7102],[89.5957,23.7278],[89.5877,23.7326]]]}},{"type":"Feature","id":"ADM3_Baliadangi","properties":{"id":"ADM3_Baliadangi","name":"Baliadangi","district":"Thakurgaon"},"geometry":{"type":"Polygon","coordinates":[[[88.3214,26.2044],[88.3084,26.2044],[88.2982,26.1971],[88.2919,26.1987],[88.2924,26.2023],[88.2875,26.1975],[88.2856,26.2002],[88.2693,26.1866],[88.2636,26.1902],[88.2537,26.1854],[88.2494,26.19],[88.2418,26.1892],[88.2365,26.1827],[88.2328,26.184],[88.237,26.1774],[88.2327,26.1722],[88.2261,26.1731],[88.2278,26.1686],[88.2128,26.1692],[88.2152,26.1631],[88.204,26.1592],[88.1961,26.1634],[88.1915,26.1571],[88.1945,26.152],[88.1894,26.1551],[88.1771,26.1481],[88.1763,26.1413],[88.1799,26.1399],[88.1741,26.1273],[88.1776,26.1223],[88.1583,26.095],[88.1649,26.0897],[88.1603,26.0779],[88.1673,26.0845],[88.1823,26.0721],[88.1855,26.0634],[88.176,26.0581],[88.1793,26.0466],[88.171,26.0487],[88.1695,26.0453],[88.1754,26.0398],[88.1711,26.0365],[88.1727,26.0316],[88.1791,26.0301],[88.1979,26.0389],[88.2049,26.0532],[88.2103,26.0494],[88.2136,26.0567],[88.2238,26.0553],[88.2267,26.0599],[88.2331,26.055],[88.2297,26.0448],[88.24,26.0386],[88.235,26.025],[88.241,26.0187],[88.2602,26.0155],[88.2645,26.0228],[88.2713,26.0214],[88.2653,25.9999],[88.2715,25.9915],[88.2878,25.9901],[88.2915,26.0014],[88.31,26.0033],[88.3038,26.0103],[88.3056,26.0237],[88.3009,26.0317],[88.3191,26.0514],[88.3196,26.074],[88.3138,26.0836],[88.3248,26.0849],[88.3307,26.0956],[88.342,26.0939],[88.3429,26.0999],[88.3511,26.1013],[88.3469,26.1039],[88.3649,26.121],[88.3447,26.1203],[88.3471,26.1324],[88.3326,26.1343],[88.3539,26.1543],[88.3556,26.1647],[88.3689,26.1801],[88.3519,26.1821],[88.3434,26.1898],[88.3307,26.185],[88.3338,26.1915],[88.3214,26.2044]]]}},{"type":"Feature","id":"ADM3_Bamna","properties":{"id":"ADM3_Bamna","name":"Bamna","district":"Barguna"},"geometry":{"type":"Polygon","coordinates":[[[90.0943,22.3455],[90.0868,22.3457],[90.0793,22.3526],[90.07,22.3422],[90.0614,22.3436],[90.0509,22.3369],[90.0532,22.315],[90.0422,22.3177],[90.0392,22.3047],[90.0329,22.3039],[90.024,22.2931],[90.0202,22.2753],[90.0292,22.2598],[90.0188,22.2307],[89.9978,22.2287],[90.0005,22.2138],[89.9913,22.2086],[89.9953,22.2046],[90.0121,22.2196],[90.0272,22.2247],[90.0245,22.2097],[90.0153,22.2054],[90.0181,22.1998],[90.0067,22.1965],[90.0176,22.1877],[90.0247,22.1896],[90.024,22.1967],[90.0289,22.2002],[90.0659,22.2117],[90.0774,22.2261],[90.0824,22.2638],[90.1079,22.3004],[90.1086,22.3125],[90.0943,22.3455]]]}},{"type":"Feature","id":"ADM3_BanariPara","properties":{"id":"ADM3_BanariPara","name":"Banari Para","district":"Barisal"},"geometry":{"type":"Polygon","coordinates":[[[90.1988,22.7852],[90.2034,22.7837],[90.2113,22.7906],[90.2207,22.8164],[90.2183,22.8239],[90.2041,22.8299],[90.1952,22.825],[90.1775,22.8381],[90.1299,22.856],[90.128,22.8616],[90.1177,22.8623],[90.1175,22.8426],[90.1031,22.8473],[90.0959,22.8419],[90.0979,22.8232],[90.0932,22.8245],[90.0957,22.8293],[90.0902,22.8342],[90.0838,22.8305],[90.0764,22.8327],[90.0747,22.8241],[90.0707,22.8348],[90.0773,22.8469],[90.0727,22.8475],[90.0701,22.8559],[90.0347,22.8657],[90.0344,22.8387],[90.0277,22.8175],[90.0544,22.8269],[90.0511,22.8104],[90.0682,22.8008],[90.0767,22.7848],[90.0942,22.7853],[90.1007,22.7821],[90.099,22.7755],[90.1147,22.7781],[90.1227,22.7706],[90.1414,22.7686],[90.1407,22.7598],[90.1445,22.7571],[90.1511,22.7573],[90.1517,22.7629],[90.1668,22.7605],[90.168,22.7474],[90.1855,22.7653],[90.1808,22.7662],[90.1811,22.7759],[90.1898,22.7802],[90.1917,22.7864],[90.1988,22.7852]]]}},{"type":"Feature","id":"ADM3_Banchharampur","properties":{"id":"ADM3_Banchharampur","name":"Banchharampur","district":"Brahamanbaria"},"geometry":{"type":"Polygon","coordinates":[[[90.7411,23.6926],[90.7628,23.6991],[90.7701,23.6847],[90.7839,23.6853],[90.7871,23.6958],[90.7746,23.7121],[90.7796,23.733],[90.7993,23.7463],[90.817,23.7336],[90.8263,23.7342],[90.8365,23.7219],[90.8501,23.7273],[90.8708,23.7187],[90.8834,23.7267],[90.8873,23.7368],[90.8775,23.7828],[90.8884,23.7882],[90.8845,23.8128],[90.8686,23.8125],[90.8703,23.8357],[90.8569,23.8352],[90.8397,23.8247],[90.8458,23.8333],[90.848,23.8496],[90.8359,23.8652],[90.7682,23.8648],[90.7605,23.8557],[90.7679,23.8214],[90.7667,23.8046],[90.7231,23.7453],[90.7249,23.7184],[90.7386,23.7027],[90.7411,23.6926]]]}},{"type":"Feature","id":"ADM3_Bandar","properties":{"id":"ADM3_Bandar","name":"Bandar","district":"Narayanganj"},"geometry":{"type":"Polygon","coordinates":[[[90.5417,23.5629],[90.548,23.5755],[90.5419,23.5826],[90.5425,23.5962],[90.5585,23.6315],[90.5749,23.6915],[90.5716,23.6876],[90.5689,23.6953],[90.5564,23.695],[90.5511,23.7011],[90.5561,23.7087],[90.5483,23.7081],[90.5493,23.7119],[90.5446,23.704],[90.5359,23.7016],[90.5326,23.6899],[90.5249,23.6864],[90.529,23.6739],[90.5196,23.6632],[90.5152,23.6307],[90.5062,23.6113],[90.5183,23.5731],[90.5417,23.5629]]]}},{"type":"Feature","id":"ADM3_BandarbanSadar","properties":{"id":"ADM3_BandarbanSadar","name":"Bandarban Sadar","district":"Bandarban"},"geometry":{"type":"Polygon","coordinates":[[[92.2843,22.0197],[92.2638,22.0692],[92.2047,22.1645],[92.2208,22.1781],[92.2197,22.1959],[92.2523,22.2109],[92.2778,22.176],[92.2957,22.1809],[92.3095,22.1968],[92.3103,22.2055],[92.3016,22.2245],[92.2722,22.2369],[92.2872,22.2743],[92.2691,22.2807],[92.2778,22.3117],[92.277,22.3539],[92.2647,22.3443],[92.2213,22.3306],[92.1959,22.3321],[92.1976,22.3434],[92.1863,22.3469],[92.1459,22.3477],[92.1437,22.3327],[92.1517,22.3334],[92.1547,22.3232],[92.1482,22.2965],[92.1374,22.2861],[92.1378,22.2665],[92.1434,22.2587],[92.1376,22.2345],[92.1492,22.2215],[92.1451,22.2082],[92.1515,22.1953],[92.1643,22.1821],[92.1557,22.165],[92.1612,22.1598],[92.1624,22.1472],[92.1708,22.1446],[92.1601,22.1283],[92.1732,22.1129],[92.1699,22.1045],[92.1412,22.0917],[92.1641,22.0843],[92.1552,22.0703],[92.1762,22.0642],[92.1613,22.0431],[92.1732,22.0354],[92.1776,22.0243],[92.1822,22.0289],[92.1926,22.0248],[92.1957,22.0187],[92.2024,22.0186],[92.2016,22.0082],[92.2162,22.0054],[92.2147,22.0007],[92.2035,21.997],[92.2411,21.9883],[92.2414,21.957],[92.259,21.9435],[92.2705,21.9449],[92.3048,21.9671],[92.2843,22.0197]]]}},{"type":"Feature","id":"ADM3_Bangshal","properties":{"id":"ADM3_Bangshal","name":"Bangshal","district":"Dhaka"},"geometry":{"type":"Polygon","coordinates":[[[90.4119,23.7229],[90.4003,23.7239],[90.3997,23.7108],[90.4115,23.7135],[90.4119,23.7229]]]}},{"type":"Feature","id":"ADM3_Baniachong","properties":{"id":"ADM3_Baniachong","name":"Baniachong","district":"Habiganj"},"geometry":{"type":"Polygon","coordinates":[[[91.2191,24.4851],[91.2325,24.4731],[91.2421,24.4273],[91.2262,24.4346],[91.2171,24.4325],[91.2199,24.4186],[91.214,24.4024],[91.221,24.4022],[91.2195,24.4095],[91.2375,24.4068],[91.2418,24.3936],[91.2558,24.3795],[91.2518,24.3761],[91.243,24.3795],[91.2407,24.3766],[91.2455,24.3722],[91.2397,24.3668],[91.252,24.3625],[91.258,24.3526],[91.2685,24.3528],[91.2727,24.3604],[91.2888,24.3595],[91.2947,24.3673],[91.314,24.3657],[91.3193,24.3722],[91.3337,24.3664],[91.33,24.3841],[91.3563,24.3922],[91.3807,24.3906],[91.3767,24.3961],[91.3668,24.3974],[91.3733,24.403],[91.3947,24.3904],[91.395,24.3983],[91.4056,24.389],[91.4028,24.3981],[91.4061,24.4002],[91.414,24.3893],[91.4215,24.4026],[91.4275,24.3965],[91.4405,24.406],[91.4339,24.4154],[91.4429,24.4165],[91.4512,24.4064],[91.4613,24.4114],[91.4458,24.43],[91.4546,24.4229],[91.4606,24.4241],[91.4618,24.4348],[91.4532,24.4373],[91.4633,24.4528],[91.4592,24.4553],[91.4607,24.4608],[91.4703,24.4711],[91.4706,24.4781],[91.4775,24.4815],[91.4761,24.4848],[91.4648,24.4824],[91.4735,24.4869],[91.4669,24.4936],[91.476,24.4996],[91.4735,24.5031],[91.4656,24.5008],[91.4652,24.5075],[91.4683,24.5104],[91.4767,24.5033],[91.4811,24.5047],[91.4759,24.5139],[91.4841,24.5264],[91.4975,24.5333],[91.4864,24.5423],[91.4926,24.5423],[91.4963,24.5485],[91.4871,24.5535],[91.4691,24.5532],[91.464,24.5486],[91.4552,24.5519],[91.4582,24.5542],[91.4492,24.5746],[91.4538,24.582],[91.4489,24.587],[91.4528,24.5905],[91.4383,24.5976],[91.44,24.6128],[91.431,24.6132],[91.4366,24.6194],[91.4313,24.6247],[91.4329,24.6395],[91.4238,24.6415],[91.4218,24.634],[91.4137,24.6355],[91.4145,24.6456],[91.3971,24.6518],[91.3978,24.6593],[91.4092,24.668],[91.4073,24.6731],[91.3991,24.6711],[91.3986,24.6771],[91.3906,24.6739],[91.3861,24.6832],[91.3919,24.6877],[91.3801,24.6953],[91.3539,24.69],[91.3493,24.6858],[91.3592,24.678],[91.3485,24.666],[91.3433,24.6737],[91.3343,24.6629],[91.3386,24.652],[91.3609,24.6496],[91.359,24.6459],[91.3643,24.6426],[91.3498,24.6286],[91.3373,24.6357],[91.3392,24.6251],[91.363,24.6233],[91.375,24.6172],[91.378,24.6104],[91.3733,24.6096],[91.364,24.5897],[91.3591,24.5948],[91.3409,24.5867],[91.3611,24.5788],[91.3586,24.562],[91.3546,24.5628],[91.3489,24.5448],[91.3089,24.5507],[91.3045,24.5475],[91.308,24.537],[91.3199,24.5359],[91.3241,24.5275],[91.3209,24.5174],[91.3243,24.5125],[91.3156,24.513],[91.3115,24.4968],[91.3069,24.4971],[91.3059,24.5051],[91.2975,24.5036],[91.3026,24.4833],[91.3106,24.4795],[91.2981,24.479],[91.2929,24.4724],[91.2805,24.4745],[91.2802,24.4878],[91.2702,24.4818],[91.2691,24.4907],[91.26,24.4898],[91.2627,24.4844],[91.2558,24.4826],[91.2469,24.4835],[91.2508,24.4909],[91.2479,24.4919],[91.2191,24.4851]]]}},{"type":"Feature","id":"ADM3_Banshkhali","properties":{"id":"ADM3_Banshkhali","name":"Banshkhali","district":"Chittagong"},"geometry":{"type":"MultiPolygon","coordinates":[[[[91.8499,22.1152],[91.8529,22.1175],[91.8497,22.1255],[91.8499,22.1152]]],[[[91.8861,22.128],[91.8995,22.1236],[91.9051,22.1269],[91.8898,22.139],[91.8861,22.128]]],[[[91.8613,22.1428],[91.8592,22.1354],[91.8695,22.1337],[91.8613,22.1428]]],[[[91.874,22.153],[91.8772,22.1575],[91.8738,22.156],[91.874,22.153]]],[[[91.892,22.1584],[91.9012,22.1549],[91.9042,22.1579],[91.892,22.1584]]],[[[91.9214,22.1779],[91.9322,22.169],[91.9358,22.1709],[91.9357,22.1752],[91.9214,22.1779]]],[[[91.8888,22.1426],[91.904,22.1349],[91.9074,22.1253],[91.9002,22.1201],[91.8601,22.1295],[91.8549,22.1442],[91.8504,22.1349],[91.8634,22.1142],[91.8623,22.0919],[91.8784,22.0473],[91.8784,22.0219],[91.8738,22.0029],[91.8704,22.0029],[91.8846,21.9764],[91.8904,21.948],[91.9061,21.9425],[91.8974,21.9415],[91.9089,21.9294],[91.9066,21.91],[91.9166,21.8584],[91.9214,21.858],[91.9249,21.8612],[91.9239,21.8772],[91.9388,21.8778],[91.9576,21.8921],[91.9585,21.8839],[91.964,21.8828],[91.9701,21.8896],[91.9659,21.892],[91.9719,21.9043],[91.9828,21.9013],[91.9988,21.908],[92.0131,21.9027],[92.0363,21.904],[92.0429,21.9126],[92.0358,21.9383],[92.0292,21.9406],[92.0269,21.9511],[92.0214,21.9514],[92.0176,21.9582],[92.0137,21.9759],[92.0166,21.9841],[92.0103,21.9898],[92.0051,22.0066],[91.9963,22.0143],[91.9969,22.0201],[91.9925,22.0209],[91.9893,22.034],[91.9833,22.0346],[91.9854,22.0463],[91.9796,22.0601],[91.9732,22.0617],[91.9834,22.0757],[91.9555,22.0688],[91.9526,22.1011],[91.9667,22.1054],[91.97,22.1095],[91.9665,22.1127],[91.9716,22.1127],[91.9713,22.1075],[91.9797,22.1091],[91.9853,22.0963],[91.994,22.0961],[91.9951,22.1028],[91.9878,22.1075],[91.9903,22.1114],[91.9837,22.1165],[91.9846,22.1214],[91.9728,22.1193],[91.9744,22.1263],[91.9651,22.1405],[91.9525,22.1393],[91.95,22.1459],[91.9536,22.1489],[91.9464,22.1562],[91.947,22.1613],[91.9527,22.1619],[91.9348,22.1634],[91.9408,22.1658],[91.9409,22.1768],[91.9362,22.1682],[91.9281,22.1683],[91.9158,22.1791],[91.9147,22.1686],[91.9044,22.1537],[91.8851,22.1553],[91.8771,22.1506],[91.8888,22.1426]]]]}},{"type":"Feature","id":"ADM3_Baraigram","properties":{"id":"ADM3_Baraigram","name":"Baraigram","district":"Natore"},"geometry":{"type":"Polygon","coordinates":[[[89.1927,24.1989],[89.2008,24.2077],[89.2153,24.2117],[89.2229,24.2246],[89.2192,24.2349],[89.2275,24.2349],[89.2317,24.245],[89.2381,24.2434],[89.2408,24.2539],[89.233,24.2575],[89.2333,24.2666],[89.2417,24.2756],[89.2544,24.273],[89.2767,24.3047],[89.2866,24.3048],[89.2864,24.3237],[89.276,24.3288],[89.2692,24.3214],[89.2655,24.3058],[89.2444,24.305],[89.2338,24.316],[89.2344,24.3268],[89.1976,24.3412],[89.1972,24.3508],[89.1905,24.3531],[89.1744,24.3495],[89.1636,24.3531],[89.1638,24.3381],[89.1558,24.335],[89.1191,24.3401],[89.1138,24.3447],[89.0941,24.3338],[89.0846,24.3378],[89.0809,24.3449],[89.0981,24.3498],[89.0957,24.3553],[89.0934,24.3495],[89.0867,24.355],[89.0699,24.3458],[89.06,24.3489],[89.0574,24.3428],[89.0461,24.3382],[89.0457,24.3233],[89.0394,24.3136],[89.0426,24.3027],[89.0361,24.2907],[89.0257,24.292],[89.0297,24.2718],[89.0208,24.2612],[89.0328,24.2472],[89.0473,24.2583],[89.0611,24.251],[89.0606,24.256],[89.068,24.2574],[89.0723,24.2499],[89.0878,24.26],[89.0893,24.273],[89.1091,24.2731],[89.0983,24.2556],[89.1104,24.2511],[89.1173,24.2418],[89.1076,24.2391],[89.0974,24.2158],[89.1059,24.1996],[89.1109,24.1987],[89.1038,24.1729],[89.1062,24.1604],[89.1111,24.1659],[89.1287,24.1671],[89.1262,24.1711],[89.1387,24.1676],[89.1571,24.1709],[89.1748,24.2005],[89.1927,24.1989]]]}},{"type":"Feature","id":"ADM3_BargunaSadar","properties":{"id":"ADM3_BargunaSadar","name":"Barguna Sadar","district":"Barguna"},"geometry":{"type":"Polygon","coordinates":[[[90.1759,22.1274],[90.2028,22.124],[90.2102,22.1528],[90.2197,22.1469],[90.2232,22.1712],[90.2377,22.1938],[90.2358,22.2035],[90.215,22.2242],[90.2083,22.2221],[90.1587,22.2493],[90.1524,22.2413],[90.1199,22.2442],[90.1144,22.2433],[90.1101,22.2144],[90.0976,22.2161],[90.0847,22.2106],[90.0725,22.2178],[90.0593,22.2081],[90.024,22.1967],[90.0247,22.1896],[90.0728,22.173],[90.0769,22.1651],[90.0655,22.149],[90.0347,22.1285],[90.0303,22.1019],[90.0355,22.0708],[90.0289,22.0529],[90.0168,22.0424],[89.987,22.0352],[89.9953,22.0014],[90.0178,21.9829],[90.0563,21.9785],[90.0659,22.0267],[90.0858,22.0598],[90.1269,22.0899],[90.1577,22.1274],[90.1668,22.1307],[90.1759,22.1274]]]}},{"type":"Feature","id":"ADM3_Barhatta","properties":{"id":"ADM3_Barhatta","name":"Barhatta","district":"Netrakona"},"geometry":{"type":"Polygon","coordinates":[[[90.9303,24.8635],[90.9405,24.8627],[90.9421,24.8713],[90.9569,24.8663],[90.9663,24.8775],[90.9742,24.87],[90.992,24.8883],[90.9982,24.8891],[90.9929,24.9141],[90.9798,24.9172],[90.9721,24.9133],[90.9706,24.917],[90.9646,24.9114],[90.9534,24.9189],[90.9553,24.9395],[90.9501,24.9366],[90.9491,24.9397],[90.9634,24.9419],[90.9707,24.9481],[90.9732,24.9584],[90.9642,24.9693],[90.9481,24.9713],[90.9437,24.9759],[90.945,24.9832],[90.9309,24.9852],[90.9221,24.9798],[90.9118,24.9812],[90.9105,24.9771],[90.8952,24.9781],[90.8707,24.9624],[90.8563,24.9635],[90.8426,24.9577],[90.8509,24.9678],[90.8421,24.9755],[90.8467,24.976],[90.8505,24.9859],[90.8432,24.9995],[90.8386,24.9947],[90.8326,25.0044],[90.832,24.9976],[90.8133,24.99],[90.8078,24.9919],[90.8052,25.001],[90.7998,24.9935],[90.7903,24.9919],[90.7706,25.0015],[90.7674,24.9764],[90.7823,24.9708],[90.7742,24.9603],[90.7829,24.9639],[90.7943,24.956],[90.8016,24.9634],[90.8036,24.9429],[90.8156,24.9399],[90.8247,24.9485],[90.8333,24.9362],[90.8317,24.9253],[90.8377,24.9253],[90.8403,24.9203],[90.8251,24.9207],[90.8261,24.908],[90.817,24.8984],[90.8085,24.8769],[90.8029,24.8759],[90.8056,24.8715],[90.8122,24.8788],[90.8201,24.8719],[90.8183,24.8576],[90.8102,24.8523],[90.8088,24.845],[90.825,24.8448],[90.848,24.8565],[90.8594,24.8387],[90.8615,24.8434],[90.8852,24.8511],[90.8874,24.8458],[90.8982,24.8462],[90.9069,24.8571],[90.9212,24.8561],[90.9214,24.8612],[90.9292,24.8593],[90.9303,24.8635]]]}},{"type":"Feature","id":"ADM3_BarisalSadarKotwali","properties":{"id":"ADM3_BarisalSadarKotwali","name":"Barisal Sadar (Kotwali)","district":"Barisal"},"geometry":{"type":"MultiPolygon","coordinates":[[[[90.5268,22.615],[90.5258,22.6407],[90.5203,22.6373],[90.5224,22.6153],[90.5268,22.615]]],[[[90.5252,22.6839],[90.5195,22.6865],[90.5186,22.6527],[90.5235,22.6404],[90.5281,22.6552],[90.5252,22.6839]]],[[[90.5086,22.6199],[90.4978,22.665],[90.5031,22.659],[90.5053,22.6855],[90.491,22.6873],[90.475,22.6542],[90.4789,22.6542],[90.478,22.6391],[90.5086,22.6199]]],[[[90.4575,22.7549],[90.4524,22.767],[90.4418,22.7633],[90.4575,22.7549]]],[[[90.4337,22.781],[90.4399,22.7665],[90.4479,22.7689],[90.4483,22.7755],[90.4408,22.7838],[90.4337,22.781]]],[[[90.4722,22.797],[90.462,22.8012],[90.4463,22.7874],[90.452,22.7786],[90.4543,22.7872],[90.4539,22.7744],[90.4742,22.7542],[90.4803,22.7588],[90.4853,22.7787],[90.4923,22.7809],[90.461,22.7881],[90.4754,22.7952],[90.4722,22.797]]],[[[90.2689,22.7337],[90.2727,22.7196],[90.2679,22.7147],[90.2753,22.6889],[90.2899,22.6801],[90.2994,22.6856],[90.3199,22.6734],[90.3205,22.6635],[90.3152,22.6602],[90.3226,22.6463],[90.3261,22.6469],[90.3271,22.6593],[90.3563,22.6501],[90.3709,22.6508],[90.3747,22.6413],[90.3691,22.6314],[90.3855,22.6406],[90.4005,22.6361],[90.3989,22.6558],[90.4046,22.669],[90.4311,22.6454],[90.4348,22.6652],[90.4485,22.6613],[90.4487,22.6484],[90.4727,22.6538],[90.4783,22.6736],[90.4926,22.693],[90.4697,22.7145],[90.4686,22.7231],[90.4814,22.7306],[90.4783,22.737],[90.4529,22.7551],[90.4321,22.7582],[90.4371,22.7667],[90.4304,22.7817],[90.4071,22.7905],[90.3907,22.8039],[90.3847,22.8164],[90.3608,22.8064],[90.3799,22.7714],[90.3751,22.7534],[90.3576,22.7651],[90.3258,22.7718],[90.3242,22.7635],[90.3174,22.7629],[90.3147,22.7679],[90.2972,22.7463],[90.2906,22.7497],[90.2689,22.7337]]]]}},{"type":"Feature","id":"ADM3_Barkal","properties":{"id":"ADM3_Barkal","name":"Barkal","district":"Rangamati"},"geometry":{"type":"Polygon","coordinates":[[[92.2911,23.0669],[92.3158,23.069],[92.3054,23.037],[92.3181,22.994],[92.3207,22.9689],[92.3126,22.9164],[92.2953,22.9154],[92.3015,22.8705],[92.3194,22.8287],[92.3115,22.8232],[92.2804,22.829],[92.2499,22.8124],[92.2319,22.83],[92.2094,22.8061],[92.1879,22.7965],[92.2018,22.7534],[92.2352,22.6913],[92.3015,22.6628],[92.3128,22.6809],[92.3146,22.6999],[92.3221,22.7061],[92.3182,22.7196],[92.3354,22.7379],[92.3437,22.7245],[92.3737,22.7209],[92.3922,22.7245],[92.3942,22.7311],[92.4217,22.7299],[92.4519,22.7395],[92.4584,22.714],[92.4599,22.6756],[92.4903,22.7448],[92.4739,22.7463],[92.4794,22.7539],[92.4738,22.7596],[92.4752,22.7732],[92.4693,22.7821],[92.4722,22.7958],[92.4647,22.8045],[92.4666,22.8089],[92.4632,22.812],[92.4614,22.8072],[92.459,22.8187],[92.454,22.8202],[92.4618,22.8308],[92.4526,22.8427],[92.4621,22.8413],[92.4567,22.8506],[92.4643,22.8547],[92.4612,22.8617],[92.4521,22.863],[92.455,22.8702],[92.4602,22.8711],[92.4482,22.877],[92.4494,22.8947],[92.4457,22.8975],[92.4342,22.8857],[92.4209,22.9081],[92.4193,22.9194],[92.4123,22.9138],[92.4036,22.9182],[92.4013,22.912],[92.3978,22.9294],[92.3765,22.9288],[92.3717,22.9362],[92.3758,22.937],[92.3727,22.9402],[92.3779,22.9518],[92.3728,22.9585],[92.3771,22.9597],[92.3743,22.9701],[92.3801,22.982],[92.3844,22.9818],[92.3845,23.0095],[92.3795,23.0121],[92.3848,23.0273],[92.3823,23.0333],[92.3922,23.0565],[92.3846,23.07],[92.3255,23.1217],[92.3158,23.1171],[92.2911,23.0669]]]}},{"type":"Feature","id":"ADM3_Barlekha","properties":{"id":"ADM3_Barlekha","name":"Barlekha","district":"Maulvibazar"},"geometry":{"type":"Polygon","coordinates":[[[92.2508,24.8362],[92.2373,24.8313],[92.2435,24.8195],[92.229,24.8191],[92.2131,24.8132],[92.2114,24.8053],[92.2034,24.8025],[92.2009,24.807],[92.1958,24.8028],[92.1932,24.7892],[92.1983,24.7781],[92.1941,24.7684],[92.1745,24.7735],[92.1271,24.7603],[92.1165,24.7655],[92.0994,24.7566],[92.0929,24.7649],[92.0774,24.7652],[92.0773,24.7492],[92.0843,24.7464],[92.0826,24.732],[92.0778,24.7283],[92.0805,24.7235],[92.0757,24.7179],[92.0633,24.7184],[92.0629,24.7266],[92.0577,24.7286],[92.0597,24.7102],[92.0488,24.6973],[92.0393,24.7001],[92.0399,24.7068],[92.0257,24.6971],[92.0317,24.6956],[92.0351,24.6874],[92.0312,24.6561],[92.0248,24.6449],[92.0284,24.6294],[92.0384,24.6235],[92.0449,24.6347],[92.0553,24.6378],[92.0674,24.6635],[92.0809,24.6677],[92.081,24.6605],[92.0728,24.6495],[92.0868,24.6437],[92.0939,24.634],[92.1038,24.6458],[92.1028,24.6505],[92.1159,24.6555],[92.118,24.6467],[92.136,24.6421],[92.139,24.6189],[92.1492,24.6259],[92.1621,24.6182],[92.1684,24.6212],[92.17,24.6119],[92.1806,24.6079],[92.1854,24.6124],[92.195,24.6096],[92.1978,24.5932],[92.2027,24.5949],[92.2,24.5975],[92.204,24.5998],[92.2001,24.6004],[92.2059,24.609],[92.213,24.6069],[92.2436,24.6161],[92.2498,24.6492],[92.247,24.6549],[92.257,24.6736],[92.2543,24.6782],[92.2959,24.7366],[92.279,24.7457],[92.2889,24.7612],[92.2802,24.7663],[92.2888,24.7846],[92.273,24.8003],[92.2762,24.8156],[92.273,24.8276],[92.249,24.8299],[92.2508,24.8362]]]}},{"type":"Feature","id":"ADM3_Barura","properties":{"id":"ADM3_Barura","name":"Barura","district":"Comilla"},"geometry":{"type":"Polygon","coordinates":[[[91.1113,23.4116],[91.0993,23.4099],[91.095,23.4194],[91.1026,23.426],[91.0926,23.4233],[91.0814,23.4273],[91.0755,23.4494],[91.063,23.4559],[91.0613,23.4385],[91.0434,23.4372],[91.0401,23.4447],[91.027,23.4438],[91.0193,23.4334],[91.0121,23.4392],[91.0042,23.4371],[91.0054,23.4111],[90.9848,23.4057],[90.9811,23.4127],[90.9676,23.4105],[90.9666,23.4025],[90.9714,23.397],[90.959,23.3963],[90.966,23.393],[90.9649,23.3793],[90.9737,23.3771],[90.9776,23.3535],[90.9557,23.3528],[90.9562,23.3324],[90.963,23.3228],[90.9731,23.319],[90.9807,23.2876],[90.9944,23.2924],[91.004,23.2685],[91.0089,23.2703],[91.0133,23.2623],[91.0141,23.2485],[91.0237,23.2473],[91.0235,23.2354],[91.03,23.2294],[91.031,23.243],[91.0378,23.2448],[91.0375,23.2522],[91.0437,23.2523],[91.0434,23.2724],[91.0649,23.2829],[91.07,23.2939],[91.0669,23.3005],[91.0804,23.3024],[91.0775,23.3157],[91.0912,23.3169],[91.0932,23.3292],[91.0992,23.3257],[91.114,23.3326],[91.1128,23.3453],[91.1271,23.3431],[91.1367,23.35],[91.124,23.3617],[91.1185,23.3975],[91.1113,23.4116]]]}},{"type":"Feature","id":"ADM3_Basail","properties":{"id":"ADM3_Basail","name":"Basail","district":"Tangail"},"geometry":{"type":"Polygon","coordinates":[[[90.0562,24.3028],[90.0507,24.3114],[90.0352,24.2925],[90.0071,24.3039],[90.0053,24.2963],[89.9916,24.2869],[89.9796,24.2954],[89.9687,24.2931],[89.9698,24.2828],[89.9768,24.2784],[89.9717,24.2759],[89.9654,24.2806],[89.9808,24.2625],[89.9779,24.2564],[89.986,24.2439],[89.9841,24.2089],[89.9728,24.2044],[89.9777,24.1886],[89.9846,24.1897],[89.9776,24.1836],[89.9782,24.1711],[89.9925,24.1787],[90.003,24.1702],[90.0028,24.1756],[90.0102,24.1723],[90.0124,24.1772],[90.0236,24.1672],[90.0288,24.1729],[90.0335,24.1684],[90.0433,24.1734],[90.0425,24.1844],[90.052,24.1875],[90.0591,24.164],[90.0621,24.1735],[90.0799,24.1751],[90.0907,24.1598],[90.0997,24.163],[90.0986,24.17],[90.1071,24.1642],[90.123,24.1776],[90.114,24.1757],[90.1192,24.1789],[90.1168,24.1864],[90.1065,24.1913],[90.1147,24.1991],[90.1092,24.197],[90.1092,24.2019],[90.1041,24.2022],[90.1075,24.2049],[90.0976,24.2075],[90.0978,24.2134],[90.0912,24.2112],[90.0983,24.2223],[90.0913,24.2203],[90.0908,24.2276],[90.0996,24.2313],[90.1043,24.2279],[90.0969,24.237],[90.1047,24.2355],[90.0991,24.2418],[90.1054,24.2444],[90.1007,24.2501],[90.096,24.2474],[90.0988,24.2558],[90.0858,24.2484],[90.0869,24.2575],[90.0802,24.2569],[90.0749,24.2625],[90.0896,24.2662],[90.0782,24.2656],[90.0882,24.2798],[90.0817,24.2775],[90.0846,24.2831],[90.0808,24.2871],[90.0674,24.2809],[90.0669,24.2881],[90.0749,24.296],[90.0678,24.3],[90.0713,24.2922],[90.0591,24.2913],[90.0624,24.2981],[90.0562,24.3028]]]}},{"type":"Feature","id":"ADM3_Batiaghata","properties":{"id":"ADM3_Batiaghata","name":"Batiaghata","district":"Khulna"},"geometry":{"type":"Polygon","coordinates":[[[89.5369,22.8062],[89.5241,22.8104],[89.5083,22.8038],[89.5068,22.8113],[89.4956,22.8069],[89.4869,22.8092],[89.4853,22.7869],[89.473,22.7685],[89.4681,22.744],[89.462,22.7385],[89.4689,22.7078],[89.4549,22.7029],[89.4392,22.6856],[89.4336,22.658],[89.4258,22.6611],[89.4217,22.6773],[89.4011,22.6737],[89.4072,22.6444],[89.4361,22.6475],[89.455,22.6367],[89.4608,22.6476],[89.4748,22.6466],[89.4813,22.6511],[89.5187,22.6287],[89.5251,22.6126],[89.5324,22.6091],[89.5371,22.6256],[89.5524,22.6409],[89.5491,22.6614],[89.5565,22.6784],[89.58,22.6697],[89.5696,22.6907],[89.6027,22.7021],[89.601,22.7095],[89.5893,22.7099],[89.5853,22.7175],[89.5979,22.7214],[89.5989,22.7392],[89.6095,22.7562],[89.6085,22.7608],[89.5939,22.7613],[89.5818,22.7682],[89.5718,22.7636],[89.5755,22.7691],[89.5679,22.7775],[89.5646,22.7966],[89.5605,22.7988],[89.5561,22.7938],[89.5429,22.7976],[89.5369,22.8062]]]}},{"type":"Feature","id":"ADM3_Bauphal","properties":{"id":"ADM3_Bauphal","name":"Bauphal","district":"Patuakhali"},"geometry":{"type":"MultiPolygon","coordinates":[[[[90.6618,22.4097],[90.6626,22.4167],[90.6609,22.4077],[90.6618,22.4097]]],[[[90.6102,22.4726],[90.609,22.4834],[90.6011,22.4661],[90.6102,22.4726]]],[[[90.4272,22.4604],[90.4304,22.4547],[90.4444,22.4583],[90.454,22.4349],[90.4526,22.4229],[90.444,22.4165],[90.415,22.425],[90.4199,22.4121],[90.4279,22.4129],[90.4287,22.391],[90.4364,22.3834],[90.424,22.3689],[90.4326,22.3449],[90.4417,22.3448],[90.4413,22.3399],[90.4571,22.3353],[90.4476,22.3482],[90.4702,22.3354],[90.4723,22.3472],[90.4842,22.3438],[90.4906,22.3541],[90.5026,22.3586],[90.5107,22.3534],[90.5272,22.3563],[90.5399,22.3502],[90.5456,22.354],[90.5618,22.3507],[90.5682,22.3524],[90.5714,22.3716],[90.5746,22.3567],[90.5879,22.3525],[90.5938,22.3421],[90.5903,22.3358],[90.5946,22.3257],[90.6161,22.3336],[90.6144,22.3112],[90.6607,22.3175],[90.6625,22.3402],[90.6569,22.3839],[90.6432,22.381],[90.6409,22.4121],[90.6303,22.4249],[90.6222,22.4467],[90.6316,22.4254],[90.6398,22.4182],[90.6446,22.4519],[90.6175,22.4758],[90.5957,22.4471],[90.5918,22.4248],[90.616,22.4048],[90.6079,22.4041],[90.5863,22.4284],[90.5912,22.4546],[90.605,22.4771],[90.5877,22.5082],[90.598,22.4865],[90.6063,22.4796],[90.6095,22.4872],[90.5966,22.5158],[90.5855,22.5256],[90.5821,22.534],[90.5905,22.5237],[90.5909,22.5302],[90.5777,22.5429],[90.5394,22.5633],[90.5155,22.5597],[90.5135,22.5522],[90.5277,22.5514],[90.5287,22.5473],[90.5124,22.5341],[90.507,22.5348],[90.5012,22.5469],[90.4772,22.5323],[90.4572,22.5357],[90.4394,22.5086],[90.4394,22.4806],[90.4272,22.4604]]],[[[90.5752,22.5705],[90.5682,22.5701],[90.5747,22.5712],[90.5577,22.5883],[90.5525,22.5866],[90.5519,22.5769],[90.5701,22.5567],[90.5862,22.5474],[90.5752,22.5705]]],[[[90.5346,22.5837],[90.5487,22.5699],[90.538,22.5899],[90.5346,22.5837]]],[[[90.5468,22.5925],[90.5504,22.5874],[90.5572,22.589],[90.5468,22.5925]]]]}},{"type":"Feature","id":"ADM3_BayejidBostami","properties":{"id":"ADM3_BayejidBostami","name":"Bayejid Bostami","district":"Chittagong"},"geometry":{"type":"Polygon","coordinates":[[[91.8461,22.4022],[91.8412,22.4149],[91.8323,22.4116],[91.819,22.4159],[91.8171,22.4669],[91.7719,22.4593],[91.7761,22.4366],[91.7952,22.3922],[91.7903,22.3884],[91.8034,22.3846],[91.7944,22.373],[91.8146,22.3738],[91.8116,22.3786],[91.8195,22.3798],[91.8188,22.3915],[91.8226,22.3928],[91.8289,22.382],[91.8431,22.38],[91.8461,22.4022]]]}},{"type":"Feature","id":"ADM3_BeaniBazar","properties":{"id":"ADM3_BeaniBazar","name":"Beani Bazar","district":"Sylhet"},"geometry":{"type":"Polygon","coordinates":[[[92.2508,24.8362],[92.2549,24.8386],[92.2414,24.8421],[92.2397,24.8578],[92.2349,24.8615],[92.2383,24.8684],[92.2462,24.8676],[92.248,24.8856],[92.2365,24.8921],[92.236,24.8993],[92.2259,24.9035],[92.2309,24.9124],[92.2179,24.9171],[92.2136,24.9272],[92.2163,24.9369],[92.2076,24.9436],[92.2006,24.937],[92.188,24.9369],[92.1769,24.9309],[92.1649,24.9509],[92.1576,24.9447],[92.1575,24.9274],[92.1462,24.9163],[92.144,24.9077],[92.1315,24.9117],[92.1127,24.9047],[92.1019,24.8927],[92.0913,24.902],[92.0809,24.8978],[92.0727,24.9045],[92.0652,24.9002],[92.0685,24.8958],[92.0649,24.8927],[92.0722,24.8897],[92.0681,24.889],[92.0691,24.8766],[92.0743,24.8755],[92.0688,24.8653],[92.0848,24.8634],[92.0864,24.8707],[92.0987,24.8711],[92.1003,24.8644],[92.0914,24.8619],[92.0913,24.8519],[92.0995,24.8501],[92.1048,24.8411],[92.0939,24.8284],[92.0975,24.8229],[92.0852,24.8158],[92.0852,24.8104],[92.0923,24.8067],[92.0866,24.8064],[92.0911,24.8016],[92.0813,24.8005],[92.0789,24.7955],[92.0841,24.7828],[92.0775,24.7818],[92.0712,24.7933],[92.067,24.7868],[92.0717,24.7801],[92.0677,24.7777],[92.0757,24.7769],[92.0801,24.7662],[92.0929,24.7649],[92.0994,24.7566],[92.1165,24.7655],[92.1271,24.7603],[92.1745,24.7735],[92.1941,24.7684],[92.1983,24.7781],[92.1932,24.7892],[92.1958,24.8028],[92.2009,24.807],[92.2034,24.8025],[92.2114,24.8053],[92.2131,24.8132],[92.229,24.8191],[92.2435,24.8195],[92.2373,24.8313],[92.2508,24.8362]]]}},{"type":"Feature","id":"ADM3_Begumganj","properties":{"id":"ADM3_Begumganj","name":"Begumganj","district":"Noakhali"},"geometry":{"type":"Polygon","coordinates":[[[91.1949,22.9855],[91.1562,22.9884],[91.1525,22.9747],[91.1288,22.9734],[91.1212,22.9829],[91.0993,22.9768],[91.0979,22.984],[91.0486,22.9913],[91.0369,22.9722],[91.0196,22.9714],[91.0121,22.9772],[90.9991,22.9778],[90.9947,22.9614],[91.0012,22.9593],[90.9974,22.9552],[90.9999,22.9494],[90.9889,22.9397],[90.9914,22.9309],[90.9813,22.9162],[90.987,22.9154],[90.9825,22.9103],[90.9913,22.9031],[90.9814,22.892],[90.9826,22.8874],[90.9854,22.882],[90.9981,22.882],[91.006,22.8748],[91.0169,22.874],[91.0228,22.8796],[91.0328,22.8742],[91.0411,22.8809],[91.0436,22.8766],[91.0549,22.8794],[91.0568,22.8759],[91.0608,22.8805],[91.0696,22.8731],[91.0691,22.8817],[91.0746,22.8804],[91.0741,22.8885],[91.0812,22.8918],[91.083,22.8876],[91.0944,22.8861],[91.1069,22.8902],[91.1162,22.8805],[91.1421,22.8847],[91.163,22.8811],[91.173,22.8871],[91.1772,22.8841],[91.1961,22.8895],[91.2038,22.9078],[91.2114,22.9103],[91.2135,22.9179],[91.2089,22.9224],[91.2142,22.928],[91.211,22.9302],[91.2155,22.9302],[91.2123,22.9389],[91.1953,22.9431],[91.1972,22.953],[91.1872,22.9535],[91.1883,22.9645],[91.1965,22.9694],[91.1889,22.9753],[91.199,22.9789],[91.1949,22.9855]]]}},{"type":"Feature","id":"ADM3_Belabo","properties":{"id":"ADM3_Belabo","name":"Belabo","district":"Narsingdi"},"geometry":{"type":"Polygon","coordinates":[[[90.8205,24.171],[90.812,24.1766],[90.8072,24.188],[90.8043,24.1735],[90.7978,24.1688],[90.8034,24.1674],[90.7868,24.1638],[90.7832,24.1674],[90.7838,24.1584],[90.7782,24.1634],[90.7658,24.1501],[90.7754,24.1448],[90.7809,24.1215],[90.778,24.115],[90.7824,24.1116],[90.7882,24.1144],[90.7934,24.1089],[90.789,24.1031],[90.7935,24.0961],[90.8189,24.0948],[90.8193,24.0881],[90.8156,24.0885],[90.8195,24.066],[90.8324,24.0514],[90.8622,24.0397],[90.8613,24.0468],[90.8694,24.0409],[90.8715,24.029],[90.9056,24.0544],[90.9082,24.0489],[90.9144,24.0501],[90.9128,24.0423],[90.9154,24.0464],[90.9164,24.0422],[90.9196,24.0505],[90.9282,24.0528],[90.9294,24.061],[90.9406,24.0545],[90.957,24.0595],[90.9651,24.0505],[90.9673,24.0615],[90.9536,24.067],[90.9444,24.0843],[90.9126,24.0749],[90.8942,24.0942],[90.846,24.1116],[90.8487,24.1206],[90.8687,24.129],[90.871,24.14],[90.8649,24.1438],[90.845,24.1426],[90.8252,24.1571],[90.8205,24.171]]]}},{"type":"Feature","id":"ADM3_BelaiChhari","properties":{"id":"ADM3_BelaiChhari","name":"Belai Chhari","district":"Rangamati"},"geometry":{"type":"Polygon","coordinates":[[[92.6139,21.8519],[92.6206,21.8619],[92.6316,21.863],[92.6343,21.8754],[92.6215,21.9209],[92.6135,21.9218],[92.6103,21.9292],[92.6175,21.9403],[92.6107,21.9464],[92.6132,21.9586],[92.6032,21.9812],[92.6127,21.9914],[92.5974,22.012],[92.6005,22.0225],[92.5926,22.0411],[92.5991,22.0424],[92.6026,22.0619],[92.5923,22.0656],[92.5906,22.081],[92.585,22.0825],[92.5752,22.1162],[92.5625,22.1283],[92.5658,22.135],[92.5764,22.136],[92.5782,22.1436],[92.5919,22.1395],[92.5889,22.1319],[92.594,22.1256],[92.6055,22.1233],[92.6109,22.1385],[92.6093,22.1642],[92.6068,22.1728],[92.5951,22.1755],[92.5948,22.2044],[92.588,22.216],[92.5907,22.2553],[92.581,22.2693],[92.5807,22.276],[92.5865,22.2804],[92.5818,22.2818],[92.5835,22.3041],[92.5777,22.312],[92.5812,22.3218],[92.5743,22.3321],[92.5721,22.3592],[92.5593,22.3821],[92.5599,22.3957],[92.556,22.3988],[92.5598,22.4021],[92.5547,22.4056],[92.558,22.4089],[92.5521,22.409],[92.5545,22.417],[92.5508,22.4228],[92.5564,22.4252],[92.5512,22.4276],[92.5553,22.4289],[92.5433,22.4902],[92.5496,22.4983],[92.5426,22.4985],[92.5492,22.5013],[92.5509,22.51],[92.5465,22.5104],[92.5512,22.5137],[92.5466,22.517],[92.5433,22.514],[92.5398,22.5409],[92.5315,22.5453],[92.5301,22.5555],[92.5218,22.5603],[92.5279,22.5657],[92.5274,22.5732],[92.5381,22.5753],[92.5374,22.5828],[92.4937,22.5624],[92.4896,22.5401],[92.4767,22.5377],[92.4591,22.5419],[92.4113,22.5242],[92.4143,22.5086],[92.4083,22.4965],[92.4126,22.4759],[92.3987,22.4606],[92.3758,22.5217],[92.3522,22.523],[92.3256,22.5428],[92.2874,22.5284],[92.282,22.5171],[92.3007,22.4981],[92.2787,22.4582],[92.3245,22.398],[92.36,22.3413],[92.3995,22.3154],[92.4762,22.2372],[92.4972,22.1533],[92.4986,22.1135],[92.5156,22.0679],[92.5232,22.027],[92.5701,21.9271],[92.5869,21.8805],[92.6139,21.8519]]]}},{"type":"Feature","id":"ADM3_Belkuchi","properties":{"id":"ADM3_Belkuchi","name":"Belkuchi","district":"Sirajganj"},"geometry":{"type":"Polygon","coordinates":[[[89.7616,24.3703],[89.7459,24.3708],[89.7435,24.3526],[89.7385,24.3555],[89.7416,24.3721],[89.7316,24.3776],[89.7267,24.3778],[89.7252,24.3712],[89.72,24.3762],[89.7069,24.3728],[89.7016,24.3642],[89.6953,24.3679],[89.6914,24.352],[89.6963,24.3442],[89.6791,24.3284],[89.6735,24.3342],[89.6695,24.3277],[89.6551,24.3251],[89.6517,24.3157],[89.6567,24.3084],[89.6504,24.3055],[89.6469,24.2957],[89.6325,24.302],[89.6328,24.296],[89.638,24.2962],[89.6407,24.2902],[89.635,24.2912],[89.6329,24.2718],[89.6235,24.2725],[89.6167,24.2651],[89.617,24.2409],[89.6216,24.2352],[89.6308,24.2381],[89.6342,24.2295],[89.6456,24.2294],[89.6469,24.2121],[89.6532,24.2138],[89.6503,24.219],[89.6564,24.2322],[89.6742,24.2299],[89.6772,24.2336],[89.6939,24.2254],[89.6875,24.2395],[89.7006,24.2412],[89.7034,24.2504],[89.746,24.2599],[89.7557,24.2738],[89.7626,24.2764],[89.7624,24.2823],[89.7903,24.2689],[89.787,24.2886],[89.7742,24.3015],[89.7717,24.3299],[89.752,24.3497],[89.7528,24.3608],[89.7616,24.3703]]]}},{"type":"Feature","id":"ADM3_Bera","properties":{"id":"ADM3_Bera","name":"Bera","district":"Pabna"},"geometry":{"type":"Polygon","coordinates":[[[89.6846,24.0584],[89.6595,24.0756],[89.6371,24.0868],[89.63,24.0833],[89.6116,24.0969],[89.6109,24.092],[89.6166,24.089],[89.6092,24.0871],[89.6133,24.08],[89.6071,24.0781],[89.6128,24.0573],[89.5976,24.0414],[89.612,24.0249],[89.6122,24.0119],[89.6164,24.0103],[89.6249,23.9817],[89.6204,23.9784],[89.6282,23.9737],[89.6207,23.9732],[89.6102,23.9572],[89.5837,23.9439],[89.613,23.9273],[89.6194,23.9118],[89.5864,23.9121],[89.6041,23.8993],[89.5992,23.8914],[89.6164,23.8961],[89.6264,23.8831],[89.6199,23.8781],[89.6226,23.8761],[89.6129,23.8733],[89.6233,23.8604],[89.617,23.8393],[89.6276,23.82],[89.6433,23.8109],[89.6651,23.8092],[89.6958,23.8145],[89.7327,23.8354],[89.7122,23.8584],[89.7038,23.8771],[89.697,23.8666],[89.7023,23.8955],[89.6982,23.8959],[89.6954,23.9239],[89.6845,23.9253],[89.6874,23.9326],[89.6839,23.9394],[89.6928,23.9427],[89.6932,23.9867],[89.6993,23.9973],[89.7216,24.0135],[89.703,24.0237],[89.6982,24.0387],[89.683,24.0342],[89.6814,24.0556],[89.6846,24.0584]]]}},{"type":"Feature","id":"ADM3_Betagi","properties":{"id":"ADM3_Betagi","name":"Betagi","district":"Barguna"},"geometry":{"type":"Polygon","coordinates":[[[90.1905,22.4795],[90.1748,22.4574],[90.1753,22.431],[90.1408,22.4045],[90.1162,22.3648],[90.1012,22.356],[90.0943,22.3455],[90.1086,22.3125],[90.1079,22.3004],[90.0808,22.2582],[90.0799,22.2344],[90.0725,22.2178],[90.0847,22.2106],[90.0976,22.2161],[90.1101,22.2144],[90.1144,22.2433],[90.1524,22.2413],[90.1587,22.2493],[90.1434,22.2897],[90.1456,22.3123],[90.1564,22.3104],[90.1594,22.3216],[90.1563,22.3256],[90.1505,22.322],[90.1383,22.3431],[90.1759,22.3243],[90.1684,22.3386],[90.1779,22.3394],[90.1818,22.3474],[90.1805,22.3619],[90.1866,22.3663],[90.1877,22.3951],[90.1949,22.4136],[90.2113,22.4182],[90.2238,22.4395],[90.2211,22.4485],[90.2304,22.4533],[90.2285,22.4663],[90.2418,22.4825],[90.2373,22.4859],[90.2282,22.4835],[90.213,22.4747],[90.1905,22.4795]]]}},{"type":"Feature","id":"ADM3_Bhairab","properties":{"id":"ADM3_Bhairab","name":"Bhairab","district":"Kishoreganj"},"geometry":{"type":"Polygon","coordinates":[[[91.0429,24.0678],[91.0535,24.0845],[91.0498,24.1021],[91.0384,24.115],[90.997,24.1384],[90.9859,24.1567],[90.9753,24.1624],[90.9719,24.173],[90.9676,24.1725],[90.9704,24.1618],[90.9616,24.1556],[90.943,24.1559],[90.9341,24.1489],[90.9301,24.1331],[90.9421,24.1049],[90.9318,24.1051],[90.9314,24.1124],[90.9246,24.1034],[90.9264,24.0961],[90.8947,24.0976],[90.8964,24.0877],[90.9126,24.0749],[90.9444,24.0843],[90.9536,24.067],[90.9673,24.0615],[90.9596,24.0396],[90.9622,24.0332],[90.986,24.0306],[91.0034,24.0467],[91.0429,24.0678]]]}},{"type":"Feature","id":"ADM3_Bhaluka","properties":{"id":"ADM3_Bhaluka","name":"Bhaluka","district":"Mymensingh"},"geometry":{"type":"Polygon","coordinates":[[[90.2935,24.4724],[90.2706,24.48],[90.2608,24.4721],[90.2524,24.4716],[90.2541,24.4528],[90.2474,24.4416],[90.2191,24.4485],[90.2207,24.4343],[90.2293,24.4199],[90.2405,24.4132],[90.249,24.4153],[90.2288,24.3478],[90.2335,24.3352],[90.2479,24.3333],[90.2612,24.2916],[90.2811,24.2872],[90.2905,24.2778],[90.3254,24.2992],[90.3476,24.2938],[90.3593,24.3001],[90.3566,24.2879],[90.3622,24.2861],[90.3625,24.281],[90.3764,24.2849],[90.3794,24.2905],[90.3928,24.2816],[90.4024,24.2827],[90.4094,24.2967],[90.4281,24.3102],[90.4264,24.3305],[90.4421,24.341],[90.4574,24.3392],[90.4876,24.3142],[90.4963,24.3151],[90.4913,24.3309],[90.4996,24.3517],[90.4907,24.3611],[90.4879,24.3733],[90.4743,24.3767],[90.4762,24.3935],[90.4871,24.4047],[90.4812,24.4111],[90.4721,24.4113],[90.4714,24.4185],[90.4667,24.4204],[90.4692,24.4287],[90.4622,24.433],[90.4665,24.4499],[90.4633,24.4584],[90.4558,24.4602],[90.4525,24.4533],[90.4321,24.4516],[90.4236,24.4716],[90.4069,24.4789],[90.3898,24.4718],[90.3882,24.4587],[90.3839,24.4709],[90.3782,24.4706],[90.3646,24.4553],[90.3534,24.4626],[90.3396,24.4613],[90.3311,24.4734],[90.3228,24.4687],[90.3159,24.4725],[90.302,24.4651],[90.2935,24.4724]]]}},{"type":"Feature","id":"ADM3_Bhandaria","properties":{"id":"ADM3_Bhandaria","name":"Bhandaria","district":"Pirojpur"},"geometry":{"type":"Polygon","coordinates":[[[90.0649,22.5283],[90.0567,22.5514],[90.0512,22.551],[90.0426,22.5355],[90.0316,22.5295],[90.0311,22.5187],[90.0212,22.5162],[90.0229,22.5056],[90.0174,22.4996],[89.9915,22.5005],[89.973,22.448],[89.9463,22.4272],[89.9036,22.3818],[89.9335,22.3647],[89.9426,22.3878],[89.9551,22.3856],[89.9619,22.371],[89.9724,22.3738],[89.975,22.3827],[89.9628,22.3989],[89.9657,22.4033],[89.9741,22.4048],[89.982,22.3942],[90.0005,22.3962],[90.0015,22.4022],[90.0146,22.3942],[90.0312,22.3963],[90.0388,22.4023],[90.0285,22.4202],[90.0273,22.4442],[90.0363,22.4486],[90.0426,22.4438],[90.06,22.4432],[90.0564,22.456],[90.0636,22.4652],[90.068,22.4532],[90.0742,22.4521],[90.0772,22.4399],[90.1007,22.4447],[90.1057,22.4619],[90.1104,22.4587],[90.124,22.469],[90.134,22.4869],[90.1318,22.4912],[90.1249,22.4899],[90.1234,22.4981],[90.1169,22.503],[90.1137,22.4936],[90.1009,22.4996],[90.0791,22.4876],[90.079,22.4956],[90.0704,22.5006],[90.075,22.5074],[90.0728,22.5116],[90.0628,22.5052],[90.0649,22.5283]]]}},{"type":"Feature","id":"ADM3_Bhanga","properties":{"id":"ADM3_Bhanga","name":"Bhanga","district":"Faridpur"},"geometry":{"type":"Polygon","coordinates":[[[90.0925,23.3741],[90.07,23.3781],[90.0615,23.3841],[90.061,23.3804],[90.0551,23.3866],[90.0803,23.4004],[90.0815,23.4154],[90.0749,23.4364],[90.0566,23.4424],[90.0451,23.4405],[90.0437,23.4447],[90.0501,23.4459],[90.0465,23.4559],[90.0213,23.4417],[90.0044,23.456],[90.0065,23.4676],[89.9986,23.4665],[89.9867,23.4755],[89.9846,23.4705],[89.9665,23.4658],[89.9643,23.4605],[89.9487,23.4634],[89.9342,23.4598],[89.9557,23.4357],[89.9514,23.428],[89.9389,23.434],[89.9275,23.4255],[89.9457,23.4033],[89.9505,23.3873],[89.9491,23.3828],[89.9392,23.383],[89.9384,23.392],[89.9247,23.3998],[89.9155,23.3829],[89.9212,23.3494],[89.9419,23.3492],[89.954,23.3604],[89.9577,23.3535],[89.9728,23.3487],[89.9786,23.3334],[89.9919,23.3257],[90.0096,23.3223],[90.0188,23.3254],[90.0189,23.3186],[90.0038,23.3031],[90.0183,23.2871],[90.0253,23.2908],[90.0251,23.3046],[90.033,23.3146],[90.034,23.3406],[90.0539,23.3251],[90.0676,23.3052],[90.0758,23.3092],[90.0839,23.3059],[90.0923,23.3118],[90.0916,23.3265],[90.1023,23.3333],[90.0985,23.3428],[90.0841,23.3486],[90.0925,23.3741]]]}},{"type":"Feature","id":"ADM3_Bhangura","properties":{"id":"ADM3_Bhangura","name":"Bhangura","district":"Pabna"},"geometry":{"type":"Polygon","coordinates":[[[89.3962,24.3378],[89.3923,24.3344],[89.3797,24.3414],[89.3737,24.336],[89.3733,24.3267],[89.3817,24.3181],[89.3795,24.3067],[89.3849,24.3043],[89.3859,24.292],[89.3914,24.2882],[89.3873,24.2767],[89.3814,24.2682],[89.3758,24.2717],[89.3646,24.268],[89.3605,24.2592],[89.3485,24.2625],[89.3372,24.2535],[89.3328,24.2397],[89.3245,24.2371],[89.322,24.2276],[89.3347,24.2264],[89.3383,24.2206],[89.3359,24.2138],[89.3578,24.2008],[89.3622,24.1902],[89.3526,24.1849],[89.3644,24.1762],[89.3612,24.1687],[89.3734,24.1641],[89.383,24.1529],[89.3908,24.1544],[89.392,24.1354],[89.3956,24.1344],[89.4031,24.1394],[89.4007,24.1473],[89.4105,24.153],[89.4027,24.1601],[89.3989,24.1581],[89.3947,24.1659],[89.4013,24.1641],[89.4029,24.1707],[89.398,24.1753],[89.4031,24.1918],[89.4104,24.1913],[89.4097,24.2014],[89.4195,24.2078],[89.418,24.2156],[89.4245,24.2137],[89.4282,24.2216],[89.4355,24.2186],[89.4352,24.2133],[89.4513,24.2172],[89.4514,24.2291],[89.4458,24.2337],[89.4566,24.2338],[89.4632,24.2503],[89.4603,24.262],[89.448,24.2682],[89.4484,24.2631],[89.4404,24.2609],[89.4394,24.2524],[89.4246,24.2503],[89.4291,24.2682],[89.4235,24.2723],[89.425,24.2804],[89.4175,24.2935],[89.4212,24.2979],[89.4191,24.3045],[89.4255,24.3071],[89.4196,24.3114],[89.4223,24.318],[89.4177,24.3167],[89.4149,24.323],[89.4004,24.3215],[89.4008,24.3328],[89.3962,24.3378]]]}},{"type":"Feature","id":"ADM3_Bhedarganj","properties":{"id":"ADM3_Bhedarganj","name":"Bhedarganj","district":"Shariatpur"},"geometry":{"type":"MultiPolygon","coordinates":[[[[90.5981,23.2325],[90.575,23.2532],[90.571,23.2524],[90.5456,23.2835],[90.5409,23.284],[90.5415,23.2785],[90.5263,23.2936],[90.5021,23.3019],[90.5004,23.2797],[90.4948,23.2857],[90.4824,23.2848],[90.4834,23.2494],[90.4873,23.2466],[90.476,23.2495],[90.4759,23.2425],[90.4597,23.2371],[90.4496,23.2261],[90.4495,23.2155],[90.4336,23.2195],[90.4325,23.2133],[90.4238,23.208],[90.4116,23.2175],[90.3937,23.2139],[90.3896,23.2024],[90.3817,23.2007],[90.382,23.1908],[90.3943,23.1797],[90.4036,23.1776],[90.4146,23.1643],[90.4345,23.1667],[90.4428,23.1833],[90.4548,23.1767],[90.4563,23.1683],[90.4654,23.1682],[90.4664,23.164],[90.4863,23.1568],[90.5083,23.1634],[90.5016,23.1525],[90.5253,23.1482],[90.5271,23.1426],[90.548,23.1476],[90.5549,23.1638],[90.5641,23.1465],[90.5781,23.1611],[90.6078,23.2135],[90.6012,23.2268],[90.5959,23.2273],[90.5981,23.2325]]],[[[90.5047,23.3215],[90.5023,23.3214],[90.5141,23.3179],[90.5047,23.3215]]],[[[90.5159,23.3227],[90.514,23.3223],[90.5167,23.3209],[90.5228,23.3221],[90.5159,23.3227]]],[[[90.5048,23.3224],[90.5087,23.3232],[90.504,23.3239],[90.5048,23.3224]]],[[[90.5653,23.3243],[90.5664,23.3283],[90.5632,23.3283],[90.5617,23.3256],[90.5653,23.3243]]],[[[90.5698,23.3246],[90.5781,23.3245],[90.5837,23.3295],[90.5796,23.3307],[90.5714,23.3283],[90.569,23.3271],[90.5677,23.3246],[90.5687,23.3241],[90.5698,23.3246]]],[[[90.5048,23.3264],[90.5248,23.3258],[90.5278,23.3343],[90.5058,23.3327],[90.5048,23.3264]]],[[[90.5421,23.3329],[90.533,23.3344],[90.5305,23.3244],[90.5461,23.3217],[90.5487,23.3267],[90.5522,23.3212],[90.559,23.3281],[90.5521,23.3282],[90.5725,23.3336],[90.5421,23.3329]]],[[[90.5387,23.3793],[90.5092,23.3968],[90.4986,23.3887],[90.4913,23.372],[90.4857,23.3694],[90.4904,23.3388],[90.5111,23.3407],[90.5058,23.3336],[90.5348,23.3392],[90.5907,23.3359],[90.5761,23.358],[90.5468,23.3674],[90.5387,23.3793]]]]}},{"type":"Feature","id":"ADM3_Bheramara","properties":{"id":"ADM3_Bheramara","name":"Bheramara","district":"Kushtia"},"geometry":{"type":"Polygon","coordinates":[[[89.0067,24.1181],[88.9499,24.1251],[88.9397,24.1321],[88.9198,24.1208],[88.9276,24.1126],[88.9242,24.0723],[88.9081,24.0498],[88.9224,24.04],[88.9244,24.0353],[88.9188,24.0269],[88.9225,24.0217],[88.9371,24.0183],[88.9398,24.012],[88.9642,24.0108],[88.9642,24.0071],[88.9858,23.9989],[88.9953,23.9874],[89.0164,23.9875],[89.0231,23.9938],[89.0385,23.9912],[89.0593,23.9987],[89.0481,24.0196],[89.0265,24.0917],[89.0067,24.1181]]]}},{"type":"Feature","id":"ADM3_BholaSadar","properties":{"id":"ADM3_BholaSadar","name":"Bhola Sadar","district":"Bhola"},"geometry":{"type":"MultiPolygon","coordinates":[[[[90.6284,22.5525],[90.6295,22.5536],[90.6209,22.5533],[90.6131,22.5509],[90.6171,22.5495],[90.6284,22.5525]]],[[[90.5827,22.5588],[90.5996,22.5608],[90.5821,22.5621],[90.5927,22.5653],[90.5897,22.5677],[90.5987,22.5652],[90.5927,22.5696],[90.5752,22.5705],[90.5827,22.5588]]],[[[90.5747,22.5712],[90.5885,22.5717],[90.5577,22.5883],[90.5747,22.5712]]],[[[90.5543,22.5926],[90.5923,22.5729],[90.5523,22.6127],[90.5459,22.6116],[90.5424,22.6049],[90.5543,22.5926]]],[[[90.5399,22.607],[90.5447,22.6149],[90.5333,22.6182],[90.5399,22.607]]],[[[90.5274,22.6149],[90.5354,22.6403],[90.5258,22.6407],[90.5274,22.6149]]],[[[90.5262,22.6425],[90.5363,22.6425],[90.5387,22.6468],[90.5408,22.6665],[90.5341,22.6763],[90.5414,22.6713],[90.5462,22.6498],[90.5528,22.6684],[90.5494,22.6473],[90.5636,22.6573],[90.5586,22.6484],[90.5663,22.6484],[90.5716,22.6675],[90.5653,22.6998],[90.5602,22.6992],[90.5533,22.6865],[90.5439,22.6911],[90.5388,22.6854],[90.5252,22.6839],[90.5262,22.6425]]],[[[90.6956,22.7233],[90.7159,22.7285],[90.7021,22.743],[90.6956,22.7233]]],[[[90.7028,22.7465],[90.7087,22.751],[90.7053,22.7523],[90.7028,22.7465]]],[[[90.6904,22.7495],[90.6907,22.7554],[90.6888,22.7515],[90.6904,22.7495]]],[[[90.6851,22.7628],[90.6776,22.7606],[90.6829,22.7529],[90.6877,22.7601],[90.6851,22.7628]]],[[[90.6874,22.7785],[90.6766,22.7728],[90.6839,22.7721],[90.6874,22.7785]]],[[[90.6738,22.7968],[90.6725,22.7979],[90.6579,22.795],[90.6625,22.7941],[90.6648,22.7957],[90.6702,22.7953],[90.6738,22.7968]]],[[[90.6944,22.6798],[90.6833,22.6923],[90.6777,22.7169],[90.6627,22.7457],[90.6565,22.7825],[90.6238,22.8036],[90.5994,22.8082],[90.5822,22.8034],[90.5798,22.7893],[90.5683,22.792],[90.5599,22.7688],[90.5735,22.7301],[90.5635,22.7057],[90.568,22.7044],[90.5721,22.7137],[90.5686,22.7029],[90.5802,22.6528],[90.5774,22.6587],[90.5673,22.6453],[90.5367,22.6317],[90.5335,22.6202],[90.5544,22.6144],[90.587,22.5887],[90.6028,22.5689],[90.6218,22.5589],[90.6191,22.5834],[90.6084,22.6003],[90.6157,22.6388],[90.6054,22.662],[90.6174,22.6391],[90.6096,22.601],[90.6198,22.5882],[90.6215,22.567],[90.6571,22.5566],[90.6728,22.5429],[90.6588,22.5703],[90.6564,22.6102],[90.6615,22.627],[90.6604,22.6427],[90.6835,22.6478],[90.6888,22.6636],[90.6991,22.6672],[90.6944,22.6798]]],[[[90.6761,22.8076],[90.669,22.8105],[90.6438,22.8052],[90.6594,22.7985],[90.6761,22.8076]]],[[[90.6563,22.8448],[90.6349,22.8355],[90.6334,22.8293],[90.6104,22.824],[90.6024,22.8138],[90.6451,22.8068],[90.6708,22.8111],[90.6761,22.8163],[90.6748,22.822],[90.6563,22.8448]]]]}},{"type":"Feature","id":"ADM3_Bholahat","properties":{"id":"ADM3_Bholahat","name":"Bholahat","district":"Nawabganj"},"geometry":{"type":"Polygon","coordinates":[[[88.259,24.8781],[88.2649,24.8928],[88.2624,24.921],[88.2398,24.9409],[88.2293,24.9581],[88.2072,24.9583],[88.1881,24.9517],[88.1835,24.9556],[88.1754,24.9463],[88.1702,24.9505],[88.1646,24.9414],[88.1583,24.9415],[88.1575,24.9336],[88.138,24.9363],[88.1403,24.9142],[88.1489,24.9113],[88.1619,24.8932],[88.169,24.8931],[88.1687,24.8883],[88.1577,24.8925],[88.1526,24.8845],[88.1637,24.8781],[88.1593,24.8722],[88.1659,24.8635],[88.1793,24.8591],[88.1874,24.8582],[88.1993,24.8662],[88.1998,24.859],[88.2041,24.861],[88.2024,24.8506],[88.2122,24.8479],[88.2071,24.8369],[88.2108,24.828],[88.2162,24.8297],[88.2177,24.8227],[88.2115,24.8188],[88.2337,24.8059],[88.2434,24.8143],[88.2452,24.8238],[88.244,24.8312],[88.2379,24.8351],[88.2327,24.8607],[88.2398,24.8578],[88.2488,24.8419],[88.2572,24.8415],[88.2626,24.862],[88.2556,24.8691],[88.259,24.8781]]]}},{"type":"Feature","id":"ADM3_Bhuapur","properties":{"id":"ADM3_Bhuapur","name":"Bhuapur","district":"Tangail"},"geometry":{"type":"Polygon","coordinates":[[[89.8797,24.4856],[89.8858,24.4959],[89.8927,24.4974],[89.8932,24.5077],[89.8851,24.5088],[89.8766,24.5219],[89.886,24.5237],[89.8932,24.5413],[89.8822,24.5439],[89.8834,24.5365],[89.8698,24.5331],[89.8641,24.5368],[89.8603,24.5269],[89.854,24.5379],[89.8553,24.5252],[89.8356,24.529],[89.8307,24.5492],[89.8269,24.5501],[89.843,24.5608],[89.842,24.5695],[89.8308,24.5738],[89.8132,24.5752],[89.8114,24.5666],[89.7928,24.5674],[89.7891,24.5723],[89.7731,24.5645],[89.7674,24.5565],[89.7699,24.54],[89.7463,24.5373],[89.7486,24.5349],[89.7445,24.5327],[89.75,24.5295],[89.7476,24.5203],[89.7386,24.5231],[89.7342,24.5184],[89.7503,24.5049],[89.7555,24.5063],[89.7582,24.4996],[89.7474,24.483],[89.7577,24.4834],[89.7426,24.4712],[89.7422,24.4568],[89.7552,24.4553],[89.7466,24.4305],[89.7613,24.3949],[89.7894,24.3982],[89.7962,24.3892],[89.8178,24.3906],[89.8195,24.398],[89.8242,24.3988],[89.8194,24.4049],[89.8265,24.4028],[89.8259,24.4065],[89.8335,24.4071],[89.8404,24.4003],[89.852,24.4006],[89.8544,24.3959],[89.8648,24.3979],[89.8674,24.4041],[89.8774,24.4027],[89.8779,24.3975],[89.8842,24.3951],[89.8845,24.4016],[89.8758,24.4124],[89.8818,24.4167],[89.8811,24.4286],[89.8943,24.4358],[89.8852,24.4465],[89.8818,24.4618],[89.8769,24.4625],[89.8736,24.4825],[89.8746,24.4872],[89.8797,24.4856]]]}},{"type":"Feature","id":"ADM3_Bhurungamari","properties":{"id":"ADM3_Bhurungamari","name":"Bhurungamari","district":"Kurigram"},"geometry":{"type":"MultiPolygon","coordinates":[[[[89.5647,26.0607],[89.5555,26.0656],[89.5516,26.0631],[89.5584,26.0501],[89.5716,26.0525],[89.5728,26.063],[89.5647,26.0607]]],[[[89.6206,26.0683],[89.6171,26.08],[89.6115,26.0724],[89.6139,26.0674],[89.6206,26.0683]]],[[[89.7026,26.1772],[89.7027,26.182],[89.6993,26.1837],[89.6985,26.18],[89.7026,26.1772]]],[[[89.5859,26.1837],[89.5876,26.1868],[89.5868,26.1895],[89.5832,26.1844],[89.5859,26.1837]]],[[[89.6039,26.1925],[89.59,26.1893],[89.5879,26.1822],[89.5927,26.1834],[89.5874,26.1803],[89.5886,26.1759],[89.6073,26.1756],[89.5994,26.1804],[89.6062,26.1843],[89.6039,26.1925]]],[[[89.6219,26.2004],[89.6137,26.1969],[89.6157,26.1896],[89.6091,26.191],[89.6187,26.1862],[89.6219,26.2004]]],[[[89.598,26.1971],[89.5942,26.2027],[89.5893,26.1971],[89.5983,26.1932],[89.598,26.1971]]],[[[89.6106,26.2053],[89.6091,26.2038],[89.6172,26.2024],[89.6167,26.2045],[89.6106,26.2053]]],[[[89.6041,26.1259],[89.607,26.1234],[89.6012,26.1235],[89.6053,26.1172],[89.6123,26.1279],[89.6204,26.1198],[89.6263,26.1285],[89.6303,26.1185],[89.6141,26.1069],[89.6052,26.1065],[89.5979,26.1131],[89.6008,26.1091],[89.5956,26.1079],[89.6007,26.1076],[89.6,26.1035],[89.5942,26.1034],[89.5967,26.098],[89.6083,26.0885],[89.6094,26.0955],[89.6172,26.0948],[89.6139,26.1037],[89.6215,26.1004],[89.624,26.108],[89.6301,26.1069],[89.6361,26.0995],[89.6335,26.094],[89.6393,26.091],[89.634,26.0801],[89.6495,26.063],[89.6497,26.0713],[89.6613,26.0609],[89.6705,26.066],[89.6674,26.0708],[89.6725,26.0728],[89.6764,26.0627],[89.6665,26.0641],[89.6789,26.0596],[89.6716,26.0555],[89.6869,26.0566],[89.682,26.0508],[89.6712,26.0543],[89.6723,26.0483],[89.677,26.0486],[89.6696,26.0392],[89.6801,26.0428],[89.6841,26.0394],[89.699,26.0498],[89.7065,26.0409],[89.7047,26.0342],[89.7172,26.0331],[89.7129,26.0392],[89.7194,26.0398],[89.7234,26.0306],[89.7199,26.027],[89.7318,26.0344],[89.7509,26.0349],[89.7533,26.0405],[89.7586,26.0406],[89.7605,26.055],[89.7674,26.0516],[89.7625,26.0373],[89.7689,26.0312],[89.7792,26.0445],[89.7878,26.0478],[89.7852,26.057],[89.7987,26.0597],[89.7965,26.0764],[89.7903,26.0755],[89.7948,26.0876],[89.7812,26.0836],[89.786,26.0964],[89.7817,26.0983],[89.7858,26.1015],[89.7831,26.1061],[89.7563,26.1091],[89.7664,26.1308],[89.7541,26.1403],[89.7466,26.1581],[89.7204,26.1564],[89.7193,26.1664],[89.7145,26.1689],[89.7099,26.1563],[89.7013,26.1519],[89.6972,26.1586],[89.6743,26.167],[89.702,26.1741],[89.6917,26.1776],[89.6734,26.2058],[89.6914,26.2118],[89.685,26.2087],[89.6797,26.2141],[89.679,26.2242],[89.6894,26.2214],[89.6836,26.2239],[89.6866,26.2293],[89.6818,26.2278],[89.6787,26.2383],[89.6718,26.22],[89.6555,26.2192],[89.6338,26.2303],[89.6359,26.2189],[89.6321,26.212],[89.6383,26.2111],[89.6394,26.1998],[89.6499,26.1903],[89.6424,26.1854],[89.6301,26.1959],[89.6285,26.1919],[89.6328,26.1904],[89.6276,26.1894],[89.6277,26.1841],[89.639,26.1787],[89.6402,26.1823],[89.6554,26.1815],[89.6586,26.1765],[89.646,26.1646],[89.6321,26.172],[89.637,26.1789],[89.6321,26.1808],[89.6239,26.1712],[89.6238,26.1792],[89.6133,26.1767],[89.6087,26.1807],[89.6082,26.1764],[89.6151,26.176],[89.6112,26.1687],[89.6197,26.1682],[89.6101,26.1619],[89.6103,26.1539],[89.5998,26.161],[89.5911,26.1573],[89.5979,26.154],[89.5965,26.1353],[89.6041,26.1259]]]]}},{"type":"Feature","id":"ADM3_Bijoynagar","properties":{"id":"ADM3_Bijoynagar","name":"Bijoynagar","district":"Brahamanbaria"},"geometry":{"type":"Polygon","coordinates":[[[91.2451,23.9085],[91.2414,23.9228],[91.233,23.9271],[91.2761,23.9227],[91.2728,23.9378],[91.2639,23.9444],[91.2715,23.963],[91.2846,23.9822],[91.2876,23.9682],[91.2997,23.9723],[91.2972,23.9764],[91.3034,23.9967],[91.2943,24.0013],[91.3075,24.0162],[91.304,24.026],[91.3124,24.0287],[91.3116,24.0396],[91.3036,24.0437],[91.3041,24.0563],[91.2841,24.0608],[91.287,24.0664],[91.2834,24.0718],[91.2931,24.0935],[91.282,24.0936],[91.2794,24.0889],[91.2691,24.095],[91.2634,24.0911],[91.2644,24.0829],[91.2491,24.0745],[91.2482,24.0827],[91.2376,24.08],[91.2354,24.0658],[91.2239,24.0587],[91.2236,24.0515],[91.2075,24.0413],[91.2001,24.0431],[91.178,24.0275],[91.1742,24.0018],[91.1686,24.0024],[91.166,23.9936],[91.1616,23.9923],[91.1584,24.0032],[91.1524,24.0032],[91.1603,24.0127],[91.1524,24.0134],[91.1539,24.0164],[91.1425,24.0075],[91.1239,24.0163],[91.1139,24.0029],[91.127,24.0028],[91.1241,23.9907],[91.1276,23.9812],[91.1503,23.9736],[91.1471,23.9571],[91.1502,23.9498],[91.1769,23.928],[91.2018,23.9227],[91.2079,23.9038],[91.231,23.9021],[91.2451,23.9085]]]}},{"type":"Feature","id":"ADM3_BimanBandar","properties":{"id":"ADM3_BimanBandar","name":"Biman Bandar","district":"Dhaka"},"geometry":{"type":"Polygon","coordinates":[[[90.4072,23.8579],[90.4064,23.8537],[90.4004,23.8607],[90.3855,23.8569],[90.4005,23.8322],[90.4132,23.8336],[90.4246,23.8499],[90.4161,23.8593],[90.4072,23.8579]]]}},{"type":"Feature","id":"ADM3_Biral","properties":{"id":"ADM3_Biral","name":"Biral","district":"Dinajpur"},"geometry":{"type":"Polygon","coordinates":[[[88.5282,25.766],[88.5219,25.7652],[88.5219,25.7512],[88.5108,25.7435],[88.4966,25.7449],[88.4998,25.7239],[88.4808,25.7218],[88.486,25.6925],[88.4901,25.6909],[88.484,25.6904],[88.4823,25.6836],[88.4794,25.6857],[88.4807,25.6799],[88.4712,25.6821],[88.4734,25.6798],[88.4625,25.6784],[88.461,25.6727],[88.4563,25.6724],[88.4558,25.6287],[88.4451,25.6138],[88.4496,25.6051],[88.4443,25.597],[88.457,25.599],[88.4688,25.5832],[88.4811,25.5857],[88.4826,25.5823],[88.4836,25.5866],[88.4999,25.5841],[88.5003,25.5509],[88.5094,25.5442],[88.519,25.5452],[88.5187,25.5384],[88.5235,25.5353],[88.5277,25.5434],[88.5331,25.5422],[88.5328,25.5323],[88.5394,25.5348],[88.5405,25.5303],[88.5399,25.5084],[88.5463,25.5084],[88.5515,25.5205],[88.56,25.5126],[88.5804,25.5142],[88.5928,25.5448],[88.5857,25.5583],[88.5872,25.5676],[88.6052,25.569],[88.6044,25.5925],[88.6158,25.5923],[88.6231,25.6142],[88.6269,25.6136],[88.6182,25.6322],[88.6293,25.6502],[88.6209,25.6519],[88.6339,25.6591],[88.6321,25.6662],[88.6223,25.6733],[88.6254,25.6786],[88.6326,25.6769],[88.6291,25.71],[88.6454,25.7272],[88.6472,25.7386],[88.6215,25.7442],[88.6175,25.7365],[88.6033,25.7422],[88.6015,25.7476],[88.5822,25.745],[88.5562,25.7605],[88.542,25.7636],[88.5323,25.7585],[88.5282,25.766]]]}},{"type":"Feature","id":"ADM3_Birampur","properties":{"id":"ADM3_Birampur","name":"Birampur","district":"Dinajpur"},"geometry":{"type":"Polygon","coordinates":[[[89.0379,25.3294],[89.0461,25.3557],[89.0652,25.3661],[89.0649,25.3827],[89.0706,25.384],[89.0797,25.3971],[89.0558,25.4018],[89.0548,25.3978],[89.0359,25.3938],[89.024,25.3984],[89.0317,25.4055],[89.033,25.4397],[89.0191,25.4599],[89.0183,25.4804],[88.984,25.4879],[88.9819,25.4814],[88.9728,25.4796],[88.9708,25.4689],[88.986,25.4619],[88.9893,25.4477],[88.9817,25.4336],[88.9744,25.433],[88.979,25.4214],[88.965,25.4109],[88.9662,25.4051],[88.956,25.4052],[88.954,25.3987],[88.9414,25.3947],[88.9395,25.404],[88.9313,25.4037],[88.9304,25.409],[88.8771,25.4009],[88.8776,25.3909],[88.8714,25.3924],[88.8692,25.3875],[88.8476,25.3944],[88.8369,25.3909],[88.8368,25.3846],[88.8417,25.3817],[88.8384,25.3815],[88.8401,25.3639],[88.8548,25.3635],[88.8556,25.3543],[88.8689,25.3523],[88.8667,25.3428],[88.8838,25.3264],[88.8885,25.3262],[88.8876,25.3372],[88.9064,25.3379],[88.906,25.328],[88.9151,25.3126],[88.924,25.3121],[88.9278,25.3173],[88.9294,25.3042],[88.9392,25.3008],[88.9499,25.3039],[88.9579,25.3009],[88.961,25.306],[88.9716,25.3011],[88.9759,25.3063],[88.9862,25.3039],[88.9767,25.3134],[88.9741,25.332],[88.9893,25.3363],[88.985,25.34],[88.9883,25.3481],[89.0127,25.3478],[89.0193,25.3349],[89.0167,25.3315],[89.0379,25.3294]]]}},{"type":"Feature","id":"ADM3_Birganj","properties":{"id":"ADM3_Birganj","name":"Birganj","district":"Dinajpur"},"geometry":{"type":"Polygon","coordinates":[[[88.6268,26.0559],[88.6159,26.0629],[88.6187,26.057],[88.6143,26.0586],[88.6057,26.051],[88.6092,26.0352],[88.5972,26.0309],[88.5893,26.0204],[88.5734,26.02],[88.5694,26.0272],[88.5574,26.0285],[88.5656,26.0237],[88.5459,26.0192],[88.542,26.008],[88.5454,25.9981],[88.5305,25.9915],[88.5297,25.9771],[88.5379,25.9635],[88.5369,25.952],[88.5236,25.9516],[88.5119,25.9413],[88.5064,25.9324],[88.5077,25.9178],[88.5063,25.9261],[88.4957,25.928],[88.4983,25.9233],[88.5033,25.9244],[88.5028,25.9137],[88.5082,25.9165],[88.5085,25.9126],[88.4936,25.9],[88.5014,25.8979],[88.5035,25.8838],[88.5136,25.8772],[88.5235,25.8813],[88.5369,25.8757],[88.5498,25.8832],[88.5544,25.8811],[88.5634,25.8729],[88.5641,25.8581],[88.5948,25.8429],[88.6092,25.8207],[88.6232,25.8297],[88.6426,25.8237],[88.6462,25.8287],[88.6589,25.8283],[88.6605,25.8341],[88.6704,25.8368],[88.6747,25.8123],[88.6856,25.805],[88.6959,25.8134],[88.6936,25.8203],[88.6848,25.8206],[88.6918,25.826],[88.6919,25.8335],[88.7016,25.8204],[88.7144,25.8253],[88.7244,25.818],[88.7355,25.8218],[88.7344,25.8385],[88.725,25.8551],[88.729,25.8613],[88.7216,25.8741],[88.7325,25.9098],[88.7271,25.9107],[88.7289,25.9216],[88.7149,25.9225],[88.7173,25.9271],[88.7137,25.9277],[88.7208,25.9362],[88.716,25.9485],[88.7187,25.9533],[88.7086,25.9616],[88.7184,25.9639],[88.7217,25.9883],[88.7175,25.9919],[88.7082,25.9859],[88.7024,25.9917],[88.713,26.0053],[88.7007,26.0074],[88.6996,26.0157],[88.6669,26.0143],[88.646,26.043],[88.6299,26.0494],[88.6268,26.0559]]]}},{"type":"Feature","id":"ADM3_Bishwambarpur","properties":{"id":"ADM3_Bishwambarpur","name":"Bishwambarpur","district":"Sunamganj"},"geometry":{"type":"Polygon","coordinates":[[[91.3885,25.1678],[91.3684,25.1708],[91.3637,25.1782],[91.3537,25.1713],[91.3515,25.1759],[91.3371,25.1737],[91.3177,25.1838],[91.2884,25.1866],[91.2794,25.1691],[91.2857,25.1563],[91.2789,25.1588],[91.278,25.169],[91.2571,25.1735],[91.2601,25.1596],[91.2718,25.161],[91.2709,25.1644],[91.2781,25.16],[91.2653,25.1418],[91.2669,25.1338],[91.2559,25.1308],[91.2503,25.1373],[91.2419,25.1227],[91.2461,25.1162],[91.2513,25.1159],[91.2541,25.122],[91.2595,25.1193],[91.2656,25.0828],[91.2315,25.0803],[91.2205,25.0647],[91.222,25.0556],[91.2383,25.0498],[91.2417,25.0426],[91.2359,25.0389],[91.2344,25.0251],[91.2445,25.0187],[91.258,25.0318],[91.2681,25.0321],[91.2762,25.0424],[91.2941,25.0502],[91.2926,25.0678],[91.3028,25.0588],[91.3077,25.0649],[91.3318,25.0635],[91.3569,25.0528],[91.3528,25.0561],[91.3657,25.0579],[91.3758,25.0802],[91.3829,25.0771],[91.3957,25.0815],[91.3983,25.0929],[91.3891,25.1135],[91.3979,25.1201],[91.3891,25.1344],[91.3885,25.1678]]]}},{"type":"Feature","id":"ADM3_Bishwanath","properties":{"id":"ADM3_Bishwanath","name":"Bishwanath","district":"Sylhet"},"geometry":{"type":"Polygon","coordinates":[[[91.7886,24.7971],[91.7884,24.8142],[91.7949,24.8167],[91.7933,24.822],[91.7996,24.8246],[91.8077,24.8425],[91.8027,24.8431],[91.8026,24.8496],[91.8068,24.8515],[91.8079,24.8481],[91.8155,24.8565],[91.8059,24.8581],[91.8079,24.8725],[91.8079,24.8619],[91.8184,24.8652],[91.8114,24.8786],[91.8008,24.8749],[91.8013,24.8975],[91.7892,24.8937],[91.7793,24.8964],[91.789,24.9001],[91.7842,24.9121],[91.7622,24.8836],[91.7576,24.8885],[91.7643,24.908],[91.7343,24.9039],[91.7327,24.9187],[91.7059,24.9232],[91.7043,24.9324],[91.6907,24.9369],[91.6939,24.9294],[91.6856,24.9155],[91.6917,24.9166],[91.6951,24.9114],[91.6811,24.9048],[91.6949,24.9014],[91.69,24.8942],[91.677,24.8898],[91.6835,24.8899],[91.684,24.8783],[91.6958,24.8777],[91.6995,24.8701],[91.6876,24.8602],[91.6827,24.8621],[91.6817,24.8706],[91.6731,24.8713],[91.6752,24.8572],[91.6573,24.8468],[91.6649,24.8355],[91.6614,24.8238],[91.6571,24.8339],[91.6625,24.8155],[91.6581,24.8161],[91.6582,24.8086],[91.6742,24.8064],[91.6724,24.7962],[91.6769,24.7936],[91.6704,24.7908],[91.6745,24.7855],[91.6524,24.7935],[91.6473,24.7834],[91.6445,24.7865],[91.636,24.7799],[91.6486,24.7811],[91.6497,24.7704],[91.6578,24.7734],[91.658,24.77],[91.6624,24.7728],[91.6707,24.768],[91.6706,24.7619],[91.6775,24.7581],[91.6731,24.7495],[91.6782,24.7402],[91.6784,24.7489],[91.6842,24.7516],[91.7024,24.7496],[91.7118,24.7406],[91.7204,24.7491],[91.7298,24.7494],[91.7288,24.7619],[91.7445,24.7862],[91.7458,24.7772],[91.7708,24.7753],[91.7814,24.7804],[91.7883,24.7902],[91.7851,24.7967],[91.7886,24.7971]]]}},{"type":"Feature","id":"ADM3_Boalia","properties":{"id":"ADM3_Boalia","name":"Boalia","district":"Rajshahi"},"geometry":{"type":"Polygon","coordinates":[[[88.6221,24.3937],[88.6163,24.396],[88.6096,24.3829],[88.6046,24.384],[88.6045,24.3958],[88.5971,24.3981],[88.5878,24.394],[88.5797,24.3859],[88.581,24.3809],[88.5941,24.3793],[88.593,24.3755],[88.5897,24.3696],[88.5784,24.3729],[88.5743,24.3693],[88.6216,24.3582],[88.6328,24.3644],[88.6318,24.3734],[88.6476,24.3757],[88.6492,24.384],[88.6536,24.3845],[88.6471,24.3908],[88.6342,24.3915],[88.6283,24.3846],[88.624,24.3857],[88.6187,24.3899],[88.6221,24.3937]]]}},{"type":"Feature","id":"ADM3_Boalkhali","properties":{"id":"ADM3_Boalkhali","name":"Boalkhali","district":"Chittagong"},"geometry":{"type":"MultiPolygon","coordinates":[[[[91.8811,22.3433],[91.8832,22.358],[91.876,22.3535],[91.8717,22.3419],[91.8811,22.3433]]],[[[91.9739,22.4133],[91.9671,22.4179],[91.9593,22.4196],[91.965,22.4142],[91.9739,22.4133]]],[[[92.0795,22.3405],[92.0797,22.348],[92.0675,22.3697],[92.047,22.366],[92.0378,22.3789],[92.0336,22.3993],[92.0219,22.4059],[92.0242,22.4256],[92.0198,22.426],[91.9953,22.4125],[91.9667,22.4117],[91.956,22.4206],[91.9446,22.4224],[91.9114,22.4139],[91.8893,22.3913],[91.8824,22.343],[91.8933,22.3368],[91.9324,22.3456],[91.9427,22.3429],[91.9601,22.3513],[91.9715,22.3462],[92.0048,22.3486],[92.0306,22.3601],[92.0362,22.3418],[92.0443,22.3361],[92.0594,22.3332],[92.0795,22.3405]]]]}},{"type":"Feature","id":"ADM3_Boalmari","properties":{"id":"ADM3_Boalmari","name":"Boalmari","district":"Faridpur"},"geometry":{"type":"Polygon","coordinates":[[[89.7331,23.2913],[89.7319,23.2973],[89.7356,23.2985],[89.7288,23.3039],[89.743,23.2967],[89.7442,23.2897],[89.7522,23.3009],[89.7575,23.2894],[89.7648,23.2898],[89.7628,23.2943],[89.7678,23.2948],[89.7705,23.3029],[89.7785,23.2987],[89.7783,23.3056],[89.7824,23.3054],[89.7792,23.3113],[89.7943,23.3175],[89.7901,23.3368],[89.7806,23.3471],[89.7819,23.3536],[89.7736,23.3665],[89.779,23.3756],[89.7682,23.3743],[89.7573,23.381],[89.7621,23.3873],[89.7587,23.3956],[89.7491,23.398],[89.7417,23.4102],[89.7311,23.4149],[89.7331,23.4216],[89.7254,23.4264],[89.7397,23.4381],[89.7371,23.4443],[89.7286,23.446],[89.7352,23.4496],[89.7311,23.4772],[89.7209,23.4747],[89.731,23.4794],[89.7343,23.4936],[89.7398,23.4883],[89.7462,23.491],[89.7554,23.505],[89.7495,23.5114],[89.7476,23.5254],[89.7332,23.5201],[89.715,23.5024],[89.7059,23.5058],[89.6923,23.4995],[89.6795,23.5069],[89.6717,23.5063],[89.6724,23.4868],[89.6552,23.4939],[89.6475,23.4926],[89.6462,23.4965],[89.6392,23.4866],[89.6239,23.4937],[89.6176,23.4789],[89.6219,23.4619],[89.6072,23.4587],[89.6069,23.4206],[89.6185,23.3827],[89.6133,23.3809],[89.6167,23.3781],[89.6225,23.3858],[89.634,23.3834],[89.6409,23.3691],[89.6348,23.3632],[89.6397,23.3651],[89.6459,23.3559],[89.6546,23.3566],[89.6592,23.3522],[89.6717,23.3539],[89.676,23.3422],[89.6848,23.3449],[89.6884,23.3327],[89.7121,23.3156],[89.7119,23.3089],[89.6995,23.3102],[89.6979,23.301],[89.7139,23.2897],[89.722,23.299],[89.7331,23.2913]]]}},{"type":"Feature","id":"ADM3_Bochaganj","properties":{"id":"ADM3_Bochaganj","name":"Bochaganj","district":"Dinajpur"},"geometry":{"type":"Polygon","coordinates":[[[88.5282,25.766],[88.5278,25.7715],[88.508,25.7761],[88.5036,25.7921],[88.5115,25.795],[88.5052,25.8046],[88.5108,25.8051],[88.5116,25.8118],[88.5074,25.8136],[88.5145,25.8212],[88.5018,25.8211],[88.5037,25.8259],[88.5124,25.8237],[88.5166,25.8329],[88.5007,25.8592],[88.5046,25.8653],[88.5019,25.8717],[88.5136,25.8772],[88.5035,25.8838],[88.5014,25.8979],[88.4936,25.9],[88.4975,25.9048],[88.4946,25.9075],[88.481,25.904],[88.4786,25.8949],[88.4826,25.8879],[88.4755,25.8898],[88.4855,25.8852],[88.4843,25.8656],[88.4697,25.8633],[88.4656,25.8732],[88.4613,25.8733],[88.4608,25.862],[88.4531,25.8584],[88.4446,25.862],[88.4432,25.8714],[88.4347,25.8709],[88.4358,25.8657],[88.4221,25.871],[88.4175,25.8693],[88.4259,25.861],[88.4224,25.8555],[88.4085,25.8684],[88.4038,25.8648],[88.3988,25.8419],[88.3863,25.8398],[88.3858,25.8226],[88.3908,25.811],[88.3854,25.8083],[88.3891,25.8035],[88.3858,25.7922],[88.3827,25.7937],[88.3921,25.7433],[88.4006,25.7384],[88.3988,25.734],[88.4051,25.7285],[88.4152,25.7367],[88.4188,25.7295],[88.4221,25.7325],[88.4284,25.7287],[88.4233,25.7249],[88.4256,25.7206],[88.4341,25.7181],[88.4236,25.7149],[88.427,25.7069],[88.4362,25.7084],[88.4337,25.6961],[88.4381,25.689],[88.4284,25.6877],[88.4306,25.6837],[88.4252,25.6786],[88.4311,25.6741],[88.4271,25.6697],[88.4541,25.6643],[88.4625,25.6784],[88.4752,25.683],[88.4807,25.6799],[88.4794,25.6857],[88.4823,25.6836],[88.484,25.6904],[88.4901,25.6909],[88.486,25.6925],[88.4808,25.7218],[88.4998,25.7239],[88.4966,25.7449],[88.5108,25.7435],[88.5219,25.7512],[88.5219,25.7652],[88.5282,25.766]]]}},{"type":"Feature","id":"ADM3_Boda","properties":{"id":"ADM3_Boda","name":"Boda","district":"Panchagarh"},"geometry":{"type":"Polygon","coordinates":[[[88.5563,26.1797],[88.5574,26.1737],[88.564,26.175],[88.5595,26.1656],[88.5658,26.1642],[88.5727,26.1496],[88.5852,26.1504],[88.586,26.1412],[88.5983,26.1439],[88.622,26.1306],[88.6276,26.1166],[88.6384,26.1079],[88.6343,26.1042],[88.6412,26.1027],[88.6465,26.0827],[88.6518,26.084],[88.6537,26.088],[88.6488,26.092],[88.6606,26.1003],[88.6602,26.1081],[88.6645,26.108],[88.6592,26.1179],[88.6522,26.1168],[88.6592,26.1243],[88.6461,26.1376],[88.6474,26.1422],[88.6589,26.1401],[88.6635,26.147],[88.6557,26.1476],[88.6534,26.1614],[88.6573,26.1694],[88.6515,26.1736],[88.6635,26.1911],[88.6527,26.1938],[88.665,26.1957],[88.6628,26.1991],[88.6698,26.2037],[88.6666,26.2067],[88.6697,26.2107],[88.6866,26.2063],[88.6965,26.2131],[88.7126,26.2039],[88.7065,26.2034],[88.7086,26.1978],[88.7017,26.1889],[88.7083,26.1819],[88.7162,26.1793],[88.7131,26.1854],[88.7161,26.1875],[88.7285,26.1841],[88.7276,26.1955],[88.7161,26.2025],[88.7154,26.2485],[88.6969,26.2533],[88.6969,26.2576],[88.7299,26.2638],[88.7343,26.276],[88.7495,26.2625],[88.7586,26.284],[88.7511,26.2817],[88.7495,26.2857],[88.7337,26.2774],[88.7485,26.2926],[88.7492,26.304],[88.7408,26.2957],[88.7451,26.2907],[88.7197,26.2931],[88.7219,26.2829],[88.6958,26.2795],[88.6924,26.2691],[88.6794,26.259],[88.6767,26.2648],[88.6662,26.2627],[88.6721,26.2686],[88.6668,26.2739],[88.6696,26.2809],[88.6662,26.2893],[88.6696,26.2897],[88.668,26.2973],[88.6747,26.2985],[88.6856,26.2904],[88.6746,26.3003],[88.6576,26.3013],[88.6573,26.3121],[88.6645,26.3153],[88.6632,26.3208],[88.6564,26.3182],[88.6523,26.3219],[88.6549,26.3136],[88.6434,26.3098],[88.638,26.3207],[88.6157,26.3069],[88.6033,26.3108],[88.5969,26.3059],[88.5979,26.3186],[88.5919,26.3211],[88.5853,26.3125],[88.5693,26.3126],[88.5623,26.3013],[88.5563,26.3003],[88.5568,26.2937],[88.5486,26.2967],[88.5368,26.2855],[88.5252,26.2856],[88.5204,26.279],[88.5318,26.2739],[88.5267,26.2695],[88.5229,26.272],[88.502,26.2642],[88.4917,26.2728],[88.4846,26.2696],[88.4757,26.2773],[88.4676,26.2685],[88.4776,26.2287],[88.51,26.2319],[88.5155,26.2214],[88.5356,26.2225],[88.5449,26.2276],[88.5527,26.2186],[88.5489,26.2017],[88.5604,26.191],[88.5563,26.1797]]]}},{"type":"Feature","id":"ADM3_BograSadar","properties":{"id":"ADM3_BograSadar","name":"Bogra Sadar","district":"Bogra"},"geometry":{"type":"Polygon","coordinates":[[[89.4302,24.8384],[89.4379,24.8501],[89.4307,24.8519],[89.4346,24.8575],[89.4271,24.8553],[89.4148,24.8637],[89.417,24.8713],[89.4127,24.874],[89.4196,24.8763],[89.4145,24.8843],[89.4114,24.8813],[89.4101,24.8942],[89.405,24.8959],[89.4055,24.9013],[89.4141,24.9062],[89.4181,24.9218],[89.4126,24.9178],[89.4089,24.9312],[89.3993,24.9355],[89.4033,24.9471],[89.4004,24.9554],[89.3886,24.9576],[89.3889,24.9719],[89.3833,24.9732],[89.3854,24.978],[89.3775,24.9845],[89.3759,24.9776],[89.3597,24.965],[89.3599,24.9439],[89.3491,24.9499],[89.3385,24.9476],[89.3366,24.9661],[89.3019,24.9586],[89.2722,24.9619],[89.2669,24.9422],[89.2912,24.9369],[89.2957,24.9288],[89.2914,24.9225],[89.2954,24.9162],[89.2924,24.9065],[89.3027,24.9033],[89.2982,24.8963],[89.3043,24.8882],[89.302,24.8822],[89.315,24.8798],[89.3194,24.8733],[89.3127,24.8626],[89.3167,24.8577],[89.3142,24.8493],[89.3074,24.8455],[89.3121,24.8351],[89.3069,24.829],[89.3094,24.8183],[89.3571,24.8242],[89.3652,24.8315],[89.3893,24.8299],[89.3938,24.8346],[89.4085,24.8241],[89.4187,24.8287],[89.4187,24.834],[89.4214,24.8301],[89.427,24.8317],[89.4302,24.8384]]]}},{"type":"Feature","id":"ADM3_BrahmanPara","properties":{"id":"ADM3_BrahmanPara","name":"Brahman Para","district":"Comilla"},"geometry":{"type":"Polygon","coordinates":[[[91.1564,23.6693],[91.142,23.6688],[91.1413,23.6644],[91.1274,23.6677],[91.1293,23.6708],[91.1212,23.6743],[91.1278,23.6805],[91.1223,23.679],[91.1216,23.6871],[91.1191,23.6822],[91.1199,23.6947],[91.1058,23.6953],[91.1096,23.7038],[91.1029,23.7036],[91.1086,23.7065],[91.099,23.7069],[91.1096,23.7157],[91.096,23.7137],[91.0965,23.719],[91.0868,23.7155],[91.0797,23.7233],[91.0846,23.724],[91.0857,23.7299],[91.0802,23.7303],[91.0778,23.7252],[91.0734,23.7287],[91.0784,23.7366],[91.07,23.7305],[91.0664,23.7338],[91.0724,23.7401],[91.065,23.7377],[91.0469,23.7036],[91.0524,23.6997],[91.0555,23.677],[91.0662,23.6706],[91.0648,23.665],[91.0442,23.6666],[91.0412,23.6596],[91.0442,23.6509],[91.059,23.6564],[91.0536,23.6389],[91.0592,23.6371],[91.0607,23.627],[91.056,23.5983],[91.0661,23.5961],[91.069,23.6081],[91.073,23.5946],[91.0731,23.5891],[91.0621,23.5824],[91.0603,23.5685],[91.0551,23.5664],[91.0613,23.5534],[91.0739,23.5633],[91.0774,23.5576],[91.0747,23.5525],[91.0789,23.5565],[91.0817,23.5531],[91.0929,23.5783],[91.1126,23.5804],[91.1171,23.5882],[91.1153,23.5959],[91.1233,23.6035],[91.1596,23.6114],[91.1613,23.6545],[91.1564,23.6693]]]}},{"type":"Feature","id":"ADM3_BrahmanbariaSadar","properties":{"id":"ADM3_BrahmanbariaSadar","name":"Brahmanbaria Sadar","district":"Brahamanbaria"},"geometry":{"type":"Polygon","coordinates":[[[91.2079,23.9038],[91.2018,23.9227],[91.1769,23.928],[91.1502,23.9498],[91.1471,23.9571],[91.1503,23.9736],[91.1276,23.9812],[91.1241,23.9907],[91.127,24.0028],[91.1139,24.0029],[91.1239,24.0163],[91.1425,24.0075],[91.1539,24.0164],[91.1524,24.0134],[91.1603,24.0127],[91.1524,24.0032],[91.1584,24.0032],[91.1616,23.9923],[91.1685,23.9965],[91.1686,24.0024],[91.173,24.0022],[91.1738,24.018],[91.1681,24.0193],[91.1563,24.0358],[91.1547,24.0509],[91.1314,24.0501],[91.1156,24.0547],[91.1075,24.0424],[91.1005,24.0494],[91.0845,24.0452],[91.0795,24.0392],[91.0697,24.0414],[91.0635,24.049],[91.0689,24.0357],[91.0637,24.0175],[91.0466,24.0154],[91.0524,23.9977],[91.0416,23.9934],[91.0374,23.9777],[91.0287,23.9777],[91.0297,23.9414],[91.0343,23.9377],[91.0453,23.9464],[91.0777,23.9562],[91.0869,23.9492],[91.0879,23.9196],[91.08,23.9041],[91.0853,23.8711],[91.0984,23.8632],[91.1377,23.8643],[91.1586,23.8465],[91.158,23.8633],[91.1668,23.8721],[91.1742,23.8722],[91.1774,23.8679],[91.1719,23.8533],[91.1845,23.8525],[91.2002,23.8711],[91.1986,23.8859],[91.2097,23.8924],[91.2079,23.9038]]]}},{"type":"Feature","id":"ADM3_Burhanuddin","properties":{"id":"ADM3_Burhanuddin","name":"Burhanuddin","district":"Bhola"},"geometry":{"type":"MultiPolygon","coordinates":[[[[90.6618,22.4097],[90.6702,22.4131],[90.6684,22.4376],[90.6618,22.4097]]],[[[90.6446,22.4519],[90.6426,22.4556],[90.6345,22.46],[90.6446,22.4519]]],[[[90.6652,22.4493],[90.6696,22.4601],[90.6637,22.4654],[90.6652,22.4493]]],[[[90.6323,22.463],[90.6334,22.476],[90.6175,22.4758],[90.6323,22.463]]],[[[90.6442,22.4624],[90.6469,22.4767],[90.6329,22.4812],[90.6413,22.4731],[90.6442,22.4624]]],[[[90.659,22.5407],[90.6603,22.5464],[90.6569,22.5489],[90.6574,22.5421],[90.659,22.5407]]],[[[90.6181,22.5495],[90.6131,22.5509],[90.6023,22.5343],[90.6278,22.4941],[90.6357,22.489],[90.636,22.4933],[90.649,22.4905],[90.6431,22.5226],[90.631,22.5414],[90.644,22.5285],[90.6422,22.5445],[90.6469,22.5333],[90.6542,22.546],[90.6515,22.5496],[90.6292,22.5513],[90.631,22.545],[90.6269,22.5509],[90.6181,22.5495]]],[[[90.6284,22.5525],[90.6414,22.5528],[90.6295,22.5536],[90.6284,22.5525]]],[[[90.5862,22.5474],[90.595,22.5432],[90.5997,22.5472],[90.5978,22.5428],[90.6056,22.5502],[90.5982,22.5528],[90.607,22.5548],[90.5996,22.5608],[90.5827,22.5588],[90.5862,22.5474]]],[[[90.668,22.5445],[90.6674,22.5053],[90.6739,22.467],[90.6716,22.4264],[90.6736,22.4146],[90.6791,22.4111],[90.6922,22.4167],[90.7164,22.4091],[90.7309,22.4272],[90.7277,22.405],[90.7443,22.3955],[90.7534,22.3961],[90.7834,22.4133],[90.7917,22.4444],[90.8054,22.4412],[90.8052,22.463],[90.8117,22.4663],[90.8068,22.4679],[90.8079,22.4724],[90.8146,22.4746],[90.8136,22.4694],[90.8258,22.4664],[90.7741,22.5162],[90.7516,22.5608],[90.7141,22.5634],[90.7029,22.5501],[90.6708,22.5348],[90.6728,22.5429],[90.668,22.5445]]]]}},{"type":"Feature","id":"ADM3_Burichang","properties":{"id":"ADM3_Burichang","name":"Burichang","district":"Comilla"},"geometry":{"type":"Polygon","coordinates":[[[91.0604,23.5575],[91.0547,23.5616],[91.0543,23.5506],[91.0488,23.5475],[91.0528,23.5418],[91.0509,23.526],[91.0435,23.5291],[91.0408,23.5046],[91.0443,23.4942],[91.0343,23.4939],[91.0347,23.4815],[91.0308,23.4806],[91.0326,23.4712],[91.0509,23.4719],[91.0596,23.4611],[91.0681,23.4624],[91.0781,23.4767],[91.0847,23.477],[91.0941,23.4743],[91.0953,23.4679],[91.1082,23.467],[91.1121,23.461],[91.108,23.4879],[91.1169,23.4838],[91.1184,23.4907],[91.128,23.4915],[91.1264,23.4812],[91.15,23.4868],[91.1548,23.5085],[91.1607,23.5135],[91.1605,23.5266],[91.1831,23.5277],[91.1872,23.5239],[91.1983,23.5254],[91.2007,23.5209],[91.2081,23.5432],[91.213,23.5453],[91.2129,23.5506],[91.2074,23.5455],[91.2019,23.5502],[91.1944,23.5473],[91.1952,23.5621],[91.1872,23.5777],[91.1752,23.5856],[91.177,23.5933],[91.1624,23.5952],[91.1596,23.6114],[91.1233,23.6035],[91.1153,23.5959],[91.1171,23.5882],[91.1126,23.5804],[91.0929,23.5783],[91.0817,23.5531],[91.0789,23.5565],[91.0747,23.5525],[91.0774,23.5576],[91.0739,23.5633],[91.0637,23.5536],[91.0604,23.5575]]]}},{"type":"Feature","id":"ADM3_Cantonment","properties":{"id":"ADM3_Cantonment","name":"Cantonment","district":"Dhaka"},"geometry":{"type":"Polygon","coordinates":[[[90.4167,23.8199],[90.4132,23.8336],[90.4005,23.8322],[90.3998,23.8389],[90.3874,23.8443],[90.3935,23.8269],[90.3829,23.8208],[90.3831,23.8167],[90.4002,23.8172],[90.3918,23.7905],[90.3872,23.7893],[90.3941,23.7764],[90.4024,23.8005],[90.4155,23.8064],[90.4167,23.8199]]]}},{"type":"Feature","id":"ADM3_ChakBazar","properties":{"id":"ADM3_ChakBazar","name":"Chak Bazar","district":"Dhaka"},"geometry":{"type":"Polygon","coordinates":[[[90.4003,23.7239],[90.39,23.7242],[90.3911,23.7189],[90.3832,23.7133],[90.3997,23.7108],[90.4003,23.7239]]]}},{"type":"Feature","id":"ADM3_Chakaria","properties":{"id":"ADM3_Chakaria","name":"Chakaria","district":"Cox's Bazar"},"geometry":{"type":"Polygon","coordinates":[[[91.9828,21.9013],[91.9883,21.8978],[91.9811,21.8943],[91.9855,21.8897],[91.9805,21.8858],[91.987,21.884],[91.9915,21.8725],[91.9998,21.8807],[92.0179,21.8767],[92.0109,21.8691],[91.9951,21.8695],[91.9918,21.8544],[92.0004,21.852],[92.0136,21.8582],[92.0188,21.8482],[92.0149,21.8389],[92.027,21.8388],[92.0281,21.8268],[92.0186,21.8193],[92.0213,21.8128],[92.018,21.8087],[92.0086,21.8088],[91.9996,21.8004],[91.9897,21.8032],[91.9778,21.7947],[91.9591,21.7948],[91.9475,21.7831],[91.949,21.7657],[91.9434,21.7486],[91.9527,21.7004],[91.9718,21.67],[91.9877,21.6597],[92.0036,21.661],[92.0006,21.6259],[92.0089,21.613],[92.0074,21.6004],[92.0185,21.6054],[92.0105,21.6225],[92.02,21.6071],[92.0172,21.6005],[92.0079,21.5975],[92.0119,21.5944],[92.0254,21.5967],[92.0315,21.6117],[92.0361,21.6127],[92.0476,21.6077],[92.049,21.6014],[92.0545,21.6056],[92.0612,21.5965],[92.0696,21.5986],[92.0679,21.5812],[92.0724,21.5759],[92.0828,21.5834],[92.0917,21.5778],[92.091,21.5861],[92.0966,21.5811],[92.1016,21.5877],[92.1032,21.582],[92.1138,21.5816],[92.1157,21.589],[92.1158,21.5817],[92.1215,21.5859],[92.1214,21.5826],[92.1447,21.6076],[92.1406,21.6183],[92.0985,21.6442],[92.1144,21.6508],[92.113,21.6562],[92.1016,21.6586],[92.112,21.6667],[92.1066,21.6737],[92.1001,21.6732],[92.1007,21.6843],[92.0923,21.6887],[92.1036,21.6962],[92.1042,21.7049],[92.1142,21.7057],[92.107,21.719],[92.1188,21.7182],[92.1096,21.731],[92.1214,21.7327],[92.1158,21.7411],[92.1389,21.7365],[92.1398,21.7329],[92.1582,21.7346],[92.1616,21.7386],[92.1551,21.7455],[92.1609,21.7694],[92.1751,21.7826],[92.1764,21.7892],[92.1807,21.7892],[92.1809,21.7786],[92.1887,21.7739],[92.1944,21.7852],[92.2109,21.7848],[92.2035,21.8045],[92.2046,21.8167],[92.1959,21.8253],[92.1866,21.8192],[92.185,21.8292],[92.1791,21.8335],[92.183,21.8328],[92.1832,21.8452],[92.1729,21.8472],[92.1672,21.8403],[92.1799,21.8215],[92.1802,21.8049],[92.1856,21.7999],[92.1897,21.7762],[92.1825,21.7788],[92.1797,21.7914],[92.1653,21.7746],[92.1576,21.7798],[92.1429,21.7795],[92.1307,21.7999],[92.124,21.7943],[92.1081,21.7925],[92.1029,21.8083],[92.0805,21.8099],[92.0766,21.8173],[92.0814,21.8321],[92.0898,21.8402],[92.0819,21.8578],[92.0834,21.8767],[92.0795,21.8769],[92.0804,21.8895],[92.0709,21.9008],[92.0597,21.902],[92.0572,21.9241],[92.051,21.9182],[92.0393,21.9237],[92.0429,21.9126],[92.0363,21.904],[92.0131,21.9027],[91.9988,21.908],[91.9828,21.9013]]]}},{"type":"Feature","id":"ADM3_Chandanaish","properties":{"id":"ADM3_Chandanaish","name":"Chandanaish","district":"Chittagong"},"geometry":{"type":"MultiPolygon","coordinates":[[[[91.9821,22.1656],[91.9844,22.1675],[91.9755,22.176],[91.9821,22.1656]]],[[[91.9426,22.1819],[91.9689,22.1821],[91.98,22.1756],[91.9871,22.166],[91.9836,22.156],[91.9938,22.1519],[91.9963,22.145],[92.0103,22.142],[92.0249,22.1476],[92.0286,22.1713],[92.0384,22.1699],[92.0487,22.1595],[92.0473,22.1437],[92.0513,22.1416],[92.0626,22.1549],[92.0743,22.1604],[92.1012,22.1597],[92.1157,22.1312],[92.122,22.1285],[92.1166,22.1692],[92.1231,22.1776],[92.1386,22.1708],[92.1357,22.1843],[92.1274,22.1933],[92.128,22.2012],[92.1404,22.2059],[92.1468,22.1956],[92.1536,22.1945],[92.1451,22.2082],[92.1492,22.2215],[92.1376,22.2345],[92.1434,22.2587],[92.1378,22.2665],[92.1374,22.2861],[92.1482,22.2965],[92.1509,22.3123],[92.1454,22.3097],[92.1331,22.316],[92.1157,22.3069],[92.1155,22.3006],[92.0974,22.3069],[92.0911,22.2923],[92.1023,22.2703],[92.1113,22.2662],[92.111,22.2541],[92.0741,22.2495],[92.0683,22.2393],[92.0547,22.2359],[92.0468,22.2372],[92.0479,22.2446],[92.0428,22.2491],[92.0381,22.2442],[92.0273,22.2471],[92.0316,22.2516],[92.0289,22.2546],[92.0102,22.2549],[92.0172,22.2459],[92.0109,22.2462],[92.0107,22.2376],[92.0003,22.2309],[92.0,22.2234],[91.9924,22.2238],[91.991,22.2184],[91.9621,22.2261],[91.951,22.2059],[91.9542,22.1926],[91.9447,22.1918],[91.9426,22.1819]]]]}},{"type":"Feature","id":"ADM3_Chandgaon","properties":{"id":"ADM3_Chandgaon","name":"Chandgaon","district":"Chittagong"},"geometry":{"type":"Polygon","coordinates":[[[91.8731,22.3642],[91.8908,22.4063],[91.8822,22.4187],[91.8892,22.4252],[91.8871,22.4296],[91.8802,22.4292],[91.8745,22.415],[91.8781,22.4049],[91.8598,22.3999],[91.8599,22.4043],[91.8461,22.4022],[91.8402,22.3723],[91.846,22.3644],[91.8432,22.3581],[91.8639,22.3572],[91.8668,22.3659],[91.8731,22.3642]]]}},{"type":"Feature","id":"ADM3_Chandina","properties":{"id":"ADM3_Chandina","name":"Chandina","district":"Comilla"},"geometry":{"type":"Polygon","coordinates":[[[91.0616,23.4557],[91.0509,23.4719],[91.0326,23.4712],[91.0308,23.4806],[91.0344,23.4833],[91.0137,23.4865],[91.0103,23.494],[91.0039,23.489],[90.9802,23.4958],[90.9675,23.4936],[90.9535,23.5007],[90.9554,23.5081],[90.9502,23.5079],[90.9472,23.5013],[90.9384,23.5074],[90.9368,23.5027],[90.933,23.5108],[90.931,23.5077],[90.9179,23.5106],[90.9138,23.5054],[90.8818,23.5066],[90.8802,23.5027],[90.8776,23.5081],[90.8691,23.5084],[90.8679,23.5023],[90.8627,23.5033],[90.8614,23.4979],[90.8523,23.4976],[90.8511,23.4937],[90.851,23.4592],[90.857,23.4596],[90.8621,23.4527],[90.877,23.4544],[90.8904,23.4082],[90.8976,23.409],[90.8982,23.3959],[90.9085,23.3957],[90.9112,23.3874],[90.9184,23.3884],[90.9302,23.3769],[90.9325,23.3471],[90.944,23.3462],[90.9455,23.3424],[90.9559,23.3482],[90.9585,23.355],[90.9776,23.3535],[90.9737,23.3771],[90.9649,23.3793],[90.966,23.393],[90.959,23.3963],[90.9714,23.397],[90.9666,23.4025],[90.9676,23.4105],[90.9811,23.4127],[90.9848,23.4057],[91.0054,23.4111],[91.0042,23.4371],[91.0121,23.4392],[91.0193,23.4334],[91.027,23.4438],[91.0401,23.4447],[91.0434,23.4372],[91.0613,23.4385],[91.0616,23.4557]]]}},{"type":"Feature","id":"ADM3_ChandpurSadar","properties":{"id":"ADM3_ChandpurSadar","name":"Chandpur Sadar","district":"Chandpur"},"geometry":{"type":"MultiPolygon","coordinates":[[[[90.5669,23.1491],[90.5677,23.1468],[90.5717,23.1524],[90.5669,23.1491]]],[[[90.6412,23.1451],[90.6413,23.1568],[90.6389,23.1575],[90.638,23.1565],[90.6398,23.1534],[90.6381,23.1514],[90.6412,23.1451]]],[[[90.6373,23.1745],[90.6412,23.1809],[90.6393,23.1839],[90.6373,23.1834],[90.6367,23.1806],[90.6373,23.1745]]],[[[90.6077,23.1921],[90.6096,23.1987],[90.6047,23.2018],[90.6027,23.1955],[90.6077,23.1921]]],[[[90.6078,23.2135],[90.6104,23.2188],[90.6045,23.2254],[90.6078,23.2135]]],[[[90.6012,23.2268],[90.6029,23.227],[90.6012,23.2293],[90.5965,23.2301],[90.5959,23.2273],[90.6012,23.2268]]],[[[90.6272,23.2423],[90.6289,23.2457],[90.6266,23.2481],[90.6258,23.2439],[90.6272,23.2423]]],[[[90.6375,23.2535],[90.632,23.2687],[90.6274,23.2701],[90.6375,23.2535]]],[[[90.6143,23.2818],[90.6114,23.2815],[90.612,23.2796],[90.6187,23.2712],[90.6166,23.2795],[90.6143,23.2818]]],[[[90.5817,23.2944],[90.572,23.2975],[90.5839,23.2854],[90.5872,23.2891],[90.5817,23.2944]]],[[[90.6082,23.2926],[90.6059,23.2997],[90.6058,23.2909],[90.5913,23.2968],[90.5886,23.2934],[90.6043,23.277],[90.5903,23.288],[90.587,23.2841],[90.6145,23.2676],[90.6148,23.2717],[90.6192,23.2651],[90.6038,23.2851],[90.6082,23.2926]]],[[[90.5921,23.2985],[90.5882,23.3017],[90.5857,23.3018],[90.5938,23.2968],[90.5965,23.2966],[90.5916,23.3004],[90.5921,23.2985]]],[[[90.6151,23.3015],[90.6115,23.3057],[90.6092,23.2964],[90.6222,23.2766],[90.6203,23.2691],[90.6272,23.2626],[90.6234,23.2682],[90.627,23.2657],[90.6265,23.279],[90.6151,23.3015]]],[[[90.596,23.3102],[90.591,23.3126],[90.5899,23.3119],[90.5904,23.3092],[90.596,23.3102]]],[[[90.6422,23.3027],[90.6433,23.3066],[90.6391,23.3136],[90.6366,23.315],[90.638,23.3092],[90.6422,23.3027]]],[[[90.6021,23.3166],[90.6004,23.3184],[90.5982,23.3168],[90.6005,23.3158],[90.6021,23.3166]]],[[[90.6376,23.319],[90.6387,23.3188],[90.6378,23.3204],[90.6376,23.319]]],[[[90.6646,23.3304],[90.6602,23.3317],[90.6704,23.3206],[90.6807,23.3231],[90.6752,23.3276],[90.664,23.3273],[90.6646,23.3304]]],[[[90.6551,23.333],[90.6406,23.3281],[90.6653,23.2731],[90.6603,23.2453],[90.6495,23.233],[90.639,23.2315],[90.6436,23.2285],[90.6371,23.2276],[90.6376,23.1899],[90.643,23.1827],[90.6382,23.1678],[90.6502,23.1269],[90.6429,23.1417],[90.6387,23.1364],[90.6405,23.1247],[90.6457,23.1235],[90.6622,23.1277],[90.6677,23.125],[90.6729,23.136],[90.6905,23.1344],[90.6882,23.1398],[90.7005,23.1541],[90.7001,23.1731],[90.6931,23.1742],[90.7057,23.187],[90.6999,23.192],[90.7142,23.2062],[90.7247,23.2028],[90.7257,23.219],[90.7216,23.2217],[90.7338,23.2332],[90.7391,23.2339],[90.7369,23.2275],[90.7477,23.2174],[90.7605,23.2357],[90.7615,23.2219],[90.7683,23.2253],[90.7704,23.2193],[90.7775,23.2287],[90.7768,23.2193],[90.7823,23.2251],[90.7878,23.2236],[90.7886,23.2317],[90.7941,23.2338],[90.7904,23.2422],[90.7756,23.2432],[90.775,23.2515],[90.7434,23.2661],[90.7434,23.2745],[90.7251,23.2769],[90.7151,23.2855],[90.7132,23.2947],[90.7039,23.2879],[90.7034,23.2972],[90.6934,23.294],[90.6905,23.3103],[90.6818,23.3149],[90.6831,23.3259],[90.6786,23.3199],[90.6706,23.3189],[90.6551,23.333]]]]}},{"type":"Feature","id":"ADM3_CharBhadrasan","properties":{"id":"ADM3_CharBhadrasan","name":"Char Bhadrasan","district":"Faridpur"},"geometry":{"type":"Polygon","coordinates":[[[90.0077,23.6349],[89.9322,23.6573],[89.9316,23.6382],[89.9241,23.6303],[89.9093,23.6313],[89.898,23.6205],[89.894,23.6039],[89.9075,23.5908],[89.9138,23.5696],[89.9225,23.5585],[89.9164,23.5583],[89.9239,23.553],[89.9386,23.5264],[89.9483,23.5385],[89.9701,23.5523],[89.9808,23.5489],[89.9901,23.5519],[89.9998,23.5453],[90.0071,23.5527],[90.0144,23.5494],[90.0814,23.5508],[90.0864,23.555],[90.074,23.5655],[90.0465,23.5739],[90.0556,23.5841],[90.0405,23.5989],[90.039,23.6094],[90.0476,23.6131],[90.0448,23.629],[90.0077,23.6349]]]}},{"type":"Feature","id":"ADM3_CharFasson","properties":{"id":"ADM3_CharFasson","name":"Char Fasson","district":"Bhola"},"geometry":{"type":"MultiPolygon","coordinates":[[[[90.7717,21.8559],[90.8105,21.8633],[90.8294,21.8842],[90.832,21.8989],[90.816,21.9119],[90.8042,21.9153],[90.8217,21.9284],[90.8067,21.9251],[90.7896,21.9066],[90.7712,21.8681],[90.7682,21.8568],[90.7717,21.8559]]],[[[90.7287,21.8583],[90.742,21.867],[90.7613,21.9108],[90.7562,21.9316],[90.7372,21.9284],[90.7157,21.8991],[90.7119,21.8684],[90.7159,21.8604],[90.7287,21.8583]]],[[[90.607,21.9238],[90.6046,21.9024],[90.611,21.9086],[90.6172,21.9689],[90.61,21.9636],[90.6147,21.9599],[90.6148,21.9435],[90.607,21.9238]]],[[[90.6824,21.9761],[90.6333,21.9752],[90.626,21.9596],[90.6141,21.8913],[90.6474,21.8967],[90.68,21.9303],[90.7002,21.974],[90.6824,21.9761]]],[[[90.6018,21.9676],[90.6028,21.9731],[90.5873,21.9839],[90.5868,21.9742],[90.6018,21.9676]]],[[[90.8681,21.977],[90.8543,21.9907],[90.8397,21.9821],[90.8314,21.9653],[90.8382,21.9316],[90.849,21.9205],[90.8558,21.9235],[90.8496,21.9389],[90.8533,21.9428],[90.8596,21.9392],[90.8626,21.9457],[90.8615,21.9757],[90.8664,21.9725],[90.8681,21.977]]],[[[90.7617,21.9862],[90.7737,21.9969],[90.754,21.99],[90.7617,21.9862]]],[[[90.818,21.9448],[90.817,21.957],[90.832,21.9883],[90.8299,21.9975],[90.7799,21.9346],[90.7769,21.9191],[90.7805,21.9124],[90.7926,21.937],[90.818,21.9448]]],[[[90.6921,21.9799],[90.7087,21.9969],[90.6782,21.9882],[90.6921,21.9799]]],[[[90.8408,21.9917],[90.8471,21.9979],[90.8389,22.0116],[90.8359,22.0025],[90.8408,21.9917]]],[[[90.714,21.9999],[90.7255,22.0143],[90.7114,22.002],[90.714,21.9999]]],[[[90.7806,22.0027],[90.7866,22.0063],[90.7879,22.0252],[90.7753,22.0212],[90.7688,22.0046],[90.7806,22.0027]]],[[[90.5898,21.9869],[90.6062,21.9776],[90.6225,21.9909],[90.5911,22.0299],[90.5825,22.0225],[90.5927,21.9961],[90.5898,21.9869]]],[[[90.7289,22.0178],[90.7531,22.04],[90.7571,22.0533],[90.7486,22.0538],[90.7406,22.0482],[90.7207,22.016],[90.7289,22.0178]]],[[[90.5786,22.0515],[90.5911,22.0608],[90.6078,22.1088],[90.5989,22.1648],[90.6039,22.1783],[90.5999,22.1881],[90.5856,22.1848],[90.57,22.1517],[90.5847,22.1402],[90.581,22.1213],[90.5859,22.0874],[90.5786,22.0515]]],[[[90.5868,22.189],[90.6279,22.2028],[90.6325,22.2129],[90.6316,22.2426],[90.6215,22.2435],[90.5868,22.189]]],[[[90.8263,22.1943],[90.819,22.2051],[90.8032,22.2054],[90.8045,22.2222],[90.7923,22.2398],[90.7967,22.2474],[90.783,22.2536],[90.7759,22.2499],[90.7773,22.2612],[90.7674,22.2616],[90.763,22.268],[90.7584,22.2672],[90.7594,22.2556],[90.7496,22.2585],[90.7495,22.2537],[90.7434,22.2523],[90.7391,22.2612],[90.7214,22.2518],[90.7117,22.2519],[90.7141,22.2485],[90.7061,22.2457],[90.6924,22.2502],[90.6725,22.2482],[90.6684,22.2562],[90.6461,22.2083],[90.6124,22.1653],[90.623,22.1689],[90.6201,22.1408],[90.6233,22.1143],[90.5964,22.0376],[90.6163,22.0066],[90.63,21.9937],[90.6846,21.9998],[90.7111,22.0169],[90.7408,22.0531],[90.7782,22.0748],[90.7954,22.1079],[90.8105,22.125],[90.8263,22.1943]]]]}},{"type":"Feature","id":"ADM3_CharRajibpur","properties":{"id":"ADM3_CharRajibpur","name":"Char Rajibpur","district":"Kurigram"},"geometry":{"type":"Polygon","coordinates":[[[89.7861,25.5143],[89.7616,25.5219],[89.7396,25.5084],[89.7461,25.5068],[89.7458,25.4914],[89.7543,25.4928],[89.7593,25.4856],[89.7478,25.4796],[89.7476,25.4639],[89.7406,25.4651],[89.7369,25.4561],[89.7311,25.4598],[89.7225,25.456],[89.7226,25.4508],[89.7151,25.451],[89.7062,25.4596],[89.7003,25.4373],[89.6865,25.4151],[89.6907,25.4125],[89.6993,25.4181],[89.7013,25.4022],[89.6945,25.399],[89.7011,25.3901],[89.7393,25.398],[89.7391,25.3891],[89.7478,25.3873],[89.7413,25.3727],[89.7487,25.3791],[89.7775,25.3845],[89.7841,25.413],[89.7811,25.4173],[89.7825,25.4127],[89.7716,25.4153],[89.7744,25.4234],[89.7669,25.4327],[89.7865,25.4285],[89.7993,25.4198],[89.8256,25.4152],[89.8346,25.4424],[89.8275,25.4625],[89.829,25.4741],[89.819,25.4859],[89.8118,25.4842],[89.8112,25.4685],[89.7952,25.4718],[89.7861,25.5143]]]}},{"type":"Feature","id":"ADM3_Charghat","properties":{"id":"ADM3_Charghat","name":"Charghat","district":"Rajshahi"},"geometry":{"type":"Polygon","coordinates":[[[88.8467,24.3386],[88.8402,24.3409],[88.8374,24.3501],[88.8263,24.3535],[88.8211,24.3502],[88.8215,24.3411],[88.8116,24.3445],[88.8029,24.338],[88.7974,24.3398],[88.7953,24.3506],[88.7845,24.358],[88.7816,24.3709],[88.7739,24.3602],[88.7667,24.3702],[88.7673,24.3632],[88.7428,24.3638],[88.7532,24.3566],[88.7391,24.3332],[88.7379,24.3386],[88.731,24.334],[88.7223,24.3386],[88.7227,24.3438],[88.717,24.3473],[88.7094,24.3441],[88.7046,24.3566],[88.6855,24.3546],[88.6683,24.3636],[88.666,24.359],[88.6711,24.3566],[88.6661,24.3517],[88.672,24.35],[88.6684,24.3413],[88.6754,24.3152],[88.7046,24.3128],[88.7247,24.2979],[88.7409,24.254],[88.7354,24.2257],[88.7451,24.2312],[88.7555,24.2302],[88.7618,24.2384],[88.7878,24.2285],[88.8037,24.2312],[88.8058,24.2379],[88.818,24.2265],[88.8255,24.2261],[88.8249,24.2363],[88.8328,24.2382],[88.8421,24.2539],[88.8418,24.2723],[88.8356,24.274],[88.8359,24.2797],[88.8564,24.2848],[88.8615,24.2953],[88.8612,24.3041],[88.8535,24.3048],[88.8546,24.3108],[88.8469,24.3192],[88.8511,24.3261],[88.8467,24.3386]]]}},{"type":"Feature","id":"ADM3_Chatkhil","properties":{"id":"ADM3_Chatkhil","name":"Chatkhil","district":"Noakhali"},"geometry":{"type":"Polygon","coordinates":[[[90.9991,22.9778],[90.9969,22.9863],[91.0027,22.9896],[91.0041,23.0007],[91.0,23.0138],[90.9931,23.019],[90.9972,23.0251],[91.0032,23.0212],[90.9958,23.0319],[90.9962,23.044],[91.0019,23.0441],[90.9958,23.0504],[91.0019,23.0581],[90.9968,23.0657],[91.01,23.068],[91.0076,23.0763],[91.0157,23.0787],[91.0185,23.0887],[91.0259,23.0894],[91.0394,23.1006],[91.0372,23.1128],[91.0289,23.1122],[91.0232,23.1063],[91.0135,23.1161],[90.9845,23.1178],[90.9855,23.1278],[90.9808,23.1332],[90.9561,23.1301],[90.9536,23.113],[90.9415,23.1015],[90.9453,23.0858],[90.9395,23.0837],[90.9308,23.0907],[90.9292,23.0805],[90.9114,23.0798],[90.9191,23.0655],[90.899,23.0715],[90.9008,23.0619],[90.9104,23.058],[90.9188,23.0419],[90.9062,23.0419],[90.9068,23.0346],[90.8975,23.0392],[90.8872,23.0248],[90.8978,23.0117],[90.9207,23.014],[90.919,23.0065],[90.9266,23.006],[90.9334,22.9867],[90.9437,22.9904],[90.9443,22.9981],[90.954,22.9944],[90.9518,22.9878],[90.9599,22.9869],[90.966,22.9794],[90.9767,22.9841],[90.9864,22.972],[90.9885,22.9786],[90.9991,22.9778]]]}},{"type":"Feature","id":"ADM3_Chatmohar","properties":{"id":"ADM3_Chatmohar","name":"Chatmohar","district":"Pabna"},"geometry":{"type":"Polygon","coordinates":[[[89.3617,24.1222],[89.3707,24.142],[89.3617,24.1442],[89.3606,24.1504],[89.3734,24.1641],[89.3612,24.1687],[89.3644,24.1762],[89.3526,24.1849],[89.3622,24.1902],[89.3578,24.2008],[89.3359,24.2138],[89.3383,24.2206],[89.3347,24.2264],[89.322,24.2276],[89.3245,24.2371],[89.3371,24.2457],[89.3372,24.2535],[89.3485,24.2625],[89.3605,24.2592],[89.3646,24.268],[89.372,24.2712],[89.3814,24.2682],[89.3914,24.2882],[89.3859,24.292],[89.3849,24.3043],[89.3795,24.3067],[89.3817,24.3181],[89.3733,24.3267],[89.3783,24.3483],[89.3661,24.3539],[89.3535,24.3483],[89.3186,24.3531],[89.317,24.3409],[89.3104,24.3355],[89.3029,24.3376],[89.2969,24.3308],[89.2873,24.3308],[89.2866,24.3048],[89.2767,24.3047],[89.2544,24.273],[89.2417,24.2756],[89.2333,24.2666],[89.233,24.2575],[89.2408,24.2539],[89.2381,24.2434],[89.2317,24.245],[89.2275,24.2349],[89.2192,24.2349],[89.2229,24.2246],[89.2153,24.2117],[89.1958,24.2039],[89.1929,24.1942],[89.2018,24.1914],[89.1983,24.1843],[89.2006,24.1731],[89.2132,24.1736],[89.2161,24.1525],[89.2275,24.1638],[89.2213,24.166],[89.2224,24.1707],[89.2404,24.1672],[89.2403,24.1398],[89.2598,24.1523],[89.2654,24.1485],[89.2686,24.1289],[89.2867,24.1093],[89.3014,24.1096],[89.3195,24.121],[89.3255,24.1126],[89.3238,24.106],[89.3309,24.1083],[89.3379,24.1019],[89.3397,24.1083],[89.3539,24.1081],[89.3585,24.1131],[89.3571,24.1223],[89.3617,24.1222]]]}},{"type":"Feature","id":"ADM3_Chauddagram","properties":{"id":"ADM3_Chauddagram","name":"Chauddagram","district":"Comilla"},"geometry":{"type":"Polygon","coordinates":[[[91.2912,23.3513],[91.2748,23.3487],[91.2717,23.3524],[91.257,23.3515],[91.2467,23.3596],[91.2191,23.3627],[91.2132,23.3595],[91.2082,23.3637],[91.2076,23.3571],[91.2135,23.355],[91.2102,23.3489],[91.1907,23.3531],[91.2064,23.3338],[91.2027,23.3272],[91.1974,23.3274],[91.1963,23.3208],[91.1988,23.3077],[91.2067,23.3034],[91.2038,23.2945],[91.2111,23.2825],[91.2063,23.2746],[91.2084,23.2633],[91.2188,23.2646],[91.2181,23.2559],[91.2218,23.2554],[91.2082,23.2402],[91.2219,23.2489],[91.2229,23.2439],[91.2307,23.2462],[91.2303,23.2422],[91.2361,23.2412],[91.2364,23.238],[91.2262,23.2386],[91.2395,23.2347],[91.2341,23.2283],[91.2565,23.2376],[91.2599,23.2365],[91.2553,23.234],[91.2578,23.2271],[91.2686,23.2274],[91.2506,23.2173],[91.254,23.2081],[91.2636,23.2068],[91.2671,23.2013],[91.2572,23.2019],[91.2588,23.1943],[91.2655,23.1932],[91.2651,23.1873],[91.2738,23.1936],[91.2674,23.183],[91.2628,23.1861],[91.261,23.1785],[91.2678,23.1769],[91.2588,23.1723],[91.2701,23.1716],[91.2568,23.1527],[91.2657,23.1532],[91.26,23.147],[91.2661,23.1446],[91.2614,23.1355],[91.2677,23.1353],[91.2654,23.1308],[91.2748,23.1311],[91.2742,23.1239],[91.2831,23.1273],[91.2871,23.1224],[91.279,23.1193],[91.2858,23.114],[91.2766,23.1082],[91.2785,23.1022],[91.2684,23.0964],[91.2781,23.0914],[91.2775,23.0842],[91.283,23.0837],[91.2797,23.0763],[91.2908,23.0763],[91.2963,23.0715],[91.294,23.068],[91.2848,23.0722],[91.2889,23.0611],[91.2858,23.0544],[91.2999,23.0481],[91.3146,23.0492],[91.3163,23.057],[91.3308,23.0663],[91.3719,23.0694],[91.3469,23.1025],[91.3476,23.1189],[91.3418,23.118],[91.3331,23.153],[91.3233,23.1582],[91.3236,23.2376],[91.3186,23.2456],[91.3254,23.2473],[91.3265,23.2524],[91.318,23.253],[91.3097,23.2765],[91.3166,23.282],[91.3023,23.2865],[91.3002,23.2924],[91.3071,23.2999],[91.3149,23.2968],[91.3095,23.314],[91.2962,23.3136],[91.2898,23.3187],[91.2961,23.341],[91.3107,23.3426],[91.311,23.3528],[91.3179,23.3531],[91.32,23.3602],[91.2912,23.3513]]]}},{"type":"Feature","id":"ADM3_Chaugachha","properties":{"id":"ADM3_Chaugachha","name":"Chaugachha","district":"Jessore"},"geometry":{"type":"Polygon","coordinates":[[[89.0413,23.3719],[89.027,23.3744],[89.0127,23.3675],[89.0347,23.3545],[89.0335,23.3504],[89.0095,23.3401],[89.0046,23.3441],[88.9796,23.3435],[88.9605,23.3292],[88.9675,23.3105],[88.9612,23.3039],[88.9667,23.2981],[88.9651,23.2892],[88.9527,23.2846],[88.9335,23.2872],[88.9322,23.2811],[88.921,23.2769],[88.8996,23.2785],[88.9111,23.2764],[88.9166,23.2686],[88.9143,23.2616],[88.9056,23.2603],[88.905,23.2543],[88.9125,23.2497],[88.8905,23.2448],[88.8904,23.2311],[88.9109,23.2346],[88.9166,23.2228],[88.9148,23.2132],[88.9209,23.2161],[88.9167,23.2197],[88.9264,23.218],[88.9302,23.2169],[88.9293,23.2115],[88.9422,23.2064],[88.964,23.2148],[88.9706,23.2227],[88.9778,23.2146],[88.9755,23.2246],[88.9815,23.2217],[88.9796,23.2156],[88.9831,23.2219],[88.9958,23.2152],[88.9797,23.2126],[88.9875,23.203],[89.0015,23.2097],[89.0214,23.2083],[89.0511,23.1909],[89.0531,23.1847],[89.0477,23.1812],[89.032,23.1805],[89.0361,23.1722],[89.0536,23.1686],[89.064,23.1778],[89.0755,23.175],[89.0817,23.186],[89.089,23.1871],[89.0943,23.1942],[89.0926,23.1884],[89.1026,23.1803],[89.113,23.1903],[89.1097,23.1933],[89.1111,23.2113],[89.1161,23.2151],[89.1032,23.2438],[89.1125,23.2569],[89.1295,23.2608],[89.1305,23.2741],[89.1068,23.2853],[89.1047,23.2982],[89.1012,23.2946],[89.0797,23.3094],[89.0589,23.3047],[89.0475,23.2934],[89.0434,23.2975],[89.0649,23.3127],[89.062,23.3279],[89.0527,23.3362],[89.0705,23.3527],[89.0648,23.362],[89.0538,23.3569],[89.0397,23.3604],[89.0413,23.3719]]]}},{"type":"Feature","id":"ADM3_Chauhali","properties":{"id":"ADM3_Chauhali","name":"Chauhali","district":"Sirajganj"},"geometry":{"type":"Polygon","coordinates":[[[89.6951,24.2282],[89.6983,24.23],[89.6983,24.2224],[89.7021,24.226],[89.7092,24.2214],[89.7066,24.2131],[89.7155,24.2074],[89.7106,24.2047],[89.7148,24.1927],[89.7212,24.1894],[89.7219,24.18],[89.7302,24.1752],[89.7332,24.1668],[89.7234,24.1643],[89.7255,24.1525],[89.7181,24.1516],[89.7123,24.1401],[89.7221,24.1311],[89.7362,24.1296],[89.7401,24.1249],[89.7378,24.1195],[89.7423,24.123],[89.7654,24.1129],[89.7606,24.1054],[89.7484,24.108],[89.7402,24.0951],[89.7258,24.0949],[89.7208,24.0843],[89.7157,24.0827],[89.7109,24.0902],[89.7119,24.0806],[89.6894,24.0732],[89.6927,24.0697],[89.6814,24.0556],[89.683,24.0342],[89.6982,24.0387],[89.703,24.0237],[89.7216,24.0135],[89.7411,24.022],[89.7661,24.0237],[89.8189,24.066],[89.825,24.0849],[89.8168,24.1094],[89.8162,24.13],[89.8206,24.14],[89.807,24.1487],[89.8026,24.1601],[89.7877,24.1579],[89.78,24.1665],[89.7857,24.1717],[89.7981,24.1721],[89.783,24.2367],[89.7903,24.2689],[89.7624,24.2823],[89.7626,24.2764],[89.7557,24.2738],[89.746,24.2599],[89.7034,24.2504],[89.7006,24.2412],[89.6875,24.2395],[89.6951,24.2282]]]}},{"type":"Feature","id":"ADM3_Chhagalnaiya","properties":{"id":"ADM3_Chhagalnaiya","name":"Chhagalnaiya","district":"Feni"},"geometry":{"type":"Polygon","coordinates":[[[91.5117,23.1085],[91.4975,23.1046],[91.4914,23.1073],[91.4877,23.0983],[91.4727,23.0976],[91.4732,23.0774],[91.4826,23.0764],[91.4837,23.0724],[91.4656,23.0743],[91.4639,23.0675],[91.4443,23.0633],[91.4387,23.0555],[91.4413,23.0458],[91.431,23.0386],[91.4382,23.0298],[91.4478,23.0397],[91.4495,23.0309],[91.4392,23.0121],[91.4448,23.0083],[91.4442,23.0141],[91.4638,23.012],[91.4746,23.0168],[91.4913,23.0125],[91.4914,22.9932],[91.5069,22.9829],[91.509,22.9715],[91.4989,22.9559],[91.5052,22.9406],[91.5005,22.9329],[91.5129,22.9107],[91.5001,22.9104],[91.493,22.9053],[91.5012,22.901],[91.5117,22.9016],[91.5139,22.9071],[91.5316,22.914],[91.5308,22.9253],[91.5389,22.9321],[91.5251,22.9402],[91.5275,22.9473],[91.5389,22.9419],[91.5451,22.9522],[91.5398,22.9538],[91.5429,22.9567],[91.5527,22.9515],[91.5592,22.9536],[91.5659,22.9471],[91.5667,22.9538],[91.5771,22.9607],[91.575,22.9688],[91.5572,22.9786],[91.5569,22.9967],[91.5475,22.9944],[91.5425,22.9997],[91.5481,23.0194],[91.5383,23.0194],[91.5503,23.0385],[91.5304,23.0384],[91.5362,23.0547],[91.5249,23.0555],[91.5258,23.0601],[91.5353,23.0635],[91.525,23.083],[91.5298,23.0918],[91.5189,23.0943],[91.5223,23.1041],[91.5112,23.1043],[91.5117,23.1085]]]}},{"type":"Feature","id":"ADM3_Chhatak","properties":{"id":"ADM3_Chhatak","name":"Chhatak","district":"Sunamganj"},"geometry":{"type":"Polygon","coordinates":[[[91.6907,24.9369],[91.7007,24.9378],[91.7137,24.9466],[91.7046,24.9495],[91.7123,24.9647],[91.6993,24.9754],[91.7038,24.9764],[91.7024,24.9818],[91.6752,24.9907],[91.6658,24.9996],[91.6877,24.9947],[91.6966,24.9977],[91.6678,25.0201],[91.6691,25.0253],[91.681,25.0245],[91.6721,25.0392],[91.6874,25.0414],[91.6837,25.0505],[91.6864,25.0572],[91.7032,25.0601],[91.7098,25.0663],[91.735,25.0654],[91.729,25.0698],[91.7344,25.0756],[91.7185,25.0927],[91.7177,25.1022],[91.724,25.1091],[91.7202,25.1068],[91.7194,25.1122],[91.7279,25.1291],[91.719,25.1296],[91.7205,25.1357],[91.7139,25.136],[91.7128,25.147],[91.7049,25.1501],[91.6952,25.1312],[91.6895,25.1304],[91.6843,25.1139],[91.6872,25.0967],[91.6818,25.0855],[91.688,25.0729],[91.6843,25.0617],[91.6728,25.0569],[91.6759,25.061],[91.67,25.0628],[91.6683,25.0746],[91.6558,25.0762],[91.6544,25.0838],[91.6375,25.0874],[91.6391,25.0813],[91.6339,25.0747],[91.6119,25.0711],[91.6174,25.0665],[91.6142,25.0368],[91.6047,25.0203],[91.5961,25.0248],[91.5941,25.0137],[91.5879,25.0116],[91.5996,25.0017],[91.5948,24.992],[91.5742,24.9969],[91.5728,25.0067],[91.5682,25.0064],[91.5674,24.9954],[91.5459,24.9813],[91.5495,24.9763],[91.5416,24.9693],[91.5284,24.9715],[91.5148,24.9657],[91.5078,24.9699],[91.4835,24.9595],[91.4875,24.9492],[91.5005,24.9419],[91.5297,24.9081],[91.5241,24.9021],[91.5267,24.8953],[91.5062,24.8984],[91.4923,24.8912],[91.5018,24.8819],[91.4984,24.8662],[91.511,24.8577],[91.5139,24.8303],[91.5185,24.8271],[91.5196,24.8349],[91.5248,24.8317],[91.5335,24.8369],[91.5368,24.8255],[91.5493,24.8346],[91.5595,24.8329],[91.5626,24.8255],[91.5814,24.8276],[91.5981,24.8166],[91.597,24.8073],[91.6013,24.8064],[91.6103,24.8133],[91.6074,24.8267],[91.6158,24.8184],[91.6308,24.816],[91.6387,24.8209],[91.6608,24.8214],[91.6571,24.8339],[91.6614,24.8238],[91.6649,24.8355],[91.6573,24.8468],[91.6752,24.8572],[91.6731,24.8713],[91.6817,24.8706],[91.6827,24.8621],[91.6876,24.8602],[91.6977,24.8666],[91.6958,24.8777],[91.684,24.8783],[91.6835,24.8899],[91.677,24.8898],[91.69,24.8942],[91.6949,24.9014],[91.6811,24.9048],[91.6951,24.9114],[91.6917,24.9166],[91.6856,24.9155],[91.6939,24.9294],[91.6907,24.9369]]]}},{"type":"Feature","id":"ADM3_Chilmari","properties":{"id":"ADM3_Chilmari","name":"Chilmari","district":"Kurigram"},"geometry":{"type":"Polygon","coordinates":[[[89.7861,25.5143],[89.7894,25.5384],[89.7998,25.5427],[89.8021,25.5498],[89.7788,25.5588],[89.7979,25.606],[89.78,25.6275],[89.7812,25.6357],[89.7749,25.6437],[89.7656,25.6433],[89.7451,25.6294],[89.7442,25.6201],[89.7251,25.6383],[89.7167,25.6499],[89.7184,25.654],[89.7016,25.6621],[89.6848,25.6589],[89.6822,25.6507],[89.6744,25.6468],[89.6758,25.642],[89.669,25.642],[89.6676,25.6368],[89.6548,25.6424],[89.654,25.634],[89.6599,25.6304],[89.6523,25.6249],[89.649,25.6106],[89.6373,25.6035],[89.6442,25.5978],[89.6514,25.6017],[89.6537,25.5955],[89.6483,25.5853],[89.6403,25.585],[89.6317,25.5771],[89.6281,25.5619],[89.6675,25.5358],[89.6914,25.5378],[89.6977,25.5337],[89.6814,25.5165],[89.6983,25.4962],[89.6706,25.4901],[89.685,25.4745],[89.6827,25.4662],[89.7049,25.4693],[89.7062,25.4596],[89.7151,25.451],[89.7226,25.4508],[89.7225,25.456],[89.7311,25.4598],[89.7369,25.4561],[89.7406,25.4651],[89.7476,25.4639],[89.7478,25.4796],[89.7593,25.4856],[89.7543,25.4928],[89.7458,25.4914],[89.7461,25.5068],[89.7396,25.5084],[89.7616,25.5219],[89.7861,25.5143]]]}},{"type":"Feature","id":"ADM3_Chirirbandar","properties":{"id":"ADM3_Chirirbandar","name":"Chirirbandar","district":"Dinajpur"},"geometry":{"type":"Polygon","coordinates":[[[88.8587,25.7763],[88.8451,25.8031],[88.8142,25.7888],[88.8062,25.7973],[88.7761,25.7794],[88.7187,25.7832],[88.738,25.7676],[88.7356,25.75],[88.7467,25.7274],[88.7432,25.7171],[88.7363,25.7131],[88.7351,25.6981],[88.7268,25.6887],[88.732,25.6717],[88.7182,25.6615],[88.7181,25.6537],[88.7116,25.6486],[88.715,25.6419],[88.7126,25.6294],[88.6992,25.6105],[88.7116,25.5885],[88.7277,25.5875],[88.7326,25.5788],[88.7475,25.5805],[88.7496,25.5739],[88.7421,25.5649],[88.75,25.5624],[88.753,25.5497],[88.7638,25.5366],[88.7633,25.5254],[88.776,25.5165],[88.8049,25.5233],[88.8059,25.5311],[88.8221,25.536],[88.8381,25.5283],[88.8409,25.5344],[88.8531,25.5343],[88.846,25.5408],[88.8423,25.5367],[88.8431,25.5436],[88.8347,25.5579],[88.8325,25.5797],[88.8262,25.593],[88.8312,25.606],[88.8203,25.6156],[88.8207,25.6282],[88.8273,25.6348],[88.819,25.6417],[88.8201,25.648],[88.8259,25.6501],[88.8201,25.6556],[88.8274,25.6578],[88.8284,25.6714],[88.8385,25.6799],[88.834,25.6932],[88.8441,25.6936],[88.8399,25.706],[88.8426,25.7155],[88.8545,25.7312],[88.8645,25.7298],[88.8797,25.743],[88.8768,25.7499],[88.8631,25.759],[88.8587,25.7763]]]}},{"type":"Feature","id":"ADM3_Chitalmari","properties":{"id":"ADM3_Chitalmari","name":"Chitalmari","district":"Bagerhat"},"geometry":{"type":"Polygon","coordinates":[[[89.8381,22.7467],[89.8679,22.7396],[89.8758,22.7485],[89.8949,22.7498],[89.9071,22.7457],[89.9049,22.7414],[89.9122,22.7431],[89.9066,22.7342],[89.912,22.7367],[89.9128,22.7263],[89.9311,22.723],[89.9314,22.7524],[89.9134,22.7524],[89.9045,22.7726],[89.9169,22.7772],[89.9216,22.7842],[89.9383,22.7849],[89.9278,22.7966],[89.914,22.7998],[89.9155,22.8075],[89.9447,22.8261],[89.9458,22.8317],[89.9403,22.8454],[89.9438,22.8565],[89.9216,22.8646],[89.9195,22.8811],[89.8904,22.8811],[89.8487,22.8908],[89.8445,22.8846],[89.8344,22.8823],[89.8302,22.889],[89.8201,22.879],[89.8156,22.8812],[89.8192,22.8733],[89.809,22.8783],[89.8055,22.872],[89.8226,22.8529],[89.8289,22.8517],[89.8366,22.8407],[89.8372,22.8298],[89.8278,22.8297],[89.8153,22.8205],[89.7788,22.8273],[89.7749,22.8228],[89.7657,22.8245],[89.7674,22.8115],[89.7753,22.8114],[89.777,22.801],[89.7728,22.7956],[89.7792,22.7851],[89.7909,22.7823],[89.8034,22.7616],[89.8103,22.7619],[89.8261,22.7502],[89.8358,22.7556],[89.8381,22.7467]]]}},{"type":"Feature","id":"ADM3_ChittagongPort","properties":{"id":"ADM3_ChittagongPort","name":"Chittagong Port","district":"Chittagong"},"geometry":{"type":"Polygon","coordinates":[[[91.7895,22.328],[91.7613,22.3211],[91.7664,22.3056],[91.7772,22.3056],[91.7855,22.2787],[91.7964,22.2815],[91.7944,22.2968],[91.8141,22.3176],[91.8019,22.314],[91.7971,22.325],[91.7895,22.328]]]}},{"type":"Feature","id":"ADM3_ChuadangaSadar","properties":{"id":"ADM3_ChuadangaSadar","name":"Chuadanga Sadar","district":"Chuadanga"},"geometry":{"type":"Polygon","coordinates":[[[88.8045,23.6814],[88.8019,23.6547],[88.7823,23.6324],[88.7933,23.6311],[88.7988,23.6246],[88.8007,23.63],[88.8164,23.6255],[88.816,23.6054],[88.8241,23.6163],[88.8432,23.6089],[88.8295,23.6003],[88.8153,23.578],[88.8177,23.5624],[88.8124,23.5493],[88.8256,23.5404],[88.8177,23.5354],[88.819,23.5271],[88.8136,23.5298],[88.7985,23.5146],[88.8017,23.5063],[88.798,23.4995],[88.8036,23.4867],[88.8157,23.4926],[88.8234,23.4856],[88.8285,23.4947],[88.8202,23.5058],[88.8429,23.5148],[88.8484,23.5035],[88.8876,23.4987],[88.9071,23.5062],[88.9115,23.515],[88.9134,23.5024],[88.9297,23.4933],[88.9364,23.4966],[88.933,23.5055],[88.9356,23.5126],[88.9428,23.4987],[88.9469,23.5127],[88.936,23.5272],[88.9356,23.5392],[88.9467,23.5517],[88.9595,23.5529],[88.9774,23.5455],[88.9764,23.5574],[88.9876,23.5706],[88.9833,23.5739],[88.9844,23.5814],[89.0035,23.6032],[89.0069,23.6215],[88.9964,23.6256],[88.9824,23.6154],[88.9784,23.6223],[88.9429,23.6215],[88.9354,23.6267],[88.9288,23.6204],[88.9129,23.6368],[88.9143,23.6506],[88.9014,23.6691],[88.9059,23.6823],[88.9009,23.6888],[88.887,23.6851],[88.8795,23.69],[88.8635,23.6807],[88.8522,23.6808],[88.851,23.675],[88.8427,23.6924],[88.8335,23.6904],[88.8346,23.6832],[88.8174,23.6856],[88.8045,23.6814]]]}},{"type":"Feature","id":"ADM3_Chunarughat","properties":{"id":"ADM3_Chunarughat","name":"Chunarughat","district":"Habiganj"},"geometry":{"type":"Polygon","coordinates":[[[91.4867,24.2765],[91.4806,24.2708],[91.4708,24.2747],[91.4671,24.2666],[91.4442,24.2609],[91.4481,24.2523],[91.4406,24.2492],[91.423,24.2526],[91.4129,24.2485],[91.3924,24.2696],[91.386,24.2695],[91.3811,24.2456],[91.3649,24.2106],[91.3616,24.2003],[91.3819,24.1828],[91.3865,24.1636],[91.4144,24.1626],[91.4142,24.141],[91.4411,24.1244],[91.4282,24.1075],[91.4286,24.1019],[91.4405,24.1026],[91.4421,24.0974],[91.4495,24.1016],[91.4625,24.0962],[91.4731,24.1019],[91.4949,24.0956],[91.4924,24.091],[91.4976,24.0874],[91.5452,24.0743],[91.5728,24.0749],[91.5744,24.0801],[91.586,24.0728],[91.5984,24.0846],[91.5911,24.0931],[91.5945,24.0967],[91.6112,24.0918],[91.6379,24.1031],[91.6411,24.1132],[91.6344,24.1382],[91.6465,24.1568],[91.6452,24.174],[91.6156,24.2318],[91.6182,24.2395],[91.6129,24.2503],[91.6188,24.2575],[91.6144,24.2828],[91.5794,24.2816],[91.564,24.2764],[91.552,24.28],[91.5285,24.2746],[91.5274,24.254],[91.5177,24.2579],[91.5187,24.2651],[91.5106,24.2711],[91.5072,24.2687],[91.5124,24.2646],[91.5105,24.2613],[91.4959,24.2708],[91.4905,24.2656],[91.4867,24.2765]]]}},{"type":"Feature","id":"ADM3_ComillaAdarshaSadar","properties":{"id":"ADM3_ComillaAdarshaSadar","name":"Comilla Adarsha Sadar","district":"Comilla"},"geometry":{"type":"Polygon","coordinates":[[[91.1113,23.4116],[91.1147,23.455],[91.1273,23.4574],[91.1355,23.4533],[91.1346,23.443],[91.14,23.4382],[91.1411,23.4475],[91.1536,23.4477],[91.156,23.4438],[91.1687,23.4484],[91.2045,23.4498],[91.2033,23.4437],[91.2078,23.4425],[91.2126,23.4478],[91.2144,23.4322],[91.2175,23.4277],[91.2223,23.4296],[91.2232,23.4201],[91.2277,23.4176],[91.2315,23.4275],[91.2406,23.4272],[91.2519,23.44],[91.2493,23.4903],[91.2363,23.4891],[91.2355,23.5019],[91.2179,23.4996],[91.2235,23.5142],[91.2078,23.5122],[91.1983,23.5254],[91.1605,23.5266],[91.1607,23.5135],[91.1548,23.5085],[91.15,23.4868],[91.1264,23.4812],[91.128,23.4915],[91.1184,23.4907],[91.1169,23.4838],[91.108,23.4879],[91.1121,23.461],[91.1082,23.467],[91.0953,23.4679],[91.0941,23.4743],[91.0847,23.477],[91.0781,23.4767],[91.0681,23.4624],[91.0596,23.4611],[91.0638,23.4539],[91.0755,23.4494],[91.0814,23.4273],[91.0926,23.4233],[91.1026,23.426],[91.095,23.4194],[91.0993,23.4099],[91.1113,23.4116]]]}},{"type":"Feature","id":"ADM3_ComillaSadarDakshin","properties":{"id":"ADM3_ComillaSadarDakshin","name":"Comilla Sadar Dakshin","district":"Comilla"},"geometry":{"type":"Polygon","coordinates":[[[91.103,23.3268],[91.1219,23.3199],[91.1167,23.2669],[91.1227,23.2673],[91.1227,23.271],[91.1262,23.2632],[91.1455,23.2668],[91.1411,23.2548],[91.151,23.2545],[91.151,23.2483],[91.1742,23.2507],[91.1753,23.2428],[91.1713,23.2395],[91.1767,23.2363],[91.1763,23.2299],[91.2029,23.2275],[91.2218,23.2554],[91.2181,23.2559],[91.2188,23.2646],[91.2084,23.2633],[91.2063,23.2746],[91.2111,23.2825],[91.2038,23.2945],[91.2067,23.3034],[91.1988,23.3077],[91.1963,23.3208],[91.1974,23.3274],[91.2027,23.3272],[91.2064,23.3338],[91.1907,23.3531],[91.2102,23.3489],[91.2135,23.355],[91.2076,23.3571],[91.2082,23.3637],[91.2132,23.3595],[91.2191,23.3627],[91.2467,23.3596],[91.257,23.3515],[91.2867,23.3499],[91.2948,23.3613],[91.2861,23.3633],[91.2842,23.3713],[91.2937,23.3714],[91.2932,23.3779],[91.2797,23.3768],[91.2764,23.4148],[91.2634,23.4239],[91.2706,23.4299],[91.2564,23.4417],[91.2541,23.4497],[91.2519,23.44],[91.2406,23.4272],[91.2315,23.4275],[91.2277,23.4176],[91.2232,23.4201],[91.2223,23.4296],[91.2175,23.4277],[91.2144,23.4322],[91.2126,23.4478],[91.2078,23.4425],[91.2033,23.4437],[91.2045,23.4498],[91.1687,23.4484],[91.156,23.4438],[91.1536,23.4477],[91.1411,23.4475],[91.14,23.4382],[91.1346,23.443],[91.1355,23.4533],[91.1273,23.4574],[91.1147,23.455],[91.1113,23.4116],[91.1185,23.3975],[91.124,23.3617],[91.1367,23.35],[91.1271,23.3431],[91.1128,23.3453],[91.114,23.3326],[91.103,23.3268]]]}},{"type":"Feature","id":"ADM3_Companiganj_539746","properties":{"id":"ADM3_Companiganj_539746","name":"Companiganj","district":"Noakhali"},"geometry":{"type":"MultiPolygon","coordinates":[[[[91.3182,22.6499],[91.3345,22.6672],[91.3432,22.6858],[91.3487,22.7159],[91.3384,22.7321],[91.3082,22.7266],[91.2878,22.7104],[91.2865,22.6997],[91.296,22.673],[91.3182,22.6499]]],[[[91.4072,22.7654],[91.4091,22.7563],[91.422,22.7486],[91.4241,22.7574],[91.4072,22.7654]]],[[[91.3795,22.7794],[91.377,22.7845],[91.3739,22.781],[91.3795,22.7794]]],[[[91.3768,22.7853],[91.3679,22.8018],[91.3445,22.7891],[91.3652,22.7774],[91.3768,22.7853]]],[[[91.3354,22.8189],[91.3382,22.8208],[91.336,22.8212],[91.3354,22.8189]]],[[[91.3368,22.8448],[91.3393,22.8603],[91.3519,22.852],[91.3478,22.8569],[91.3524,22.8657],[91.3372,22.8628],[91.3431,22.8773],[91.3353,22.8754],[91.3285,22.8821],[91.336,22.8848],[91.3446,22.8812],[91.3436,22.8967],[91.3529,22.8972],[91.3411,22.9133],[91.3221,22.9024],[91.3137,22.9006],[91.3081,22.9052],[91.2998,22.894],[91.2763,22.8994],[91.2774,22.893],[91.2691,22.8916],[91.2655,22.8815],[91.2548,22.8896],[91.2358,22.8796],[91.2343,22.8653],[91.2468,22.8342],[91.237,22.7988],[91.2459,22.7893],[91.2443,22.7856],[91.2494,22.7889],[91.2449,22.7818],[91.2499,22.7825],[91.2585,22.7721],[91.2405,22.7546],[91.2491,22.7535],[91.261,22.7351],[91.2187,22.7465],[91.1906,22.7462],[91.1721,22.7064],[91.2024,22.6737],[91.2543,22.6477],[91.2821,22.643],[91.2638,22.6836],[91.2483,22.6802],[91.2467,22.6913],[91.2332,22.7047],[91.2114,22.7045],[91.2032,22.7237],[91.1931,22.7329],[91.2068,22.7258],[91.2109,22.7129],[91.2287,22.7144],[91.2266,22.7206],[91.2589,22.6972],[91.2612,22.7034],[91.2716,22.7081],[91.2843,22.7328],[91.2989,22.7452],[91.3297,22.7529],[91.3686,22.7515],[91.3844,22.7564],[91.3845,22.7652],[91.3312,22.7853],[91.3281,22.7975],[91.3135,22.809],[91.3125,22.8195],[91.3311,22.8175],[91.332,22.8207],[91.3252,22.827],[91.3252,22.8371],[91.3097,22.8409],[91.312,22.8455],[91.3289,22.8483],[91.3293,22.8535],[91.331,22.8451],[91.3368,22.8448]]]]}},{"type":"Feature","id":"ADM3_Companiganj_185666","properties":{"id":"ADM3_Companiganj_185666","name":"Companiganj","district":"Sylhet"},"geometry":{"type":"Polygon","coordinates":[[[91.7038,24.9764],[91.7134,24.9726],[91.7112,24.979],[91.7219,24.9805],[91.7229,24.9851],[91.7367,24.9911],[91.7404,25.0051],[91.7622,25.0115],[91.7756,25.021],[91.7838,25.0066],[91.7943,25.0099],[91.7982,25.0062],[91.809,25.0114],[91.8118,25.0187],[91.8344,25.0194],[91.838,25.0148],[91.843,25.0264],[91.855,25.0266],[91.8502,25.0489],[91.8425,25.0557],[91.8581,25.0835],[91.8527,25.0905],[91.8432,25.0927],[91.8571,25.1046],[91.8491,25.1107],[91.857,25.1221],[91.8436,25.1368],[91.8497,25.1522],[91.8457,25.1588],[91.8488,25.1736],[91.8271,25.1779],[91.8176,25.1713],[91.8039,25.1719],[91.8064,25.1684],[91.7745,25.1633],[91.7585,25.1685],[91.7552,25.1775],[91.7446,25.1697],[91.7497,25.1594],[91.7424,25.1445],[91.7476,25.1403],[91.7363,25.1435],[91.7354,25.1498],[91.7165,25.1524],[91.7144,25.1576],[91.7036,25.1601],[91.7005,25.1561],[91.7128,25.147],[91.7139,25.136],[91.7205,25.1357],[91.719,25.1296],[91.7279,25.1291],[91.7194,25.1122],[91.7202,25.1068],[91.724,25.1091],[91.7177,25.1022],[91.7185,25.0927],[91.7344,25.0756],[91.729,25.0698],[91.735,25.0654],[91.7098,25.0663],[91.7032,25.0601],[91.6864,25.0572],[91.6837,25.0505],[91.6874,25.0414],[91.6721,25.0392],[91.681,25.0245],[91.6691,25.0253],[91.6678,25.0201],[91.6966,24.9977],[91.6877,24.9947],[91.6658,24.9996],[91.6752,24.9907],[91.7024,24.9818],[91.7038,24.9764]]]}},{"type":"Feature","id":"ADM3_CoxsBazarSadar","properties":{"id":"ADM3_CoxsBazarSadar","name":"Cox's Bazar Sadar","district":"Cox's Bazar"},"geometry":{"type":"Polygon","coordinates":[[[92.0079,21.5975],[92.0016,21.5938],[91.9922,21.57],[92.0009,21.5192],[92.0092,21.512],[92.0089,21.5009],[92.0203,21.4979],[92.0071,21.5007],[92.0087,21.5082],[92.0017,21.516],[91.9796,21.474],[91.9742,21.4739],[91.9698,21.4579],[91.9728,21.4708],[91.9697,21.4765],[91.9488,21.4602],[91.9572,21.4425],[91.983,21.4181],[91.9996,21.3942],[92.0214,21.3973],[92.0252,21.4011],[92.0216,21.4071],[92.0363,21.4288],[92.0525,21.4261],[92.0525,21.4204],[92.0694,21.4251],[92.0623,21.4461],[92.065,21.474],[92.0587,21.4762],[92.0635,21.4815],[92.058,21.4845],[92.0652,21.4881],[92.0758,21.483],[92.0789,21.4934],[92.0621,21.4927],[92.0603,21.5077],[92.045,21.5095],[92.0442,21.5199],[92.0783,21.5217],[92.0863,21.5187],[92.0849,21.5144],[92.0998,21.5134],[92.1075,21.5175],[92.1187,21.5118],[92.123,21.5021],[92.1341,21.5096],[92.1254,21.5447],[92.1064,21.5446],[92.0861,21.5512],[92.1076,21.5626],[92.1057,21.5702],[92.0981,21.5711],[92.1064,21.582],[92.1016,21.5877],[92.0966,21.5811],[92.091,21.5861],[92.0917,21.5778],[92.0828,21.5834],[92.0724,21.5759],[92.0679,21.5812],[92.0696,21.5986],[92.0612,21.5965],[92.0545,21.6056],[92.049,21.6014],[92.0476,21.6077],[92.0361,21.6127],[92.0315,21.6117],[92.0254,21.5967],[92.0079,21.5975]]]}},{"type":"Feature","id":"ADM3_Dacope","properties":{"id":"ADM3_Dacope","name":"Dacope","district":"Khulna"},"geometry":{"type":"Polygon","coordinates":[[[89.455,22.6367],[89.4607,22.6257],[89.4474,22.6155],[89.44,22.6029],[89.421,22.5932],[89.4017,22.5737],[89.4244,22.5498],[89.4084,22.5216],[89.4207,22.4989],[89.4245,22.461],[89.4298,22.4626],[89.4359,22.4348],[89.435,22.4105],[89.4458,22.4038],[89.4485,22.4063],[89.4466,22.3741],[89.4336,22.3571],[89.4736,22.3053],[89.481,22.3103],[89.4806,22.3168],[89.4563,22.3386],[89.4636,22.3443],[89.4861,22.3393],[89.4889,22.3703],[89.4681,22.3719],[89.4765,22.3826],[89.4659,22.3856],[89.4639,22.3995],[89.4722,22.3988],[89.4745,22.4031],[89.4631,22.4053],[89.4778,22.404],[89.4725,22.3979],[89.4652,22.3992],[89.4669,22.3861],[89.4776,22.3826],[89.4689,22.3731],[89.4899,22.3711],[89.4871,22.3411],[89.4972,22.3444],[89.4839,22.3367],[89.4612,22.3427],[89.4604,22.3339],[89.4826,22.3174],[89.4763,22.2994],[89.4902,22.2808],[89.4926,22.2664],[89.4958,22.2884],[89.4858,22.3035],[89.4922,22.307],[89.5011,22.297],[89.5164,22.3022],[89.5016,22.296],[89.4913,22.3059],[89.4865,22.3025],[89.497,22.2896],[89.4969,22.2748],[89.4759,22.2323],[89.5117,22.1301],[89.5164,22.1034],[89.5238,22.0966],[89.5437,22.0982],[89.5484,22.1123],[89.5372,22.1273],[89.5431,22.1451],[89.539,22.1518],[89.5439,22.1469],[89.5391,22.1256],[89.5505,22.1119],[89.5449,22.0956],[89.5267,22.0957],[89.5352,22.0826],[89.5345,22.0631],[89.5102,22.0166],[89.532,21.9947],[89.5416,22.0098],[89.5533,22.0558],[89.5779,22.1019],[89.5839,22.1248],[89.5452,22.186],[89.5416,22.2025],[89.5298,22.1964],[89.5246,22.1981],[89.5266,22.2081],[89.5331,22.2101],[89.5269,22.221],[89.5371,22.2335],[89.5352,22.2422],[89.538,22.2333],[89.5284,22.2223],[89.5351,22.2095],[89.5269,22.2053],[89.5277,22.1973],[89.5437,22.2065],[89.5716,22.236],[89.573,22.2445],[89.5705,22.2531],[89.5584,22.2557],[89.5532,22.2627],[89.552,22.3022],[89.5365,22.3139],[89.5272,22.3306],[89.5119,22.3281],[89.5148,22.3376],[89.5346,22.343],[89.5038,22.3722],[89.5355,22.3452],[89.5349,22.3391],[89.5152,22.3359],[89.5124,22.3314],[89.5158,22.3274],[89.5284,22.332],[89.5386,22.3148],[89.5539,22.3042],[89.5561,22.2612],[89.5727,22.2536],[89.5782,22.2406],[89.5867,22.2433],[89.5792,22.2597],[89.5819,22.2795],[89.6045,22.3055],[89.6246,22.344],[89.6196,22.3631],[89.6288,22.3659],[89.6268,22.3914],[89.623,22.4058],[89.6062,22.4301],[89.6027,22.4469],[89.5962,22.4467],[89.5821,22.515],[89.5676,22.556],[89.5324,22.6091],[89.5251,22.6126],[89.5225,22.6239],[89.4813,22.6511],[89.4748,22.6466],[89.4608,22.6476],[89.455,22.6367]]]}},{"type":"Feature","id":"ADM3_Daganbhuiyan","properties":{"id":"ADM3_Daganbhuiyan","name":"Daganbhuiyan","district":"Feni"},"geometry":{"type":"Polygon","coordinates":[[[91.2858,23.0544],[91.2778,23.0604],[91.2714,23.0538],[91.259,23.0546],[91.2556,23.0395],[91.2638,23.0345],[91.2581,23.0312],[91.2649,23.0219],[91.2587,23.0112],[91.258,22.9731],[91.2524,22.9605],[91.2601,22.9588],[91.2593,22.9472],[91.2631,22.9459],[91.2601,22.9099],[91.2467,22.9008],[91.2482,22.894],[91.2584,22.891],[91.2655,22.8815],[91.2691,22.8916],[91.2774,22.893],[91.2763,22.8994],[91.2998,22.894],[91.3081,22.9052],[91.3137,22.9006],[91.3298,22.906],[91.328,22.9117],[91.3363,22.9255],[91.3301,22.929],[91.3313,22.9325],[91.3407,22.934],[91.3417,22.9397],[91.3543,22.9391],[91.3474,22.947],[91.355,22.9488],[91.3555,22.97],[91.3685,22.9679],[91.3619,22.9752],[91.3664,22.9863],[91.3591,22.9973],[91.342,22.9976],[91.3421,23.0049],[91.3228,23.0092],[91.3331,23.0208],[91.3266,23.0172],[91.3181,23.0208],[91.3166,23.0136],[91.306,23.0123],[91.3148,23.0201],[91.3144,23.0289],[91.3225,23.0327],[91.3157,23.0385],[91.3146,23.0492],[91.2999,23.0481],[91.2858,23.0544]]]}},{"type":"Feature","id":"ADM3_DakshinSunamganj","properties":{"id":"ADM3_DakshinSunamganj","name":"Dakshin Sunamganj","district":"Sunamganj"},"geometry":{"type":"Polygon","coordinates":[[[91.4852,24.963],[91.4906,24.9804],[91.4669,25.0151],[91.45,25.0022],[91.4435,25.0054],[91.4438,24.9977],[91.4077,24.996],[91.4038,24.9794],[91.4066,24.9682],[91.3932,24.9648],[91.3936,24.9493],[91.3817,24.9616],[91.3738,24.9572],[91.367,24.9612],[91.366,24.9684],[91.3548,24.9645],[91.3526,24.9545],[91.3468,24.9523],[91.3525,24.9491],[91.3316,24.9343],[91.3358,24.9253],[91.3314,24.9225],[91.3246,24.9376],[91.3005,24.94],[91.3122,24.9515],[91.3247,24.9524],[91.314,24.9584],[91.3195,24.9608],[91.3154,24.9763],[91.3207,24.9729],[91.3231,24.9789],[91.3073,24.9854],[91.3091,24.9776],[91.3045,24.9683],[91.2868,24.9672],[91.2813,24.956],[91.2828,24.9505],[91.2892,24.9509],[91.28,24.9444],[91.2831,24.9292],[91.2905,24.9289],[91.2871,24.9197],[91.2922,24.9182],[91.2936,24.9113],[91.2719,24.8961],[91.2782,24.8872],[91.2985,24.8798],[91.3055,24.8867],[91.3163,24.8888],[91.3182,24.8787],[91.3304,24.8731],[91.3379,24.8552],[91.3685,24.859],[91.37,24.8553],[91.3589,24.8463],[91.3836,24.8352],[91.3867,24.8419],[91.3887,24.837],[91.4019,24.8411],[91.407,24.8342],[91.4102,24.8393],[91.4187,24.8394],[91.4196,24.8446],[91.4334,24.8364],[91.4544,24.8412],[91.4639,24.8389],[91.4611,24.846],[91.4662,24.8464],[91.4862,24.835],[91.5139,24.8303],[91.511,24.8577],[91.4984,24.8662],[91.5018,24.8819],[91.4923,24.8912],[91.5062,24.8984],[91.5267,24.8953],[91.5241,24.9021],[91.5297,24.9081],[91.5005,24.9419],[91.4875,24.9492],[91.4852,24.963]]]}},{"type":"Feature","id":"ADM3_DakshinSurma","properties":{"id":"ADM3_DakshinSurma","name":"Dakshin Surma","district":"Sylhet"},"geometry":{"type":"Polygon","coordinates":[[[91.8903,24.7552],[91.9033,24.7558],[91.9244,24.7483],[91.9487,24.7499],[91.9527,24.7362],[91.9601,24.7359],[91.9531,24.7307],[91.9547,24.7266],[91.9675,24.7334],[91.9581,24.7461],[91.9645,24.7495],[91.9644,24.7572],[91.9567,24.7591],[91.9584,24.7808],[91.9706,24.7912],[91.9627,24.7951],[91.9669,24.808],[91.9629,24.8058],[91.9626,24.8128],[91.9576,24.8151],[91.9441,24.8105],[91.9333,24.8211],[91.9315,24.8371],[91.9194,24.8421],[91.9326,24.8519],[91.9271,24.8668],[91.9244,24.8637],[91.9167,24.8737],[91.9,24.8739],[91.8947,24.8675],[91.8903,24.8709],[91.8811,24.8672],[91.8853,24.8643],[91.8758,24.8648],[91.8714,24.8745],[91.8637,24.8773],[91.8626,24.8735],[91.8574,24.8816],[91.8537,24.8808],[91.8567,24.8882],[91.8412,24.8884],[91.8356,24.9057],[91.8317,24.8976],[91.8153,24.8983],[91.8124,24.8923],[91.7982,24.89],[91.8008,24.8749],[91.8114,24.8786],[91.8184,24.8652],[91.8079,24.8619],[91.8079,24.8725],[91.8059,24.8581],[91.8155,24.8565],[91.8079,24.8481],[91.8068,24.8515],[91.8026,24.8496],[91.8027,24.8431],[91.8077,24.8425],[91.7996,24.8246],[91.7933,24.822],[91.7949,24.8167],[91.7884,24.8142],[91.7886,24.7971],[91.7969,24.7911],[91.8151,24.7882],[91.8227,24.7834],[91.8205,24.7807],[91.8341,24.7851],[91.8347,24.7763],[91.8283,24.7699],[91.8371,24.7675],[91.8435,24.7725],[91.8492,24.7706],[91.8489,24.7657],[91.859,24.7711],[91.8707,24.769],[91.8707,24.7555],[91.879,24.7605],[91.8791,24.7549],[91.8887,24.7511],[91.8903,24.7552]]]}},{"type":"Feature","id":"ADM3_Dakshinkhan","properties":{"id":"ADM3_Dakshinkhan","name":"Dakshinkhan","district":"Dhaka"},"geometry":{"type":"Polygon","coordinates":[[[90.4239,23.8476],[90.4539,23.8488],[90.449,23.8492],[90.4437,23.8597],[90.4384,23.857],[90.4343,23.8634],[90.4372,23.8661],[90.4224,23.8634],[90.4192,23.8729],[90.4138,23.8704],[90.419,23.8779],[90.4163,23.886],[90.4065,23.882],[90.4072,23.8579],[90.4161,23.8593],[90.4239,23.8476]]]}},{"type":"Feature","id":"ADM3_Damudya","properties":{"id":"ADM3_Damudya","name":"Damudya","district":"Shariatpur"},"geometry":{"type":"Polygon","coordinates":[[[90.3986,23.1784],[90.3783,23.1764],[90.3773,23.1658],[90.3682,23.1646],[90.3673,23.1604],[90.3757,23.1597],[90.3744,23.1556],[90.3623,23.1438],[90.3612,23.1333],[90.3537,23.1342],[90.3476,23.1287],[90.3463,23.1186],[90.3532,23.1148],[90.3524,23.1041],[90.3714,23.1066],[90.3734,23.1],[90.4112,23.1052],[90.4136,23.1007],[90.432,23.1072],[90.4448,23.1045],[90.4469,23.0969],[90.4556,23.0983],[90.4564,23.1029],[90.5011,23.135],[90.4863,23.1568],[90.4664,23.164],[90.4654,23.1682],[90.4563,23.1683],[90.4548,23.1767],[90.4428,23.1833],[90.4345,23.1667],[90.4202,23.1635],[90.4112,23.166],[90.4068,23.1747],[90.3986,23.1784]]]}},{"type":"Feature","id":"ADM3_Damurhuda","properties":{"id":"ADM3_Damurhuda","name":"Damurhuda","district":"Chuadanga"},"geometry":{"type":"Polygon","coordinates":[[[88.7738,23.6998],[88.7465,23.6949],[88.738,23.684],[88.6966,23.6649],[88.6935,23.6547],[88.6865,23.6597],[88.6797,23.648],[88.6717,23.6498],[88.6682,23.6455],[88.6542,23.6504],[88.6427,23.6308],[88.6426,23.6246],[88.6485,23.6233],[88.6349,23.6152],[88.646,23.6081],[88.6382,23.5976],[88.6387,23.5909],[88.6451,23.5912],[88.6507,23.5846],[88.6535,23.5589],[88.6597,23.5492],[88.6739,23.5483],[88.6829,23.5417],[88.6844,23.5299],[88.6912,23.5309],[88.6982,23.5159],[88.706,23.517],[88.7151,23.5085],[88.7241,23.5126],[88.7295,23.4965],[88.7426,23.4867],[88.7435,23.479],[88.7467,23.4837],[88.7608,23.4787],[88.756,23.4876],[88.7617,23.4908],[88.7671,23.4817],[88.7749,23.4804],[88.7678,23.4881],[88.7705,23.4971],[88.7866,23.5074],[88.7845,23.4973],[88.7919,23.5029],[88.798,23.4995],[88.8012,23.5027],[88.7985,23.5146],[88.8136,23.5298],[88.819,23.5271],[88.8177,23.5354],[88.8256,23.5404],[88.8124,23.5493],[88.8177,23.5624],[88.8153,23.578],[88.8295,23.6003],[88.8432,23.6089],[88.8241,23.6163],[88.816,23.6054],[88.8164,23.6255],[88.8007,23.63],[88.7988,23.6246],[88.7933,23.6311],[88.7823,23.6324],[88.8019,23.6547],[88.8045,23.6814],[88.7933,23.7003],[88.7738,23.6998]]]}},{"type":"Feature","id":"ADM3_DarusSalam","properties":{"id":"ADM3_DarusSalam","name":"Darus Salam","district":"Dhaka"},"geometry":{"type":"Polygon","coordinates":[[[90.3577,23.7766],[90.3574,23.7843],[90.3489,23.783],[90.3491,23.7963],[90.3395,23.7975],[90.3345,23.7752],[90.3423,23.7721],[90.3508,23.7783],[90.3577,23.7766]]]}},{"type":"Feature","id":"ADM3_Dashmina","properties":{"id":"ADM3_Dashmina","name":"Dashmina","district":"Patuakhali"},"geometry":{"type":"MultiPolygon","coordinates":[[[[90.5856,22.1848],[90.5669,22.1792],[90.5699,22.178],[90.5485,22.1572],[90.5342,22.1275],[90.5279,22.1238],[90.5277,22.1114],[90.5409,22.123],[90.5796,22.1341],[90.5833,22.1409],[90.57,22.1517],[90.5856,22.1848]]],[[[90.5391,22.1761],[90.5439,22.201],[90.5382,22.1899],[90.5391,22.1761]]],[[[90.5675,22.2031],[90.5746,22.2091],[90.5782,22.2285],[90.5675,22.2031]]],[[[90.57,22.1923],[90.5853,22.2102],[90.5872,22.2389],[90.578,22.2347],[90.5757,22.2091],[90.5662,22.1964],[90.57,22.1923]]],[[[90.6215,22.2435],[90.589,22.2407],[90.592,22.2272],[90.5774,22.1912],[90.5868,22.189],[90.6215,22.2435]]],[[[90.6488,22.2862],[90.6525,22.2894],[90.6464,22.3051],[90.6134,22.26],[90.6227,22.2608],[90.6488,22.2862]]],[[[90.6308,22.312],[90.6181,22.2951],[90.6176,22.274],[90.6319,22.2841],[90.6462,22.3067],[90.6433,22.3139],[90.6308,22.312]]],[[[90.4842,22.3438],[90.4899,22.3309],[90.4963,22.3281],[90.5002,22.3058],[90.511,22.3062],[90.513,22.2924],[90.5095,22.2902],[90.5135,22.2831],[90.5087,22.2772],[90.5009,22.2867],[90.4892,22.2901],[90.4871,22.2846],[90.4993,22.2639],[90.4754,22.261],[90.4733,22.2446],[90.4797,22.235],[90.4707,22.2266],[90.4888,22.2192],[90.4815,22.2003],[90.4928,22.1764],[90.4839,22.2064],[90.501,22.2167],[90.4851,22.2054],[90.4962,22.1734],[90.5034,22.1665],[90.5184,22.1765],[90.5329,22.2115],[90.5898,22.2613],[90.6018,22.2823],[90.6161,22.3336],[90.5946,22.3257],[90.5903,22.3358],[90.5938,22.3421],[90.5879,22.3525],[90.5746,22.3567],[90.5714,22.3716],[90.5682,22.3524],[90.5422,22.354],[90.5399,22.3502],[90.5272,22.3563],[90.5107,22.3534],[90.5026,22.3586],[90.4906,22.3541],[90.4842,22.3438]]]]}},{"type":"Feature","id":"ADM3_Daudkandi","properties":{"id":"ADM3_Daudkandi","name":"Daudkandi","district":"Comilla"},"geometry":{"type":"Polygon","coordinates":[[[90.8818,23.5066],[90.8743,23.5113],[90.8751,23.5212],[90.8681,23.526],[90.8731,23.5281],[90.8684,23.5515],[90.8533,23.5522],[90.8621,23.5538],[90.8586,23.5608],[90.8494,23.5623],[90.8351,23.5535],[90.829,23.5607],[90.7753,23.5406],[90.7571,23.5521],[90.7371,23.5559],[90.7462,23.5643],[90.7404,23.5914],[90.732,23.5904],[90.732,23.5785],[90.7227,23.5833],[90.7177,23.5732],[90.7056,23.57],[90.7035,23.5784],[90.6996,23.5633],[90.6876,23.5566],[90.7004,23.5254],[90.7113,23.512],[90.7073,23.5027],[90.6878,23.4925],[90.7096,23.4547],[90.7108,23.4352],[90.7287,23.4266],[90.7342,23.4156],[90.7383,23.4167],[90.733,23.424],[90.7366,23.4276],[90.7567,23.416],[90.7608,23.4282],[90.77,23.4368],[90.771,23.4493],[90.7835,23.4387],[90.7926,23.439],[90.7865,23.435],[90.7944,23.4337],[90.8001,23.4473],[90.8102,23.4428],[90.8194,23.451],[90.8177,23.463],[90.8329,23.4637],[90.8321,23.4696],[90.8416,23.4712],[90.8401,23.4755],[90.8518,23.4715],[90.8523,23.4976],[90.8614,23.4979],[90.8691,23.5084],[90.8776,23.5081],[90.8802,23.5027],[90.8818,23.5066]]]}},{"type":"Feature","id":"ADM3_Daulatkhan","properties":{"id":"ADM3_Daulatkhan","name":"Daulatkhan","district":"Bhola"},"geometry":{"type":"MultiPolygon","coordinates":[[[[90.8744,22.5701],[90.8593,22.5796],[90.8409,22.57],[90.8744,22.5701]]],[[[90.7468,22.6601],[90.747,22.6627],[90.7447,22.6654],[90.7407,22.6658],[90.7416,22.6623],[90.7468,22.6601]]],[[[90.7118,22.6505],[90.704,22.6671],[90.702,22.6613],[90.7118,22.6505]]],[[[90.6728,22.5429],[90.6708,22.5348],[90.7029,22.5501],[90.7141,22.5634],[90.7516,22.5608],[90.7556,22.5477],[90.7622,22.5431],[90.7587,22.5951],[90.74,22.6159],[90.7091,22.6196],[90.7261,22.6202],[90.7135,22.634],[90.6991,22.6672],[90.6888,22.6636],[90.6835,22.6478],[90.6604,22.6427],[90.6615,22.627],[90.6564,22.6102],[90.6588,22.5703],[90.6728,22.5429]]],[[[90.699,22.6737],[90.6981,22.6765],[90.6944,22.6798],[90.6946,22.6768],[90.699,22.6737]]],[[[90.7445,22.6698],[90.7408,22.6841],[90.7347,22.6878],[90.731,22.669],[90.7445,22.6698]]],[[[90.6956,22.7233],[90.721,22.6792],[90.7278,22.7173],[90.7161,22.728],[90.7254,22.7254],[90.7277,22.7288],[90.7087,22.751],[90.7028,22.7465],[90.7031,22.7395],[90.7159,22.7285],[90.6956,22.7233]]]]}},{"type":"Feature","id":"ADM3_Daulatpur_839920","properties":{"id":"ADM3_Daulatpur_839920","name":"Daulatpur","district":"Manikganj"},"geometry":{"type":"Polygon","coordinates":[[[89.6972,23.9152],[89.7107,23.9071],[89.7643,23.9036],[89.7652,23.8999],[89.7775,23.9099],[89.7811,23.9051],[89.7833,23.9106],[89.7901,23.9083],[89.7843,23.8997],[89.8158,23.9067],[89.8219,23.9011],[89.819,23.8958],[89.8363,23.8943],[89.8442,23.9052],[89.8386,23.9097],[89.8409,23.9206],[89.8509,23.9363],[89.8675,23.9336],[89.8706,23.9409],[89.8924,23.9393],[89.8937,23.9333],[89.9201,23.9276],[89.9297,23.9318],[89.9326,23.9265],[89.9486,23.9327],[89.9499,23.9427],[89.9454,23.9432],[89.9414,23.9535],[89.947,23.9541],[89.9455,23.9734],[89.9512,23.986],[89.938,23.9837],[89.9378,23.9776],[89.9283,23.9781],[89.9284,23.9835],[89.9208,23.9853],[89.922,23.9903],[89.907,23.9986],[89.9055,23.988],[89.894,23.9859],[89.889,23.9787],[89.8924,23.9699],[89.8815,23.9711],[89.8765,23.9942],[89.8663,23.9916],[89.869,23.9713],[89.8554,23.9636],[89.8501,23.9709],[89.841,23.9682],[89.8388,23.9764],[89.8266,23.9813],[89.8188,23.9822],[89.8123,23.9724],[89.8062,23.9731],[89.8035,23.9793],[89.7927,23.9791],[89.793,23.987],[89.7868,23.9873],[89.7836,23.9798],[89.773,23.9734],[89.7642,23.979],[89.7767,23.9875],[89.7856,24.0098],[89.7852,24.0352],[89.7661,24.0237],[89.7333,24.0196],[89.6993,23.9973],[89.6914,23.9761],[89.6928,23.9427],[89.6839,23.9394],[89.6874,23.9326],[89.6845,23.9253],[89.6954,23.9239],[89.6972,23.9152]]]}},{"type":"Feature","id":"ADM3_Daulatpur_050002","properties":{"id":"ADM3_Daulatpur_050002","name":"Daulatpur","district":"Khulna"},"geometry":{"type":"Polygon","coordinates":[[[89.5182,22.8946],[89.4982,22.8974],[89.4915,22.8873],[89.4814,22.8869],[89.4892,22.8799],[89.4884,22.8714],[89.5117,22.855],[89.513,22.8487],[89.5189,22.8554],[89.532,22.8585],[89.5182,22.8946]]]}},{"type":"Feature","id":"ADM3_Daulatpur_326946","properties":{"id":"ADM3_Daulatpur_326946","name":"Daulatpur","district":"Kushtia"},"geometry":{"type":"Polygon","coordinates":[[[88.7334,24.1939],[88.7315,24.1717],[88.7403,24.1634],[88.7464,24.1472],[88.7085,24.1201],[88.6971,24.1205],[88.693,24.1113],[88.7008,24.1083],[88.7002,24.0944],[88.7172,24.1035],[88.7277,24.1009],[88.7236,24.0687],[88.7374,24.062],[88.7268,24.0531],[88.7395,24.0457],[88.7351,24.0378],[88.7422,24.0334],[88.734,24.0199],[88.7288,23.9967],[88.7354,23.9952],[88.7425,24.004],[88.7572,24.0067],[88.7622,24.0048],[88.769,23.9842],[88.767,23.981],[88.7396,23.9846],[88.7345,23.963],[88.7634,23.9693],[88.7694,23.9545],[88.7786,23.9481],[88.7839,23.9696],[88.7908,23.9755],[88.8027,23.9754],[88.8097,23.9666],[88.8142,23.9286],[88.8281,23.9385],[88.8427,23.9377],[88.8644,23.9225],[88.8734,23.9088],[88.8728,23.8899],[88.8597,23.8828],[88.8378,23.8815],[88.8528,23.8705],[88.869,23.8784],[88.8814,23.8781],[88.8935,23.895],[88.8896,23.8969],[88.8911,23.9028],[88.93,23.9078],[88.9605,23.9219],[88.963,23.9369],[88.9486,23.9594],[88.9611,23.9763],[88.9722,23.9821],[88.9722,23.9893],[88.965,23.9947],[88.9642,24.0108],[88.9398,24.012],[88.9371,24.0183],[88.9225,24.0217],[88.9188,24.0269],[88.9244,24.0353],[88.9224,24.04],[88.908,24.0484],[88.9242,24.0723],[88.9276,24.1126],[88.9192,24.1175],[88.9225,24.1291],[88.9077,24.1224],[88.9117,24.113],[88.874,24.0991],[88.8832,24.1066],[88.8811,24.1152],[88.8621,24.1071],[88.8437,24.1259],[88.8173,24.1211],[88.7873,24.133],[88.7572,24.1618],[88.7385,24.1935],[88.7334,24.1939]]]}},{"type":"Feature","id":"ADM3_Debhata","properties":{"id":"ADM3_Debhata","name":"Debhata","district":"Satkhira"},"geometry":{"type":"Polygon","coordinates":[[[89.1049,22.5996],[89.0946,22.6129],[89.0933,22.638],[89.0728,22.6675],[89.0661,22.6708],[89.0581,22.6626],[89.0415,22.664],[89.0382,22.6508],[89.0166,22.6536],[89.0202,22.665],[88.9972,22.6696],[88.9877,22.6673],[88.9911,22.6551],[88.977,22.6398],[88.9736,22.6237],[88.9626,22.639],[88.9472,22.6394],[88.9459,22.6329],[88.9607,22.6162],[88.958,22.6081],[88.9387,22.5915],[88.9423,22.576],[88.9382,22.5614],[88.9607,22.5511],[88.9726,22.518],[88.9971,22.5261],[89.0318,22.5194],[89.0267,22.5242],[89.0279,22.53],[89.0386,22.5394],[89.0376,22.5441],[89.0419,22.5426],[89.0405,22.5531],[89.0447,22.5586],[89.0613,22.5659],[89.0733,22.5602],[89.0724,22.567],[89.0792,22.5706],[89.0659,22.5862],[89.0512,22.5889],[89.0459,22.5949],[89.0557,22.6009],[89.0563,22.6089],[89.0932,22.5928],[89.1032,22.5949],[89.1049,22.5996]]]}},{"type":"Feature","id":"ADM3_Debidwar","properties":{"id":"ADM3_Debidwar","name":"Debidwar","district":"Comilla"},"geometry":{"type":"Polygon","coordinates":[[[91.0469,23.7036],[91.0331,23.6916],[91.0161,23.6896],[91.0129,23.693],[90.9961,23.6734],[90.9873,23.671],[90.9875,23.664],[90.9959,23.6547],[90.9941,23.6494],[90.99,23.6517],[90.9908,23.6449],[90.999,23.6451],[90.9936,23.6346],[90.9889,23.638],[90.9902,23.6329],[90.9774,23.6314],[90.9624,23.6357],[90.9667,23.6286],[90.9634,23.6311],[90.9608,23.6222],[90.9486,23.6146],[90.9405,23.596],[90.9455,23.5742],[90.9362,23.5743],[90.9351,23.5645],[90.9183,23.5658],[90.9166,23.5507],[90.9042,23.5278],[90.9049,23.5177],[90.8929,23.5148],[90.8918,23.5055],[90.933,23.5108],[90.9368,23.5027],[90.9384,23.5074],[90.9472,23.5013],[90.9502,23.5079],[90.9554,23.5081],[90.9535,23.5007],[90.9675,23.4936],[90.9802,23.4958],[91.0039,23.489],[91.0103,23.494],[91.0137,23.4865],[91.0254,23.4831],[91.0344,23.4833],[91.0343,23.4939],[91.0443,23.4942],[91.0408,23.5128],[91.0435,23.5291],[91.0509,23.526],[91.0528,23.5418],[91.0488,23.5475],[91.0543,23.5506],[91.0547,23.5616],[91.0604,23.5575],[91.0551,23.5664],[91.0603,23.5685],[91.0621,23.5824],[91.0731,23.5891],[91.069,23.6081],[91.0661,23.5961],[91.056,23.5983],[91.0607,23.627],[91.0592,23.6371],[91.0536,23.6389],[91.059,23.6564],[91.0442,23.6509],[91.0413,23.654],[91.0442,23.6666],[91.0648,23.665],[91.0662,23.6706],[91.0555,23.677],[91.0524,23.6997],[91.0469,23.7036]]]}},{"type":"Feature","id":"ADM3_Debiganj","properties":{"id":"ADM3_Debiganj","name":"Debiganj","district":"Panchagarh"},"geometry":{"type":"Polygon","coordinates":[[[88.7105,26.0074],[88.7197,26.0082],[88.7257,26.0163],[88.7402,26.0172],[88.7447,26.0248],[88.759,26.0248],[88.7577,26.0363],[88.7612,26.0339],[88.7622,26.0423],[88.7789,26.0626],[88.7761,26.072],[88.7577,26.0846],[88.7672,26.0878],[88.7743,26.1058],[88.7896,26.1247],[88.7891,26.1306],[88.7836,26.1326],[88.7861,26.1477],[88.779,26.166],[88.7817,26.1775],[88.7758,26.1806],[88.7937,26.189],[88.7977,26.2062],[88.7902,26.2067],[88.7975,26.2148],[88.7923,26.2279],[88.7818,26.2369],[88.774,26.2396],[88.7629,26.2361],[88.7581,26.2614],[88.7664,26.2865],[88.7583,26.2978],[88.7566,26.3106],[88.7466,26.3111],[88.7441,26.3031],[88.7492,26.304],[88.7485,26.2926],[88.7337,26.2774],[88.7495,26.2857],[88.7511,26.2817],[88.7586,26.284],[88.7495,26.2625],[88.7343,26.276],[88.7299,26.2638],[88.6969,26.2576],[88.6969,26.2533],[88.7154,26.2485],[88.7161,26.2025],[88.7276,26.1955],[88.7285,26.1841],[88.7161,26.1875],[88.7131,26.1854],[88.7162,26.1793],[88.7083,26.1819],[88.7017,26.1889],[88.7086,26.1978],[88.7065,26.2034],[88.7126,26.2039],[88.6965,26.2131],[88.6866,26.2063],[88.6697,26.2107],[88.6666,26.2067],[88.6698,26.2037],[88.6628,26.1991],[88.665,26.1957],[88.6527,26.1938],[88.6635,26.1911],[88.6515,26.1736],[88.6573,26.1694],[88.6534,26.1614],[88.6557,26.1476],[88.6635,26.147],[88.6589,26.1401],[88.6474,26.1422],[88.6461,26.1376],[88.6592,26.1243],[88.6522,26.1168],[88.6592,26.1179],[88.6645,26.108],[88.6602,26.1081],[88.6606,26.1003],[88.6488,26.092],[88.6537,26.088],[88.6518,26.084],[88.6365,26.0791],[88.6338,26.0728],[88.6379,26.0704],[88.6268,26.0559],[88.6299,26.0494],[88.646,26.043],[88.6669,26.0143],[88.6996,26.0157],[88.7007,26.0074],[88.7105,26.0074]]]}},{"type":"Feature","id":"ADM3_Delduar","properties":{"id":"ADM3_Delduar","name":"Delduar","district":"Tangail"},"geometry":{"type":"Polygon","coordinates":[[[89.9737,24.1972],[89.9643,24.1994],[89.9499,24.191],[89.9514,24.2104],[89.9552,24.2129],[89.949,24.216],[89.9485,24.2266],[89.9404,24.2278],[89.9287,24.2209],[89.9356,24.2045],[89.9141,24.2152],[89.8974,24.2092],[89.8893,24.1738],[89.8967,24.1593],[89.868,24.1642],[89.8582,24.1599],[89.8617,24.1507],[89.8519,24.1503],[89.851,24.1369],[89.8702,24.134],[89.8803,24.1257],[89.8632,24.1229],[89.8788,24.1136],[89.8832,24.1166],[89.8948,24.1014],[89.9127,24.0981],[89.9121,24.0874],[89.9019,24.0888],[89.9011,24.0788],[89.9137,24.0738],[89.9144,24.0637],[89.9335,24.0621],[89.9377,24.0543],[89.9418,24.0659],[89.9677,24.073],[89.9648,24.0572],[89.978,24.0763],[89.9828,24.077],[89.9836,24.0814],[89.9748,24.0821],[89.9776,24.0957],[89.9667,24.0992],[89.9761,24.1095],[89.9745,24.1179],[89.9866,24.1169],[90.0032,24.1259],[90.0073,24.1359],[90.0026,24.1381],[90.0051,24.1488],[90.0227,24.153],[90.0301,24.163],[90.0124,24.1772],[90.0102,24.1723],[90.0028,24.1756],[90.003,24.1702],[89.9925,24.1787],[89.9782,24.1711],[89.9776,24.1836],[89.9846,24.1897],[89.9777,24.1886],[89.9737,24.1972]]]}},{"type":"Feature","id":"ADM3_Demra","properties":{"id":"ADM3_Demra","name":"Demra","district":"Dhaka"},"geometry":{"type":"Polygon","coordinates":[[[90.4825,23.7618],[90.474,23.7615],[90.4723,23.754],[90.4597,23.7501],[90.4643,23.7348],[90.4562,23.7331],[90.4648,23.7199],[90.4744,23.7214],[90.4764,23.7096],[90.4648,23.6994],[90.4683,23.6852],[90.5128,23.7096],[90.4899,23.736],[90.4925,23.7433],[90.4857,23.7492],[90.4873,23.756],[90.4825,23.7618]]]}},{"type":"Feature","id":"ADM3_Derai","properties":{"id":"ADM3_Derai","name":"Derai","district":"Sunamganj"},"geometry":{"type":"Polygon","coordinates":[[[91.4073,24.6731],[91.4138,24.6712],[91.416,24.6798],[91.4288,24.6822],[91.4255,24.6699],[91.4307,24.6734],[91.4382,24.6692],[91.4418,24.6512],[91.4473,24.657],[91.4467,24.6643],[91.4546,24.6669],[91.4507,24.6794],[91.4542,24.6861],[91.4644,24.6911],[91.4596,24.6988],[91.4482,24.7025],[91.4579,24.7209],[91.4499,24.722],[91.4515,24.727],[91.4413,24.741],[91.4504,24.7369],[91.4583,24.7441],[91.4703,24.743],[91.4682,24.7553],[91.4555,24.7613],[91.4554,24.7716],[91.47,24.7831],[91.4626,24.7935],[91.4655,24.7983],[91.4588,24.8041],[91.4627,24.8137],[91.4495,24.8196],[91.4553,24.8314],[91.449,24.838],[91.4334,24.8364],[91.4196,24.8446],[91.4187,24.8394],[91.4102,24.8393],[91.407,24.8342],[91.4019,24.8411],[91.3887,24.837],[91.3867,24.8419],[91.3836,24.8352],[91.3589,24.8463],[91.37,24.8553],[91.3685,24.859],[91.3379,24.8552],[91.3304,24.8731],[91.3182,24.8787],[91.3163,24.8888],[91.3055,24.8867],[91.2985,24.8798],[91.2823,24.8847],[91.2802,24.8764],[91.2637,24.8843],[91.2541,24.8809],[91.2361,24.8917],[91.2336,24.8728],[91.2378,24.8609],[91.2229,24.8575],[91.2245,24.8482],[91.2133,24.8426],[91.206,24.8454],[91.2085,24.837],[91.1935,24.8458],[91.195,24.8359],[91.1716,24.8203],[91.1721,24.8096],[91.1605,24.7919],[91.1703,24.7892],[91.2003,24.8096],[91.2065,24.8083],[91.208,24.8012],[91.2255,24.8012],[91.227,24.797],[91.212,24.7969],[91.2023,24.7909],[91.2184,24.7774],[91.2192,24.7718],[91.2072,24.7681],[91.2029,24.7602],[91.205,24.7502],[91.1937,24.7579],[91.1914,24.7471],[91.2305,24.7473],[91.2319,24.7411],[91.2427,24.7404],[91.2511,24.7332],[91.2481,24.7274],[91.2574,24.7251],[91.2764,24.7514],[91.262,24.7507],[91.2643,24.7564],[91.2606,24.7616],[91.2765,24.7691],[91.293,24.7612],[91.2949,24.7685],[91.2974,24.7624],[91.3056,24.7612],[91.2998,24.7511],[91.3152,24.7423],[91.3047,24.7321],[91.3074,24.7263],[91.3277,24.7452],[91.3308,24.7457],[91.329,24.7388],[91.3458,24.7403],[91.3455,24.7323],[91.3515,24.7266],[91.3448,24.7232],[91.3432,24.7145],[91.3534,24.718],[91.363,24.7089],[91.3712,24.7121],[91.3747,24.7024],[91.382,24.7053],[91.3734,24.698],[91.3919,24.6877],[91.3861,24.6832],[91.3906,24.6739],[91.3986,24.6771],[91.3991,24.6711],[91.4073,24.6731]]]}},{"type":"Feature","id":"ADM3_Dewanganj","properties":{"id":"ADM3_Dewanganj","name":"Dewanganj","district":"Jamalpur"},"geometry":{"type":"Polygon","coordinates":[[[89.8345,25.2948],[89.8312,25.2961],[89.8415,25.3083],[89.8411,25.3165],[89.823,25.349],[89.8195,25.3795],[89.827,25.4016],[89.8256,25.4152],[89.7993,25.4198],[89.7865,25.4285],[89.7669,25.4327],[89.7744,25.4234],[89.7716,25.4153],[89.7825,25.4127],[89.7811,25.4173],[89.7841,25.413],[89.7803,25.388],[89.7705,25.3815],[89.7487,25.3791],[89.7219,25.3566],[89.7319,25.3432],[89.7422,25.3195],[89.7449,25.2987],[89.7563,25.2809],[89.7487,25.2695],[89.7489,25.2364],[89.7012,25.2322],[89.6659,25.1609],[89.6782,25.1623],[89.6818,25.1561],[89.6853,25.1626],[89.6909,25.1621],[89.6878,25.1571],[89.6997,25.152],[89.7,25.1475],[89.7098,25.1586],[89.7256,25.1603],[89.7176,25.1533],[89.7202,25.1479],[89.73,25.15],[89.7441,25.1436],[89.7593,25.1224],[89.7756,25.1179],[89.7753,25.1074],[89.787,25.1151],[89.7946,25.1126],[89.7938,25.1238],[89.8105,25.1248],[89.8069,25.1424],[89.7853,25.1423],[89.7761,25.1533],[89.7783,25.1649],[89.7857,25.1659],[89.7873,25.1825],[89.7976,25.1828],[89.8023,25.1761],[89.8045,25.181],[89.7912,25.1954],[89.7906,25.2161],[89.781,25.2253],[89.8014,25.2451],[89.821,25.2357],[89.818,25.2481],[89.8042,25.2625],[89.7924,25.2667],[89.7935,25.28],[89.8003,25.2831],[89.7987,25.2954],[89.8086,25.3047],[89.8212,25.2932],[89.831,25.2911],[89.8345,25.2948]]]}},{"type":"Feature","id":"ADM3_Dhamoirhat","properties":{"id":"ADM3_Dhamoirhat","name":"Dhamoirhat","district":"Naogaon"},"geometry":{"type":"Polygon","coordinates":[[[88.9408,25.0415],[88.9446,25.0575],[88.9377,25.0579],[88.9311,25.0721],[88.9415,25.0978],[88.9403,25.1142],[88.9211,25.1319],[88.9288,25.1403],[88.9196,25.1463],[88.9252,25.1546],[88.923,25.165],[88.9123,25.1681],[88.9109,25.1804],[88.8894,25.1848],[88.8898,25.1785],[88.8758,25.179],[88.8749,25.1963],[88.8641,25.1902],[88.8649,25.2007],[88.8516,25.2006],[88.8492,25.2107],[88.8437,25.2139],[88.8304,25.2055],[88.8269,25.1926],[88.8179,25.189],[88.8133,25.1744],[88.8058,25.1705],[88.7736,25.1795],[88.7728,25.1895],[88.7693,25.1899],[88.767,25.1833],[88.7586,25.1868],[88.7487,25.1771],[88.7508,25.1829],[88.7345,25.1847],[88.7333,25.2],[88.7253,25.199],[88.7149,25.2071],[88.68,25.209],[88.6647,25.1912],[88.6632,25.1855],[88.6711,25.1818],[88.6671,25.1732],[88.6788,25.1693],[88.6792,25.1596],[88.6857,25.1638],[88.6842,25.1188],[88.7082,25.1214],[88.7187,25.1147],[88.7298,25.119],[88.7441,25.1162],[88.7582,25.1108],[88.757,25.0971],[88.7594,25.0995],[88.7642,25.094],[88.7784,25.1089],[88.7946,25.1078],[88.7995,25.1151],[88.8069,25.115],[88.8105,25.1083],[88.8254,25.1065],[88.8266,25.0929],[88.8119,25.0848],[88.8075,25.0743],[88.8074,25.0654],[88.8183,25.0629],[88.8157,25.0549],[88.8583,25.0656],[88.8664,25.0584],[88.8731,25.0604],[88.8811,25.0559],[88.8786,25.0464],[88.884,25.0455],[88.8859,25.0369],[88.9,25.0305],[88.9102,25.0362],[88.923,25.0193],[88.93,25.0181],[88.9356,25.0218],[88.9301,25.0293],[88.9408,25.0415]]]}},{"type":"Feature","id":"ADM3_Dhamrai","properties":{"id":"ADM3_Dhamrai","name":"Dhamrai","district":"Dhaka"},"geometry":{"type":"Polygon","coordinates":[[[90.1476,24.0335],[90.1289,24.0332],[90.1202,24.0254],[90.1099,24.0265],[90.1082,24.0176],[90.1022,24.019],[90.0898,24.035],[90.0751,24.0412],[90.0745,24.0338],[90.0698,24.0324],[90.0659,24.0374],[90.0636,24.0293],[90.0407,24.0284],[90.0247,24.021],[90.0196,24.0287],[90.0272,24.0339],[90.0174,24.0361],[90.0173,24.0443],[90.012,24.0425],[90.0106,24.0323],[90.0173,24.0313],[90.0182,24.0217],[90.0046,24.0162],[90.0135,24.0076],[90.0134,24.0124],[90.0197,24.0097],[90.0221,24.0148],[90.0249,24.0054],[90.043,24.0045],[90.0451,23.996],[90.0564,23.9996],[90.0502,23.989],[90.0388,23.9826],[90.0443,23.9736],[90.038,23.9717],[90.0506,23.9606],[90.074,23.9603],[90.0635,23.9509],[90.0669,23.9285],[90.0747,23.9258],[90.0667,23.9171],[90.0692,23.9068],[90.0858,23.9114],[90.0931,23.9012],[90.1085,23.8953],[90.116,23.8756],[90.1463,23.8445],[90.1505,23.8282],[90.1597,23.8332],[90.1719,23.8278],[90.1721,23.8179],[90.1753,23.8221],[90.1854,23.8183],[90.1977,23.8246],[90.1972,23.8303],[90.2039,23.8308],[90.2035,23.838],[90.2187,23.8402],[90.2396,23.8321],[90.2458,23.8384],[90.238,23.847],[90.2248,23.9182],[90.2311,23.9426],[90.1985,23.968],[90.1987,23.9753],[90.1902,23.9777],[90.186,23.9992],[90.1708,24.0011],[90.1616,24.0196],[90.1471,24.0254],[90.1476,24.0335]]]}},{"type":"Feature","id":"ADM3_Dhanbari","properties":{"id":"ADM3_Dhanbari","name":"Dhanbari","district":"Tangail"},"geometry":{"type":"Polygon","coordinates":[[[89.9896,24.7275],[89.9735,24.7238],[89.9578,24.7311],[89.9624,24.7353],[89.958,24.7443],[89.9413,24.7435],[89.9358,24.7572],[89.9216,24.7565],[89.9289,24.7512],[89.925,24.7487],[89.9275,24.7443],[89.9171,24.7462],[89.9074,24.7345],[89.9018,24.742],[89.9027,24.7347],[89.8802,24.7414],[89.8844,24.7389],[89.8782,24.7315],[89.88,24.7083],[89.8941,24.6963],[89.8994,24.6815],[89.8912,24.6743],[89.8781,24.679],[89.8654,24.6615],[89.8688,24.649],[89.8433,24.6453],[89.8441,24.6396],[89.8642,24.633],[89.8717,24.6407],[89.8798,24.631],[89.8847,24.6345],[89.8896,24.6297],[89.9044,24.6308],[89.9043,24.6392],[89.8981,24.6437],[89.9088,24.657],[89.913,24.6504],[89.925,24.6476],[89.9302,24.6519],[89.9275,24.6457],[89.945,24.6442],[89.9405,24.6358],[89.9469,24.633],[89.947,24.6247],[89.9558,24.6239],[89.9633,24.632],[89.9686,24.6255],[89.9854,24.6224],[89.9846,24.6299],[89.9781,24.63],[89.9824,24.6341],[89.9761,24.6344],[89.9719,24.6468],[89.9797,24.6476],[89.9848,24.6558],[89.9899,24.6541],[89.9883,24.6593],[89.9993,24.6589],[90.0,24.6676],[89.9966,24.6701],[89.9945,24.6649],[89.9857,24.6649],[89.987,24.6691],[89.9766,24.6715],[90.0095,24.6813],[90.0027,24.6924],[89.9941,24.6942],[89.9896,24.7275]]]}},{"type":"Feature","id":"ADM3_Dhanmondi","properties":{"id":"ADM3_Dhanmondi","name":"Dhanmondi","district":"Dhaka"},"geometry":{"type":"Polygon","coordinates":[[[90.3832,23.7401],[90.375,23.7569],[90.3639,23.7488],[90.3703,23.7325],[90.3705,23.7362],[90.3832,23.7401]]]}},{"type":"Feature","id":"ADM3_Dharampasha","properties":{"id":"ADM3_Dharampasha","name":"Dharampasha","district":"Sunamganj"},"geometry":{"type":"Polygon","coordinates":[[[90.9981,24.8921],[91.0156,24.8986],[91.0205,24.8906],[91.0165,24.8857],[91.0253,24.8885],[91.0293,24.883],[91.0388,24.9052],[91.0451,24.9081],[91.0538,24.9006],[91.0784,24.9],[91.0888,24.8876],[91.0984,24.8896],[91.1089,24.8716],[91.1035,24.8637],[91.1138,24.8475],[91.1235,24.8487],[91.1304,24.8406],[91.1186,24.8344],[91.1125,24.8171],[91.1156,24.813],[91.1457,24.8407],[91.158,24.8626],[91.161,24.8755],[91.1518,24.8763],[91.1397,24.89],[91.1533,24.8997],[91.1572,24.893],[91.1604,24.8958],[91.1585,24.9089],[91.1631,24.9195],[91.1552,24.9339],[91.1711,24.9315],[91.1772,24.9384],[91.1686,24.9365],[91.1606,24.9623],[91.155,24.9572],[91.1527,24.9614],[91.1405,24.9609],[91.1417,24.9703],[91.1328,24.9677],[91.1361,24.9752],[91.1273,24.9924],[91.1224,24.9917],[91.1101,25.0035],[91.1052,25.0019],[91.1028,25.0099],[91.0949,25.0116],[91.0947,25.0217],[91.0825,25.0254],[91.0842,25.0301],[91.0982,25.0335],[91.0987,25.0392],[91.0909,25.0429],[91.0917,25.0466],[91.1074,25.0465],[91.0945,25.0567],[91.0958,25.0678],[91.0861,25.0684],[91.0777,25.0773],[91.0777,25.0837],[91.071,25.0849],[91.0655,25.0795],[91.0455,25.089],[91.0511,25.1025],[91.0452,25.1024],[91.0444,25.11],[91.026,25.1168],[91.0259,25.1271],[91.0223,25.1276],[91.0319,25.1392],[91.0556,25.1396],[91.0572,25.1335],[91.0652,25.1314],[91.0853,25.1447],[91.0876,25.1572],[91.073,25.1764],[91.0761,25.1895],[91.0711,25.1984],[91.0678,25.1916],[91.019,25.1871],[90.9648,25.1719],[90.9623,25.1674],[90.9703,25.1606],[90.9669,25.1539],[90.9522,25.1492],[90.9492,25.1373],[90.9556,25.1302],[90.9559,25.1195],[90.9474,25.1138],[90.9711,25.0954],[90.9681,25.0889],[90.9747,25.0743],[90.9566,25.0704],[90.9442,25.0816],[90.9278,25.0782],[90.9357,25.0658],[90.9288,25.0631],[90.9329,25.0449],[90.9507,25.0449],[90.965,25.0357],[90.9379,25.0282],[90.9341,25.0177],[90.9362,25.0092],[90.9474,25.0048],[90.947,24.9942],[90.9403,24.9861],[90.945,24.9832],[90.9437,24.9759],[90.9481,24.9713],[90.96,24.9728],[90.9732,24.9584],[90.9707,24.9481],[90.9634,24.9419],[90.9491,24.9397],[90.9501,24.9366],[90.9553,24.9395],[90.9534,24.9189],[90.9646,24.9114],[90.9706,24.917],[90.9721,24.9133],[90.9798,24.9172],[90.9929,24.9141],[90.9981,24.8921]]]}},{"type":"Feature","id":"ADM3_Dhobaura","properties":{"id":"ADM3_Dhobaura","name":"Dhobaura","district":"Mymensingh"},"geometry":{"type":"Polygon","coordinates":[[[90.614,25.1742],[90.6093,25.1792],[90.6046,25.1748],[90.5878,25.1766],[90.576,25.1718],[90.509,25.1754],[90.5098,25.1695],[90.499,25.1723],[90.4858,25.1612],[90.4631,25.1542],[90.4578,25.1382],[90.4469,25.1385],[90.4412,25.1319],[90.4315,25.133],[90.4299,25.128],[90.4239,25.1304],[90.4198,25.1248],[90.4086,25.1259],[90.4021,25.1191],[90.4113,25.1127],[90.4313,25.1099],[90.4463,25.1],[90.4246,25.0744],[90.4446,25.0673],[90.458,25.0508],[90.4571,25.0399],[90.478,25.0382],[90.4746,25.0335],[90.4824,25.0237],[90.4948,25.0196],[90.4941,25.0271],[90.5036,25.032],[90.5074,25.0175],[90.5111,25.0303],[90.5177,25.0237],[90.524,25.0299],[90.5337,25.0143],[90.5422,25.0129],[90.5466,25.0239],[90.5351,25.0276],[90.5331,25.0326],[90.5354,25.0356],[90.5451,25.0324],[90.5499,25.0418],[90.5635,25.0345],[90.5745,25.0352],[90.5855,25.0268],[90.591,25.034],[90.6052,25.0268],[90.6048,25.0514],[90.6128,25.0536],[90.6041,25.0618],[90.6074,25.0702],[90.5974,25.0703],[90.597,25.0646],[90.5884,25.0587],[90.5904,25.0733],[90.5954,25.0765],[90.5869,25.0832],[90.5997,25.0936],[90.5982,25.0982],[90.6038,25.1037],[90.5992,25.1084],[90.6072,25.1213],[90.6042,25.1243],[90.6109,25.1296],[90.6055,25.1405],[90.6119,25.1448],[90.6163,25.1587],[90.614,25.1742]]]}},{"type":"Feature","id":"ADM3_Dhunat","properties":{"id":"ADM3_Dhunat","name":"Dhunat","district":"Bogra"},"geometry":{"type":"Polygon","coordinates":[[[89.6571,24.7399],[89.6448,24.7362],[89.6296,24.7412],[89.6289,24.7576],[89.6217,24.7604],[89.6078,24.751],[89.6021,24.7522],[89.6009,24.7467],[89.5906,24.7451],[89.5849,24.761],[89.5801,24.7565],[89.572,24.7577],[89.5788,24.7762],[89.573,24.7913],[89.5596,24.7957],[89.5479,24.7894],[89.5547,24.7754],[89.536,24.7871],[89.5299,24.777],[89.5242,24.7795],[89.5122,24.7736],[89.4971,24.7803],[89.4905,24.7734],[89.4945,24.7613],[89.4864,24.7643],[89.4752,24.7591],[89.4615,24.7614],[89.4662,24.7495],[89.4755,24.7418],[89.4917,24.7394],[89.493,24.7285],[89.4778,24.7281],[89.4791,24.7158],[89.4745,24.7149],[89.477,24.7074],[89.4889,24.7102],[89.4909,24.7047],[89.4919,24.6942],[89.4856,24.6893],[89.4905,24.6874],[89.4853,24.6838],[89.4885,24.6743],[89.4817,24.6703],[89.4958,24.6637],[89.487,24.646],[89.497,24.637],[89.5042,24.6397],[89.5097,24.6328],[89.5084,24.6081],[89.4962,24.5937],[89.5155,24.5858],[89.5161,24.5796],[89.5286,24.5833],[89.5258,24.5778],[89.5342,24.576],[89.5217,24.5649],[89.5269,24.5644],[89.526,24.5609],[89.5329,24.5633],[89.5386,24.5539],[89.5458,24.5536],[89.5465,24.5476],[89.5532,24.5481],[89.5558,24.5554],[89.5641,24.5534],[89.5652,24.5475],[89.5758,24.5475],[89.5914,24.5539],[89.6046,24.5704],[89.5993,24.5946],[89.6017,24.6052],[89.5957,24.6114],[89.5892,24.6107],[89.5815,24.6206],[89.5494,24.6176],[89.55,24.624],[89.5559,24.622],[89.5594,24.6262],[89.5543,24.6407],[89.562,24.6527],[89.5447,24.6537],[89.5543,24.6676],[89.5502,24.6775],[89.5579,24.6801],[89.562,24.6893],[89.5546,24.7043],[89.5638,24.7111],[89.5678,24.6938],[89.5917,24.7029],[89.6053,24.6945],[89.612,24.6838],[89.6174,24.689],[89.624,24.6855],[89.6456,24.7014],[89.6442,24.7103],[89.6373,24.7166],[89.6468,24.718],[89.6608,24.7284],[89.6571,24.7399]]]}},{"type":"Feature","id":"ADM3_Dhupchanchia","properties":{"id":"ADM3_Dhupchanchia","name":"Dhupchanchia","district":"Bogra"},"geometry":{"type":"Polygon","coordinates":[[[89.1551,24.7985],[89.161,24.8017],[89.157,24.8064],[89.1608,24.8134],[89.1707,24.8112],[89.1847,24.8231],[89.1911,24.8215],[89.189,24.8352],[89.1849,24.8369],[89.1945,24.8434],[89.1897,24.8434],[89.1883,24.8495],[89.1925,24.8505],[89.1878,24.8537],[89.194,24.8598],[89.19,24.8602],[89.1931,24.8627],[89.19,24.8668],[89.1825,24.8674],[89.189,24.8715],[89.1826,24.8716],[89.186,24.8794],[89.1802,24.8827],[89.191,24.8868],[89.1923,24.8988],[89.1975,24.8927],[89.199,24.9003],[89.2061,24.8992],[89.2019,24.9012],[89.2069,24.9032],[89.2034,24.9086],[89.21,24.9083],[89.2091,24.917],[89.2033,24.9142],[89.2025,24.9193],[89.1898,24.9237],[89.1791,24.953],[89.1219,24.9498],[89.1275,24.9624],[89.1033,24.9709],[89.1,24.9627],[89.088,24.9601],[89.0954,24.9438],[89.0836,24.9286],[89.0946,24.9041],[89.1006,24.9031],[89.098,24.8914],[89.0883,24.8881],[89.0812,24.8933],[89.0759,24.8863],[89.0825,24.8766],[89.0895,24.8772],[89.0852,24.8731],[89.0896,24.8678],[89.0872,24.8604],[89.0803,24.8565],[89.0948,24.8566],[89.099,24.8413],[89.0858,24.8376],[89.0829,24.8278],[89.0961,24.8166],[89.103,24.8193],[89.1055,24.8106],[89.1353,24.8093],[89.138,24.8051],[89.1472,24.8056],[89.1479,24.799],[89.1551,24.7985]]]}},{"type":"Feature","id":"ADM3_Dighalia","properties":{"id":"ADM3_Dighalia","name":"Dighalia","district":"Khulna"},"geometry":{"type":"Polygon","coordinates":[[[89.5145,22.9276],[89.5182,22.8946],[89.5272,22.8705],[89.551,22.8686],[89.5552,22.8522],[89.5612,22.852],[89.5699,22.8704],[89.571,22.8901],[89.5661,22.9013],[89.5697,22.9152],[89.6116,22.931],[89.6144,22.9522],[89.5848,22.9776],[89.5869,22.9854],[89.5668,22.9915],[89.5605,22.9838],[89.5626,22.9704],[89.5445,22.9513],[89.5227,22.9431],[89.5145,22.9276]]]}},{"type":"Feature","id":"ADM3_Dighinala","properties":{"id":"ADM3_Dighinala","name":"Dighinala","district":"Khagrachhari"},"geometry":{"type":"Polygon","coordinates":[[[92.0738,23.6476],[92.046,23.6468],[92.0296,23.6585],[92.0221,23.6582],[92.0232,23.663],[92.0159,23.6599],[92.0084,23.6637],[92.0063,23.6709],[92.0,23.6713],[91.9851,23.723],[91.9804,23.7237],[91.9781,23.7333],[91.9671,23.7296],[91.966,23.7338],[91.9569,23.7342],[91.9504,23.7262],[91.9539,23.7195],[91.9481,23.7139],[91.9573,23.694],[91.941,23.6935],[91.9339,23.6844],[91.942,23.6695],[91.9391,23.6595],[91.9468,23.6378],[91.9422,23.6349],[91.954,23.6098],[91.9518,23.6007],[91.9594,23.5641],[91.9568,23.5513],[91.9645,23.5354],[91.9562,23.5258],[91.9601,23.5186],[91.9644,23.5189],[91.9726,23.4926],[91.9691,23.4765],[91.9582,23.4797],[91.9587,23.4731],[91.9534,23.4743],[91.9741,23.4321],[92.0016,23.2485],[92.0253,23.1751],[92.0734,23.0733],[92.1153,23.0802],[92.1385,23.0955],[92.1426,23.0893],[92.1811,23.102],[92.1547,23.1508],[92.1339,23.2051],[92.1251,23.319],[92.0484,23.3657],[92.0907,23.398],[92.1202,23.413],[92.137,23.4304],[92.1241,23.5256],[92.1156,23.556],[92.0738,23.6476]]]}},{"type":"Feature","id":"ADM3_Dimla","properties":{"id":"ADM3_Dimla","name":"Dimla","district":"Nilphamari"},"geometry":{"type":"Polygon","coordinates":[[[89.0189,26.2422],[88.9937,26.2456],[88.9568,26.2406],[88.9262,26.2839],[88.9181,26.288],[88.8708,26.2842],[88.8613,26.2727],[88.8614,26.2521],[88.8717,26.2405],[88.8777,26.2423],[88.8764,26.2276],[88.8693,26.2212],[88.8791,26.2115],[88.8828,26.1767],[88.8952,26.171],[88.8985,26.16],[88.8928,26.1156],[88.9188,26.104],[88.9709,26.0916],[88.9864,26.0793],[89.0167,26.0682],[89.021,26.0699],[89.0155,26.0822],[89.0297,26.09],[89.0514,26.0791],[89.0563,26.0858],[89.066,26.0809],[89.0731,26.089],[89.0891,26.0891],[89.0903,26.1152],[89.0987,26.1157],[89.1016,26.1204],[89.098,26.1463],[89.0729,26.1705],[89.057,26.1679],[89.0474,26.1751],[89.0372,26.1744],[89.0374,26.1819],[89.0333,26.1787],[89.0283,26.1891],[89.0193,26.1913],[89.033,26.2037],[89.0361,26.2204],[89.022,26.228],[89.0189,26.2422]]]}},{"type":"Feature","id":"ADM3_DinajpurSadar","properties":{"id":"ADM3_DinajpurSadar","name":"Dinajpur Sadar","district":"Dinajpur"},"geometry":{"type":"Polygon","coordinates":[[[88.5682,25.5138],[88.5727,25.5091],[88.5963,25.5062],[88.6027,25.516],[88.6091,25.5164],[88.6061,25.5095],[88.613,25.51],[88.6224,25.497],[88.6397,25.4996],[88.6485,25.4963],[88.6427,25.4928],[88.6463,25.4785],[88.6602,25.4818],[88.663,25.4738],[88.6882,25.4756],[88.6995,25.4713],[88.7004,25.4761],[88.7103,25.4807],[88.7075,25.4999],[88.7133,25.5001],[88.7138,25.4957],[88.7143,25.4996],[88.7421,25.5051],[88.7439,25.4949],[88.74,25.4894],[88.745,25.4889],[88.7486,25.4937],[88.7609,25.4934],[88.7689,25.499],[88.7708,25.5052],[88.7591,25.5097],[88.7638,25.5366],[88.753,25.5497],[88.75,25.5624],[88.7421,25.5649],[88.7496,25.5739],[88.7475,25.5805],[88.7326,25.5788],[88.7277,25.5875],[88.7116,25.5885],[88.6992,25.6105],[88.7126,25.6294],[88.715,25.6419],[88.7116,25.6486],[88.7181,25.6537],[88.7182,25.6615],[88.732,25.6717],[88.7268,25.6887],[88.7351,25.6981],[88.7363,25.7131],[88.7432,25.7171],[88.7467,25.7274],[88.7356,25.75],[88.738,25.7676],[88.7259,25.7735],[88.7166,25.7855],[88.7095,25.7882],[88.7082,25.7819],[88.7005,25.7787],[88.6996,25.7635],[88.6885,25.7579],[88.6812,25.747],[88.6549,25.7453],[88.6545,25.7406],[88.6472,25.7386],[88.6454,25.7272],[88.6305,25.7128],[88.6326,25.6769],[88.6254,25.6786],[88.6223,25.6733],[88.6321,25.6662],[88.6339,25.6591],[88.6209,25.6519],[88.6293,25.6502],[88.6182,25.6322],[88.6269,25.6136],[88.6231,25.6142],[88.6158,25.5923],[88.6044,25.5925],[88.6052,25.569],[88.5872,25.5676],[88.5857,25.5583],[88.5928,25.5448],[88.5804,25.5142],[88.5682,25.5138]]]}},{"type":"Feature","id":"ADM3_Dohar","properties":{"id":"ADM3_Dohar","name":"Dohar","district":"Dhaka"},"geometry":{"type":"Polygon","coordinates":[[[90.0782,23.5614],[90.102,23.5686],[90.1299,23.5651],[90.1583,23.5221],[90.1765,23.5268],[90.1816,23.5414],[90.1772,23.5558],[90.1858,23.5629],[90.1922,23.5594],[90.2035,23.5643],[90.2057,23.5689],[90.1974,23.5772],[90.181,23.581],[90.1791,23.6029],[90.1702,23.6081],[90.1689,23.6187],[90.1609,23.6247],[90.1628,23.6285],[90.1499,23.63],[90.1452,23.634],[90.1473,23.6388],[90.1439,23.6364],[90.1388,23.6408],[90.135,23.6364],[90.1339,23.6443],[90.1227,23.6373],[90.1227,23.6463],[90.087,23.647],[90.0676,23.6589],[90.056,23.655],[90.046,23.6593],[90.042,23.6501],[90.0395,23.6571],[90.0325,23.6581],[90.0292,23.6663],[90.0244,23.6643],[90.023,23.6685],[90.0183,23.6525],[90.0072,23.6447],[90.0077,23.6349],[90.0448,23.629],[90.0476,23.6131],[90.039,23.6094],[90.0405,23.5989],[90.0556,23.5841],[90.0465,23.5739],[90.0782,23.5614]]]}},{"type":"Feature","id":"ADM3_Domar","properties":{"id":"ADM3_Domar","name":"Domar","district":"Nilphamari"},"geometry":{"type":"Polygon","coordinates":[[[88.7746,26.0548],[88.7829,26.0561],[88.7924,26.0448],[88.8024,26.0437],[88.819,26.0294],[88.8247,26.0307],[88.823,26.0414],[88.8337,26.0357],[88.8436,26.0378],[88.8484,26.0405],[88.8394,26.0416],[88.8388,26.0464],[88.8553,26.0511],[88.8593,26.0592],[88.8716,26.0564],[88.8678,26.0685],[88.8714,26.0737],[88.865,26.0825],[88.8763,26.086],[88.8779,26.0988],[88.8846,26.1032],[88.8847,26.1181],[88.8919,26.1192],[88.8953,26.1269],[88.8985,26.16],[88.8952,26.171],[88.8828,26.1767],[88.8791,26.2115],[88.8693,26.2212],[88.8776,26.2335],[88.8597,26.2315],[88.8518,26.2352],[88.8439,26.2307],[88.8385,26.2322],[88.8381,26.2382],[88.8276,26.2397],[88.8291,26.2498],[88.8234,26.2486],[88.8232,26.2534],[88.8128,26.2569],[88.815,26.2691],[88.81,26.277],[88.8191,26.2946],[88.7935,26.3101],[88.764,26.299],[88.7593,26.3041],[88.7583,26.2978],[88.7664,26.2865],[88.7581,26.2614],[88.7629,26.2361],[88.774,26.2396],[88.7818,26.2369],[88.7923,26.2279],[88.7975,26.2148],[88.7902,26.2067],[88.7977,26.2062],[88.7937,26.189],[88.7758,26.1806],[88.7817,26.1775],[88.779,26.166],[88.7861,26.1477],[88.7836,26.1326],[88.7891,26.1306],[88.7896,26.1247],[88.7743,26.1058],[88.7672,26.0878],[88.7577,26.0846],[88.7761,26.072],[88.7789,26.0626],[88.7746,26.0548]]]}},{"type":"Feature","id":"ADM3_DoubleMooring","properties":{"id":"ADM3_DoubleMooring","name":"Double Mooring","district":"Chittagong"},"geometry":{"type":"Polygon","coordinates":[[[91.8141,22.3176],[91.8308,22.3263],[91.8238,22.3247],[91.8241,22.3354],[91.8024,22.3493],[91.7956,22.348],[91.8031,22.343],[91.7962,22.328],[91.7895,22.328],[91.7971,22.325],[91.8019,22.314],[91.8141,22.3176]]]}},{"type":"Feature","id":"ADM3_Dowarabazar","properties":{"id":"ADM3_Dowarabazar","name":"Dowarabazar","district":"Sunamganj"},"geometry":{"type":"Polygon","coordinates":[[[91.7049,25.1501],[91.6943,25.1455],[91.6916,25.1372],[91.668,25.1378],[91.6639,25.1352],[91.6649,25.1286],[91.6527,25.1313],[91.642,25.1232],[91.6269,25.1255],[91.6214,25.1435],[91.6154,25.1452],[91.6122,25.1411],[91.611,25.1464],[91.6037,25.1403],[91.6016,25.1437],[91.5994,25.1513],[91.6036,25.1591],[91.5998,25.1596],[91.604,25.1676],[91.6154,25.1698],[91.6151,25.1749],[91.6094,25.1771],[91.577,25.1721],[91.5715,25.1654],[91.5763,25.16],[91.563,25.1608],[91.5571,25.1498],[91.5264,25.1446],[91.5179,25.1475],[91.5172,25.1337],[91.4962,25.1292],[91.4992,25.1169],[91.49,25.1048],[91.4846,25.1053],[91.4838,25.0949],[91.4958,25.0901],[91.4995,25.0929],[91.4981,25.0893],[91.5027,25.0886],[91.4995,25.079],[91.4891,25.0723],[91.4694,25.0704],[91.4673,25.064],[91.4718,25.0566],[91.4681,25.0537],[91.4605,25.0556],[91.4574,25.0625],[91.4468,25.0643],[91.4457,25.0482],[91.4547,25.0418],[91.4778,25.038],[91.4669,25.0151],[91.4906,24.9804],[91.4852,24.963],[91.5078,24.9699],[91.5148,24.9657],[91.5284,24.9715],[91.5416,24.9693],[91.5495,24.9763],[91.5459,24.9813],[91.5674,24.9954],[91.5682,25.0064],[91.5728,25.0067],[91.5742,24.9969],[91.5948,24.992],[91.5996,25.0017],[91.5879,25.0116],[91.5941,25.0137],[91.5961,25.0248],[91.6047,25.0203],[91.6142,25.0368],[91.6174,25.0665],[91.6119,25.0711],[91.6339,25.0747],[91.6391,25.0813],[91.6375,25.0874],[91.6544,25.0838],[91.6558,25.0762],[91.6683,25.0746],[91.67,25.0628],[91.6759,25.061],[91.6728,25.0569],[91.6843,25.0617],[91.688,25.0729],[91.6818,25.0855],[91.6872,25.0967],[91.6843,25.1139],[91.6895,25.1304],[91.6952,25.1312],[91.7049,25.1501]]]}},{"type":"Feature","id":"ADM3_Dumki","properties":{"id":"ADM3_Dumki","name":"Dumki","district":"Patuakhali"},"geometry":{"type":"Polygon","coordinates":[[[90.3073,22.4727],[90.3029,22.4525],[90.2834,22.4295],[90.296,22.4263],[90.2973,22.4177],[90.3011,22.417],[90.3029,22.4054],[90.2963,22.3901],[90.3121,22.4084],[90.3309,22.4439],[90.3464,22.4375],[90.3524,22.4419],[90.3591,22.4379],[90.3624,22.4424],[90.3792,22.4442],[90.3784,22.4279],[90.3826,22.4196],[90.3728,22.4029],[90.3718,22.3899],[90.38,22.3917],[90.3981,22.4217],[90.4069,22.4256],[90.444,22.4165],[90.4526,22.4229],[90.454,22.4349],[90.4444,22.4583],[90.4304,22.4547],[90.4308,22.4592],[90.4099,22.4813],[90.3918,22.4848],[90.3643,22.5043],[90.3364,22.4686],[90.3296,22.4692],[90.3156,22.4838],[90.3073,22.4727]]]}},{"type":"Feature","id":"ADM3_Dumuria","properties":{"id":"ADM3_Dumuria","name":"Dumuria","district":"Khulna"},"geometry":{"type":"Polygon","coordinates":[[[89.3585,22.923],[89.3412,22.9206],[89.3394,22.9095],[89.3461,22.908],[89.356,22.8847],[89.3553,22.8764],[89.347,22.8745],[89.3448,22.8679],[89.3574,22.8629],[89.3506,22.8534],[89.3527,22.8346],[89.3223,22.8278],[89.3292,22.8322],[89.3289,22.8379],[89.2963,22.8428],[89.2959,22.8467],[89.3096,22.8524],[89.2967,22.8539],[89.2886,22.8622],[89.2851,22.8495],[89.2669,22.8516],[89.2667,22.8413],[89.2553,22.848],[89.2511,22.8459],[89.2467,22.8356],[89.253,22.837],[89.2564,22.8313],[89.2456,22.8164],[89.2551,22.8094],[89.265,22.8132],[89.2653,22.7965],[89.2708,22.7906],[89.2898,22.7948],[89.2987,22.7879],[89.2989,22.772],[89.3101,22.7622],[89.3106,22.7502],[89.3316,22.7294],[89.3264,22.7172],[89.3393,22.7154],[89.3535,22.7047],[89.3548,22.6948],[89.3741,22.6864],[89.3789,22.6774],[89.415,22.6735],[89.4217,22.6773],[89.4258,22.6611],[89.4336,22.658],[89.4392,22.6856],[89.4549,22.7029],[89.4689,22.7078],[89.462,22.7385],[89.4681,22.744],[89.473,22.7685],[89.4853,22.7869],[89.4869,22.8092],[89.4956,22.8069],[89.5068,22.8113],[89.5083,22.8038],[89.5241,22.8104],[89.5321,22.8053],[89.5369,22.8062],[89.5373,22.8169],[89.5238,22.8315],[89.5159,22.8327],[89.5117,22.855],[89.4884,22.8714],[89.4892,22.8799],[89.473,22.8994],[89.4746,22.9084],[89.4608,22.9147],[89.4645,22.923],[89.412,22.9182],[89.397,22.9287],[89.3833,22.92],[89.3842,22.9319],[89.3738,22.9349],[89.3585,22.923]]]}},{"type":"Feature","id":"ADM3_Durgapur_169588","properties":{"id":"ADM3_Durgapur_169588","name":"Durgapur","district":"Netrakona"},"geometry":{"type":"Polygon","coordinates":[[[90.6052,25.0268],[90.6103,25.0205],[90.6214,25.0232],[90.6239,25.0089],[90.6555,25.012],[90.6603,25.0067],[90.6732,25.0114],[90.6764,25.007],[90.6692,25.0],[90.6788,24.9995],[90.6643,24.9953],[90.6657,24.9891],[90.6747,24.9919],[90.6851,24.9848],[90.7075,24.998],[90.725,24.9971],[90.7266,25.007],[90.706,25.0109],[90.706,25.0181],[90.7185,25.0217],[90.7215,25.0272],[90.7297,25.0246],[90.7305,25.0203],[90.754,25.0269],[90.7449,25.0456],[90.7578,25.0533],[90.7586,25.0623],[90.7517,25.0648],[90.7583,25.0757],[90.7695,25.0785],[90.7818,25.0682],[90.7854,25.0791],[90.799,25.0894],[90.7937,25.0932],[90.7888,25.0883],[90.7766,25.0938],[90.7759,25.1018],[90.7693,25.1038],[90.7691,25.121],[90.7584,25.1212],[90.7604,25.1273],[90.767,25.1279],[90.7635,25.1302],[90.7678,25.1347],[90.761,25.1385],[90.7559,25.1358],[90.7471,25.1422],[90.7538,25.1572],[90.7636,25.1588],[90.7576,25.1644],[90.7587,25.1695],[90.7476,25.1641],[90.7418,25.1703],[90.7342,25.1669],[90.7331,25.1621],[90.7419,25.1614],[90.7332,25.155],[90.7253,25.1634],[90.7099,25.1682],[90.7065,25.1612],[90.7006,25.1649],[90.698,25.157],[90.6899,25.1643],[90.6821,25.1644],[90.6804,25.1694],[90.6861,25.1744],[90.6751,25.1726],[90.6756,25.1765],[90.6659,25.166],[90.6634,25.198],[90.658,25.1853],[90.6474,25.1944],[90.6525,25.1888],[90.6511,25.1821],[90.6403,25.1837],[90.6418,25.1749],[90.6182,25.1727],[90.6156,25.1776],[90.6163,25.1587],[90.6119,25.1448],[90.6055,25.1405],[90.6109,25.1296],[90.6042,25.1243],[90.6072,25.1213],[90.5992,25.1084],[90.6038,25.1037],[90.5982,25.0982],[90.5997,25.0936],[90.5869,25.0832],[90.5954,25.0765],[90.5904,25.0733],[90.5884,25.0587],[90.597,25.0646],[90.5974,25.0703],[90.6074,25.0702],[90.6041,25.0618],[90.6128,25.0536],[90.6048,25.0514],[90.6052,25.0268]]]}},{"type":"Feature","id":"ADM3_Durgapur_796536","properties":{"id":"ADM3_Durgapur_796536","name":"Durgapur","district":"Rajshahi"},"geometry":{"type":"Polygon","coordinates":[[[88.7157,24.5221],[88.7026,24.5234],[88.6941,24.5154],[88.6787,24.5112],[88.6793,24.5077],[88.6867,24.5087],[88.6877,24.5021],[88.6816,24.4958],[88.6789,24.5044],[88.6742,24.5018],[88.6784,24.477],[88.6731,24.4748],[88.6646,24.4492],[88.6865,24.4509],[88.6965,24.4449],[88.6935,24.4337],[88.697,24.4281],[88.7053,24.4275],[88.707,24.4156],[88.7009,24.4094],[88.7112,24.4075],[88.7089,24.3971],[88.7147,24.3968],[88.726,24.3838],[88.73,24.3835],[88.7296,24.3947],[88.7389,24.3959],[88.7381,24.4043],[88.7457,24.405],[88.7505,24.4125],[88.7587,24.4127],[88.7584,24.4033],[88.7653,24.4054],[88.7658,24.3982],[88.7715,24.4063],[88.7815,24.4021],[88.7856,24.4068],[88.7987,24.4048],[88.8065,24.4149],[88.7987,24.4268],[88.8012,24.4407],[88.8098,24.4369],[88.8122,24.4423],[88.8308,24.4451],[88.8376,24.4374],[88.8402,24.4419],[88.848,24.4404],[88.8568,24.4456],[88.8609,24.4555],[88.8583,24.462],[88.8462,24.4618],[88.8474,24.4652],[88.8367,24.4707],[88.8492,24.4801],[88.8407,24.4945],[88.8496,24.5102],[88.8298,24.5139],[88.8169,24.5252],[88.7982,24.5245],[88.7987,24.5199],[88.7928,24.5198],[88.7852,24.5226],[88.7837,24.5283],[88.7658,24.5239],[88.7526,24.5243],[88.7485,24.5292],[88.743,24.513],[88.7462,24.5055],[88.729,24.5018],[88.7294,24.5156],[88.7157,24.5221]]]}},{"type":"Feature","id":"ADM3_Fakirhat","properties":{"id":"ADM3_Fakirhat","name":"Fakirhat","district":"Bagerhat"},"geometry":{"type":"Polygon","coordinates":[[[89.7792,22.7851],[89.7728,22.7956],[89.777,22.801],[89.7753,22.8114],[89.7674,22.8115],[89.7641,22.8197],[89.7571,22.8146],[89.7571,22.8078],[89.7505,22.8091],[89.7517,22.7941],[89.7228,22.8035],[89.7067,22.824],[89.6758,22.8126],[89.6769,22.7965],[89.6659,22.7989],[89.6611,22.7762],[89.655,22.7727],[89.6542,22.755],[89.6472,22.7529],[89.6441,22.7741],[89.6311,22.7629],[89.6183,22.7758],[89.6112,22.774],[89.6084,22.7523],[89.5989,22.7392],[89.5979,22.7214],[89.5853,22.7175],[89.5893,22.7099],[89.601,22.7095],[89.6027,22.7021],[89.5696,22.6907],[89.5786,22.6781],[89.58,22.6697],[89.5734,22.6647],[89.5755,22.6565],[89.5826,22.647],[89.6017,22.6452],[89.6185,22.6529],[89.6255,22.6773],[89.6468,22.6805],[89.6416,22.6809],[89.6453,22.691],[89.6408,22.7119],[89.6647,22.7228],[89.6893,22.722],[89.7005,22.7167],[89.7172,22.7301],[89.7312,22.7308],[89.7374,22.7473],[89.7476,22.7524],[89.742,22.7646],[89.7458,22.782],[89.7551,22.7922],[89.7677,22.7903],[89.7716,22.7808],[89.7792,22.7851]]]}},{"type":"Feature","id":"ADM3_Faridganj","properties":{"id":"ADM3_Faridganj","name":"Faridganj","district":"Chandpur"},"geometry":{"type":"Polygon","coordinates":[[[90.6835,23.135],[90.6826,23.1081],[90.6763,23.1048],[90.6763,23.0994],[90.6841,23.0914],[90.6807,23.0825],[90.6904,23.0631],[90.7067,23.0582],[90.7309,23.0419],[90.7433,23.0556],[90.7546,23.0599],[90.7521,23.0676],[90.7696,23.0772],[90.7938,23.08],[90.7901,23.0793],[90.7898,23.0853],[90.7964,23.1186],[90.8152,23.1221],[90.8213,23.1335],[90.8363,23.1382],[90.8393,23.1482],[90.8511,23.1541],[90.8459,23.1597],[90.8466,23.1669],[90.874,23.1734],[90.8699,23.1813],[90.872,23.1885],[90.8646,23.1867],[90.8605,23.1922],[90.8485,23.1939],[90.8477,23.1997],[90.8413,23.2013],[90.8362,23.2182],[90.829,23.2129],[90.8279,23.218],[90.8227,23.2157],[90.8214,23.2249],[90.8042,23.223],[90.7978,23.2152],[90.7823,23.2251],[90.7768,23.2193],[90.7775,23.2287],[90.7704,23.2193],[90.7683,23.2253],[90.7615,23.2219],[90.7605,23.2357],[90.7477,23.2174],[90.7369,23.2275],[90.7391,23.2339],[90.7338,23.2332],[90.7216,23.2217],[90.7257,23.219],[90.7247,23.2028],[90.7142,23.2062],[90.6999,23.192],[90.7057,23.187],[90.6931,23.1742],[90.7001,23.1731],[90.7005,23.1541],[90.6882,23.1398],[90.6905,23.1344],[90.6835,23.135]]]}},{"type":"Feature","id":"ADM3_Faridpur","properties":{"id":"ADM3_Faridpur","name":"Faridpur","district":"Pabna"},"geometry":{"type":"Polygon","coordinates":[[[89.4173,24.0978],[89.4221,24.0866],[89.4448,24.0914],[89.45,24.1051],[89.4428,24.1168],[89.4496,24.1187],[89.4531,24.1318],[89.4619,24.1236],[89.4698,24.1304],[89.482,24.1258],[89.4856,24.1325],[89.498,24.1383],[89.5069,24.1306],[89.5137,24.1332],[89.517,24.1406],[89.5231,24.139],[89.5213,24.1439],[89.5281,24.146],[89.5217,24.1542],[89.5294,24.1597],[89.5227,24.1676],[89.5338,24.1668],[89.5351,24.1728],[89.5179,24.1788],[89.5174,24.1891],[89.5251,24.1918],[89.5217,24.1978],[89.5101,24.2],[89.5008,24.2171],[89.4895,24.2171],[89.4859,24.2038],[89.4696,24.2007],[89.4614,24.2246],[89.4735,24.2192],[89.4778,24.2238],[89.4745,24.2338],[89.4514,24.2291],[89.4513,24.2172],[89.442,24.2141],[89.4352,24.2133],[89.4355,24.2186],[89.4282,24.2216],[89.4245,24.2137],[89.418,24.2156],[89.4195,24.2078],[89.4097,24.2014],[89.4104,24.1913],[89.4031,24.1918],[89.4011,24.1864],[89.398,24.1753],[89.4029,24.1707],[89.4013,24.1641],[89.3947,24.1659],[89.3989,24.1581],[89.4027,24.1601],[89.4105,24.153],[89.4007,24.1473],[89.4031,24.1394],[89.3992,24.1357],[89.392,24.1354],[89.3908,24.1544],[89.383,24.1529],[89.3734,24.1641],[89.3606,24.1504],[89.3617,24.1442],[89.3707,24.142],[89.3617,24.1222],[89.3698,24.1211],[89.378,24.1117],[89.3897,24.116],[89.4003,24.1044],[89.4105,24.1126],[89.4173,24.0978]]]}},{"type":"Feature","id":"ADM3_FaridpurSadar","properties":{"id":"ADM3_FaridpurSadar","name":"Faridpur Sadar","district":"Faridpur"},"geometry":{"type":"Polygon","coordinates":[[[89.7554,23.505],[89.7595,23.5073],[89.7698,23.5019],[89.7689,23.4942],[89.7858,23.4873],[89.8089,23.5084],[89.8292,23.4981],[89.831,23.5022],[89.8441,23.5047],[89.8465,23.517],[89.8687,23.5206],[89.8653,23.5294],[89.8684,23.5348],[89.8846,23.5404],[89.902,23.5587],[89.9225,23.5585],[89.9138,23.5696],[89.9075,23.5908],[89.894,23.6039],[89.898,23.6205],[89.9093,23.6313],[89.9241,23.6303],[89.9316,23.6382],[89.9322,23.6573],[89.9208,23.6685],[89.8969,23.6742],[89.8649,23.7189],[89.8442,23.713],[89.8464,23.7011],[89.8406,23.7093],[89.8105,23.7213],[89.7912,23.7114],[89.7942,23.6879],[89.7898,23.6829],[89.7626,23.681],[89.7547,23.6765],[89.7557,23.6666],[89.7385,23.6663],[89.7323,23.6776],[89.7213,23.6725],[89.7283,23.6663],[89.7304,23.6551],[89.7314,23.6365],[89.726,23.6304],[89.7284,23.619],[89.7547,23.5972],[89.7527,23.5904],[89.7407,23.5896],[89.7417,23.5834],[89.7296,23.5817],[89.712,23.5968],[89.7131,23.5894],[89.701,23.5878],[89.7059,23.5775],[89.6889,23.5506],[89.7072,23.5499],[89.7429,23.5232],[89.7476,23.5254],[89.7495,23.5114],[89.7554,23.505]]]}},{"type":"Feature","id":"ADM3_Fatikchhari","properties":{"id":"ADM3_Fatikchhari","name":"Fatikchhari","district":"Chittagong"},"geometry":{"type":"Polygon","coordinates":[[[91.7131,22.9887],[91.7087,22.982],[91.7022,22.9888],[91.6936,22.9884],[91.6817,22.9774],[91.6577,22.9819],[91.658,22.9783],[91.6513,22.9769],[91.6453,22.9851],[91.6457,22.9768],[91.6407,22.975],[91.6356,22.9613],[91.6245,22.9617],[91.6255,22.9442],[91.615,22.93],[91.6214,22.9241],[91.6209,22.9134],[91.6283,22.9035],[91.6292,22.8848],[91.6169,22.8544],[91.6191,22.8381],[91.6146,22.82],[91.6286,22.7868],[91.6196,22.7869],[91.6149,22.7776],[91.6848,22.6339],[91.7079,22.6316],[91.7211,22.6147],[91.7329,22.6166],[91.7559,22.6046],[91.763,22.6074],[91.7713,22.624],[91.7781,22.6244],[91.7785,22.6347],[91.7891,22.6372],[91.8183,22.6054],[91.8158,22.5884],[91.8236,22.5847],[91.8283,22.5752],[91.8372,22.574],[91.8444,22.562],[91.8638,22.5789],[91.8633,22.5624],[91.8704,22.5608],[91.8783,22.5946],[91.8883,22.5972],[91.8925,22.6101],[91.8989,22.6112],[91.8986,22.6208],[91.9109,22.6202],[91.9133,22.6253],[91.908,22.6296],[91.9152,22.6353],[91.9137,22.6431],[91.908,22.6448],[91.9171,22.6674],[91.9232,22.6662],[91.9236,22.6575],[91.9347,22.6571],[91.9431,22.6687],[91.9369,22.6772],[91.9257,22.6804],[91.9288,22.6919],[91.9212,22.7003],[91.8977,22.6923],[91.8837,22.6966],[91.8777,22.7244],[91.8839,22.7526],[91.8936,22.7497],[91.8953,22.7528],[91.8893,22.7564],[91.887,22.7658],[91.8744,22.7674],[91.8562,22.7571],[91.8603,22.7695],[91.857,22.7775],[91.8521,22.7699],[91.8375,22.7822],[91.8326,22.7756],[91.8306,22.7844],[91.8348,22.7903],[91.8117,22.7933],[91.793,22.7686],[91.7902,22.7833],[91.7753,22.7944],[91.766,22.8161],[91.7651,22.832],[91.7554,22.8436],[91.755,22.8616],[91.7435,22.8725],[91.7302,22.8718],[91.7293,22.8777],[91.7164,22.8869],[91.7252,22.9068],[91.7209,22.9144],[91.7257,22.9384],[91.7306,22.9402],[91.7257,22.9422],[91.7285,22.9559],[91.7181,22.9673],[91.7131,22.9887]]]}},{"type":"Feature","id":"ADM3_Fenchuganj","properties":{"id":"ADM3_Fenchuganj","name":"Fenchuganj","district":"Sylhet"},"geometry":{"type":"Polygon","coordinates":[[[91.9032,24.6636],[91.9112,24.6617],[91.91,24.6557],[91.9228,24.6524],[91.9311,24.6618],[91.9335,24.6551],[91.9736,24.6393],[91.9951,24.6551],[92.029,24.6523],[92.0351,24.6874],[92.0317,24.6956],[92.0257,24.6971],[92.0311,24.6995],[92.0233,24.7062],[92.0145,24.7071],[92.0117,24.7126],[91.9856,24.7154],[91.9965,24.7257],[91.9896,24.7255],[91.9857,24.734],[91.9791,24.7297],[91.9572,24.7297],[91.957,24.7255],[91.9531,24.7307],[91.9601,24.7359],[91.9527,24.7362],[91.9487,24.7499],[91.9244,24.7483],[91.8921,24.7572],[91.893,24.7431],[91.9027,24.741],[91.9026,24.7296],[91.9074,24.7234],[91.9146,24.7231],[91.9171,24.7158],[91.9138,24.7118],[91.9045,24.7134],[91.9044,24.7073],[91.8984,24.7058],[91.904,24.6935],[91.9182,24.6888],[91.914,24.675],[91.9032,24.6636]]]}},{"type":"Feature","id":"ADM3_FeniSadar","properties":{"id":"ADM3_FeniSadar","name":"Feni Sadar","district":"Feni"},"geometry":{"type":"Polygon","coordinates":[[[91.3146,23.0492],[91.3157,23.0385],[91.3225,23.0327],[91.3144,23.0289],[91.3148,23.0201],[91.306,23.0123],[91.3166,23.0136],[91.3181,23.0208],[91.3266,23.0172],[91.3331,23.0208],[91.3228,23.0092],[91.3421,23.0049],[91.342,22.9976],[91.3591,22.9973],[91.3664,22.9863],[91.3619,22.9752],[91.3685,22.9679],[91.3555,22.97],[91.355,22.9488],[91.3587,22.9434],[91.3661,22.9431],[91.3671,22.9596],[91.3812,22.9565],[91.3842,22.9434],[91.3925,22.9443],[91.3906,22.9296],[91.3948,22.9193],[91.4011,22.917],[91.4062,22.9198],[91.4044,22.923],[91.4107,22.9236],[91.4174,22.9196],[91.419,22.9093],[91.4194,22.9138],[91.4287,22.914],[91.4401,22.9384],[91.4504,22.9294],[91.4575,22.9321],[91.4665,22.9225],[91.47,22.9183],[91.4685,22.9043],[91.4736,22.9018],[91.4979,22.9033],[91.493,22.9053],[91.5001,22.9104],[91.5115,22.9087],[91.5062,22.9279],[91.5005,22.9329],[91.5052,22.9406],[91.4989,22.9559],[91.509,22.9715],[91.5069,22.9829],[91.4914,22.9932],[91.4913,23.0125],[91.4746,23.0168],[91.4638,23.012],[91.4442,23.0141],[91.4448,23.0083],[91.4392,23.0121],[91.4495,23.0309],[91.4478,23.0397],[91.4412,23.0302],[91.4347,23.0365],[91.4326,23.0338],[91.431,23.0386],[91.4359,23.044],[91.43,23.0441],[91.4334,23.0511],[91.4223,23.063],[91.3958,23.0562],[91.3719,23.0694],[91.3428,23.0685],[91.3163,23.057],[91.3146,23.0492]]]}},{"type":"Feature","id":"ADM3_Fulbari","properties":{"id":"ADM3_Fulbari","name":"Fulbari","district":"Dinajpur"},"geometry":{"type":"Polygon","coordinates":[[[88.984,25.4879],[88.9905,25.5011],[88.986,25.508],[88.9721,25.5094],[88.9602,25.5171],[88.9577,25.5363],[88.9532,25.5376],[88.9583,25.5411],[88.9557,25.5501],[88.9488,25.5496],[88.9473,25.5557],[88.9357,25.5571],[88.933,25.5526],[88.9379,25.5394],[88.932,25.538],[88.9293,25.5507],[88.9016,25.5632],[88.8998,25.5556],[88.8906,25.5515],[88.8937,25.5445],[88.9016,25.548],[88.9043,25.544],[88.889,25.5388],[88.8956,25.5271],[88.8927,25.5208],[88.8704,25.5205],[88.8694,25.5132],[88.863,25.5106],[88.8627,25.5159],[88.849,25.5159],[88.8453,25.5227],[88.836,25.5226],[88.8371,25.5295],[88.8221,25.536],[88.8059,25.5311],[88.8049,25.5233],[88.8106,25.5232],[88.808,25.5128],[88.8137,25.488],[88.8296,25.4904],[88.8393,25.4587],[88.8265,25.4449],[88.8343,25.4318],[88.8344,25.4275],[88.8285,25.4261],[88.8299,25.417],[88.8183,25.4182],[88.8124,25.4105],[88.8232,25.4096],[88.8237,25.4011],[88.8371,25.4019],[88.8412,25.394],[88.8692,25.3875],[88.8714,25.3924],[88.8776,25.3909],[88.8771,25.4009],[88.9304,25.409],[88.9313,25.4037],[88.9395,25.404],[88.9414,25.3947],[88.954,25.3987],[88.956,25.4052],[88.9662,25.4051],[88.965,25.4109],[88.979,25.4214],[88.9744,25.433],[88.9817,25.4336],[88.9893,25.4477],[88.986,25.4619],[88.9708,25.4689],[88.9728,25.4796],[88.9819,25.4814],[88.984,25.4879]]]}},{"type":"Feature","id":"ADM3_Fulbaria","properties":{"id":"ADM3_Fulbaria","name":"Fulbaria","district":"Mymensingh"},"geometry":{"type":"Polygon","coordinates":[[[90.2935,24.4724],[90.3039,24.4853],[90.3204,24.484],[90.3213,24.5098],[90.3241,24.5159],[90.3335,24.5186],[90.3355,24.5308],[90.342,24.531],[90.3442,24.5364],[90.3254,24.5419],[90.3213,24.5497],[90.3249,24.5547],[90.3226,24.5651],[90.3405,24.5699],[90.3349,24.5837],[90.3475,24.5917],[90.3588,24.6125],[90.3511,24.6167],[90.3454,24.6346],[90.3334,24.6418],[90.3311,24.6554],[90.3245,24.6612],[90.3452,24.6697],[90.3448,24.6749],[90.336,24.6786],[90.3344,24.6881],[90.3424,24.6943],[90.3391,24.7002],[90.3227,24.7052],[90.3013,24.7028],[90.2984,24.7223],[90.2921,24.7186],[90.2827,24.6979],[90.2664,24.6979],[90.2656,24.6924],[90.2562,24.6942],[90.2505,24.6887],[90.2421,24.6955],[90.2324,24.6928],[90.2226,24.6825],[90.1963,24.6815],[90.2041,24.669],[90.2003,24.6549],[90.187,24.6532],[90.1868,24.648],[90.1796,24.646],[90.1818,24.6332],[90.1856,24.6321],[90.1798,24.6272],[90.1823,24.6232],[90.1718,24.6174],[90.1722,24.6077],[90.1661,24.6005],[90.147,24.6127],[90.1399,24.6105],[90.1324,24.6192],[90.1246,24.5967],[90.1397,24.5757],[90.1508,24.5747],[90.146,24.5676],[90.1524,24.55],[90.1613,24.5367],[90.1693,24.5377],[90.1744,24.5178],[90.1867,24.5229],[90.192,24.5141],[90.2089,24.5087],[90.2036,24.5016],[90.2071,24.4973],[90.2139,24.4997],[90.2273,24.4832],[90.2358,24.4868],[90.2435,24.4814],[90.2254,24.4686],[90.2227,24.4617],[90.2103,24.4612],[90.2116,24.4499],[90.2474,24.4416],[90.2541,24.4528],[90.2524,24.4716],[90.2608,24.4721],[90.2706,24.48],[90.2935,24.4724]]]}},{"type":"Feature","id":"ADM3_Fulchhari","properties":{"id":"ADM3_Fulchhari","name":"Fulchhari","district":"Gaibandha"},"geometry":{"type":"Polygon","coordinates":[[[89.7327,25.3384],[89.727,25.3368],[89.7233,25.3461],[89.7174,25.3438],[89.7142,25.3673],[89.7048,25.3715],[89.6985,25.3838],[89.7023,25.3863],[89.6939,25.3871],[89.6888,25.3781],[89.6908,25.3635],[89.6796,25.3655],[89.6785,25.3502],[89.6642,25.3327],[89.656,25.3321],[89.655,25.322],[89.6424,25.3254],[89.6392,25.335],[89.6194,25.3384],[89.6118,25.3325],[89.6072,25.337],[89.6037,25.3268],[89.58,25.3317],[89.5832,25.3289],[89.5763,25.3222],[89.5777,25.3111],[89.5718,25.3064],[89.5772,25.3074],[89.579,25.3012],[89.5694,25.2949],[89.5704,25.2917],[89.5777,25.2942],[89.5726,25.284],[89.5784,25.2763],[89.5683,25.276],[89.5639,25.2691],[89.5692,25.2681],[89.5704,25.2599],[89.5673,25.2532],[89.5611,25.252],[89.5697,25.2497],[89.5651,25.2463],[89.5673,25.2338],[89.5739,25.2349],[89.5669,25.2216],[89.5772,25.22],[89.5752,25.2156],[89.5868,25.201],[89.5853,25.1929],[89.5928,25.1932],[89.5852,25.1855],[89.5941,25.1867],[89.6127,25.1717],[89.6108,25.1644],[89.6026,25.1636],[89.5995,25.153],[89.6057,25.1422],[89.6118,25.1536],[89.6171,25.1504],[89.6147,25.1268],[89.6057,25.1185],[89.6073,25.099],[89.6131,25.0956],[89.6194,25.0998],[89.6189,25.1109],[89.6494,25.1119],[89.6518,25.1438],[89.6747,25.1747],[89.7012,25.2322],[89.7489,25.2364],[89.7487,25.2695],[89.7563,25.2809],[89.7449,25.2987],[89.7422,25.3195],[89.7327,25.3384]]]}},{"type":"Feature","id":"ADM3_Fulgazi","properties":{"id":"ADM3_Fulgazi","name":"Fulgazi","district":"Feni"},"geometry":{"type":"Polygon","coordinates":[[[91.5117,23.1085],[91.5122,23.1134],[91.5203,23.1146],[91.5153,23.1178],[91.5176,23.1256],[91.5031,23.1306],[91.5148,23.1387],[91.5153,23.1451],[91.5081,23.1398],[91.4947,23.1472],[91.5072,23.1544],[91.4943,23.1524],[91.4909,23.1578],[91.4812,23.1427],[91.4822,23.1352],[91.461,23.1292],[91.4591,23.1384],[91.4506,23.1402],[91.4526,23.1463],[91.4406,23.1537],[91.4459,23.1622],[91.4407,23.1757],[91.4178,23.1722],[91.404,23.1676],[91.4026,23.1632],[91.401,23.1828],[91.3852,23.1752],[91.3847,23.1563],[91.3973,23.1303],[91.3969,23.1178],[91.4034,23.1139],[91.4002,23.0966],[91.406,23.0971],[91.4081,23.0836],[91.4174,23.083],[91.4108,23.0662],[91.4223,23.063],[91.4334,23.0511],[91.43,23.0441],[91.4413,23.0458],[91.4387,23.0555],[91.4443,23.0633],[91.4639,23.0675],[91.4656,23.0743],[91.4837,23.0724],[91.4826,23.0764],[91.4732,23.0774],[91.4727,23.0976],[91.4877,23.0983],[91.4914,23.1073],[91.4975,23.1046],[91.5117,23.1085]]]}},{"type":"Feature","id":"ADM3_Gabtali","properties":{"id":"ADM3_Gabtali","name":"Gabtali","district":"Bogra"},"geometry":{"type":"Polygon","coordinates":[[[89.4302,24.8384],[89.4358,24.8366],[89.4364,24.8267],[89.4473,24.8223],[89.4542,24.8014],[89.454,24.763],[89.4582,24.759],[89.4653,24.7623],[89.4752,24.7591],[89.4864,24.7643],[89.4945,24.7613],[89.4905,24.7734],[89.4971,24.7803],[89.5122,24.7736],[89.5354,24.7808],[89.5315,24.7918],[89.537,24.802],[89.5318,24.8047],[89.5268,24.8207],[89.5449,24.8336],[89.547,24.8433],[89.5525,24.8467],[89.5468,24.8621],[89.5444,24.8585],[89.5406,24.8615],[89.545,24.8678],[89.5378,24.8581],[89.5198,24.8635],[89.5124,24.8611],[89.5164,24.8683],[89.5105,24.868],[89.5137,24.877],[89.5188,24.8774],[89.5127,24.8856],[89.5245,24.8879],[89.5229,24.895],[89.5297,24.8953],[89.5289,24.913],[89.5352,24.9192],[89.5274,24.921],[89.5226,24.9159],[89.5067,24.941],[89.4968,24.943],[89.4928,24.9326],[89.4894,24.9394],[89.4817,24.938],[89.4761,24.947],[89.4653,24.9461],[89.4646,24.9547],[89.4591,24.9523],[89.4562,24.9595],[89.4602,24.9718],[89.4494,24.9722],[89.4476,24.9826],[89.4394,24.9908],[89.4501,25.0027],[89.4421,25.0099],[89.4409,25.0248],[89.4297,25.0226],[89.4263,25.0155],[89.418,25.0131],[89.4015,25.0156],[89.3949,25.0062],[89.3809,25.0021],[89.3822,24.9982],[89.3698,24.9896],[89.3854,24.978],[89.3886,24.9576],[89.4004,24.9554],[89.4033,24.9471],[89.3993,24.9355],[89.4089,24.9312],[89.4126,24.9178],[89.4181,24.9218],[89.4141,24.9062],[89.4055,24.9013],[89.405,24.8959],[89.4101,24.8942],[89.4114,24.8813],[89.4145,24.8843],[89.4196,24.8763],[89.4127,24.874],[89.417,24.8713],[89.4148,24.8637],[89.4271,24.8553],[89.4346,24.8575],[89.4307,24.8519],[89.4379,24.8501],[89.4302,24.8384]]]}},{"type":"Feature","id":"ADM3_Gaffargaon","properties":{"id":"ADM3_Gaffargaon","name":"Gaffargaon","district":"Mymensingh"},"geometry":{"type":"Polygon","coordinates":[[[90.4963,24.3151],[90.5292,24.3031],[90.5209,24.288],[90.5467,24.2741],[90.5441,24.2662],[90.5757,24.2457],[90.603,24.2628],[90.6218,24.2686],[90.6493,24.258],[90.651,24.2692],[90.6431,24.2796],[90.6408,24.3065],[90.6254,24.3349],[90.6179,24.3389],[90.6321,24.3589],[90.6421,24.3856],[90.6461,24.4162],[90.6342,24.4346],[90.5874,24.4481],[90.5789,24.4586],[90.5737,24.4861],[90.5629,24.5032],[90.5297,24.5227],[90.5126,24.5249],[90.5063,24.5185],[90.4992,24.5195],[90.4819,24.5351],[90.4832,24.5433],[90.4793,24.5473],[90.4631,24.5408],[90.4669,24.5206],[90.4482,24.5243],[90.444,24.5074],[90.4505,24.5065],[90.4485,24.494],[90.4539,24.4862],[90.4416,24.4869],[90.4416,24.4792],[90.4447,24.4695],[90.4633,24.4584],[90.4665,24.4499],[90.4622,24.433],[90.4692,24.4287],[90.4667,24.4204],[90.4714,24.4185],[90.4721,24.4113],[90.4812,24.4111],[90.4871,24.4047],[90.4762,24.3935],[90.4743,24.3767],[90.4879,24.3733],[90.4907,24.3611],[90.4996,24.3517],[90.4913,24.3309],[90.4963,24.3151]]]}},{"type":"Feature","id":"ADM3_GaibandhaSadar","properties":{"id":"ADM3_GaibandhaSadar","name":"Gaibandha Sadar","district":"Gaibandha"},"geometry":{"type":"Polygon","coordinates":[[[89.7013,25.4022],[89.6923,25.4024],[89.6871,25.4085],[89.6681,25.3977],[89.6359,25.4013],[89.6312,25.4086],[89.6264,25.4095],[89.6256,25.4049],[89.6127,25.4102],[89.622,25.4133],[89.6126,25.4131],[89.6091,25.4225],[89.5939,25.4231],[89.5864,25.4371],[89.5772,25.4325],[89.5686,25.4463],[89.5446,25.4373],[89.531,25.441],[89.5133,25.4366],[89.5149,25.4287],[89.5099,25.4226],[89.5205,25.4134],[89.5036,25.4069],[89.5054,25.4037],[89.4973,25.4041],[89.4945,25.3986],[89.4955,25.3874],[89.5058,25.3845],[89.5026,25.3794],[89.4904,25.3684],[89.4686,25.3751],[89.4733,25.3724],[89.4717,25.3659],[89.4756,25.37],[89.4731,25.3642],[89.4779,25.3645],[89.471,25.3599],[89.4768,25.3547],[89.4686,25.3542],[89.4742,25.3518],[89.4758,25.3435],[89.4724,25.3469],[89.4717,25.3425],[89.4487,25.3436],[89.4431,25.3512],[89.4325,25.3499],[89.4369,25.3314],[89.4307,25.3283],[89.4315,25.3087],[89.4702,25.3138],[89.4768,25.3039],[89.4683,25.2987],[89.4796,25.2953],[89.4719,25.2881],[89.4804,25.2861],[89.472,25.2763],[89.4804,25.2728],[89.4836,25.278],[89.4845,25.2745],[89.4945,25.2779],[89.5072,25.2666],[89.5087,25.2745],[89.5247,25.2723],[89.5254,25.2609],[89.529,25.2649],[89.5309,25.2621],[89.5231,25.26],[89.5296,25.258],[89.5196,25.2537],[89.5227,25.2501],[89.5131,25.2493],[89.5174,25.2414],[89.5136,25.2205],[89.5191,25.2241],[89.5237,25.2211],[89.523,25.2263],[89.5325,25.2223],[89.5391,25.23],[89.5536,25.2281],[89.5683,25.2382],[89.5651,25.2463],[89.5697,25.2497],[89.5611,25.252],[89.5673,25.2532],[89.5707,25.2618],[89.5692,25.2681],[89.5639,25.2691],[89.5683,25.276],[89.5784,25.2763],[89.5726,25.284],[89.5777,25.2942],[89.5704,25.2917],[89.5694,25.2949],[89.579,25.3012],[89.5772,25.3074],[89.5718,25.3064],[89.5777,25.3111],[89.5763,25.3222],[89.5832,25.3289],[89.58,25.3317],[89.6037,25.3268],[89.6072,25.337],[89.6118,25.3325],[89.6194,25.3384],[89.6392,25.335],[89.6424,25.3254],[89.655,25.322],[89.656,25.3321],[89.6642,25.3327],[89.6785,25.3502],[89.6796,25.3655],[89.6908,25.3635],[89.6888,25.3781],[89.6939,25.3871],[89.7023,25.3863],[89.6985,25.3838],[89.7048,25.3715],[89.7142,25.3673],[89.7174,25.3438],[89.7233,25.3461],[89.727,25.3368],[89.7327,25.3384],[89.7219,25.3566],[89.7444,25.374],[89.7478,25.3873],[89.7391,25.3891],[89.7362,25.3981],[89.7011,25.3901],[89.6945,25.399],[89.7013,25.4022]]]}},{"type":"Feature","id":"ADM3_Galachipa","properties":{"id":"ADM3_Galachipa","name":"Galachipa","district":"Patuakhali"},"geometry":{"type":"MultiPolygon","coordinates":[[[[90.4775,21.7692],[90.4797,21.7762],[90.4751,21.7819],[90.4704,21.7742],[90.4775,21.7692]]],[[[90.3835,21.7877],[90.3924,21.7963],[90.3913,21.8058],[90.3783,21.7892],[90.3835,21.7877]]],[[[90.48,21.8013],[90.4772,21.8146],[90.4696,21.8196],[90.4614,21.8068],[90.48,21.8013]]],[[[90.3809,21.8542],[90.3684,21.8541],[90.3729,21.8531],[90.3662,21.8426],[90.3688,21.8361],[90.3839,21.8375],[90.3809,21.8542]]],[[[90.4348,21.8317],[90.4598,21.8409],[90.4558,21.8603],[90.4329,21.8461],[90.4301,21.8357],[90.4348,21.8317]]],[[[90.5413,21.8536],[90.5219,21.8614],[90.4978,21.8581],[90.481,21.8424],[90.4775,21.8197],[90.4872,21.8117],[90.4997,21.8115],[90.5487,21.8524],[90.5413,21.8536]]],[[[90.4193,21.8553],[90.4315,21.8604],[90.4365,21.869],[90.4145,21.8593],[90.4193,21.8553]]],[[[90.5531,21.8639],[90.5509,21.8707],[90.5272,21.8871],[90.5167,21.8819],[90.5036,21.8662],[90.5481,21.8574],[90.5573,21.8595],[90.5531,21.8639]]],[[[90.4684,21.8492],[90.482,21.8572],[90.4798,21.8689],[90.4865,21.8722],[90.4839,21.8886],[90.4652,21.8639],[90.4641,21.8527],[90.4684,21.8492]]],[[[90.4074,21.8762],[90.4165,21.8843],[90.4181,21.8927],[90.4079,21.8876],[90.4074,21.8762]]],[[[90.4929,21.8756],[90.5116,21.892],[90.5001,21.9105],[90.4883,21.8911],[90.4891,21.8769],[90.4929,21.8756]]],[[[90.4241,21.882],[90.4512,21.8907],[90.4597,21.9115],[90.4226,21.8966],[90.4173,21.8815],[90.4241,21.882]]],[[[90.4752,21.9022],[90.4838,21.9131],[90.4864,21.9213],[90.4836,21.9202],[90.4764,21.9089],[90.4742,21.9036],[90.4752,21.9022]]],[[[90.61,21.9636],[90.607,21.9238],[90.6148,21.9435],[90.6147,21.9599],[90.61,21.9636]]],[[[90.5437,21.9793],[90.5496,21.9837],[90.5504,21.986],[90.5453,21.9851],[90.5429,21.9808],[90.5437,21.9793]]],[[[90.5873,21.9839],[90.5627,21.9859],[90.5194,21.9445],[90.5088,21.9285],[90.5067,21.9161],[90.5171,21.8915],[90.5568,21.8808],[90.577,21.8831],[90.6018,21.9676],[90.5868,21.9742],[90.5873,21.9839]]],[[[90.5577,21.9938],[90.5654,22.0002],[90.5657,22.0092],[90.5546,21.9979],[90.5577,21.9938]]],[[[90.5825,22.0225],[90.574,22.0139],[90.5671,21.9927],[90.5898,21.9869],[90.5927,21.9961],[90.5825,22.0225]]],[[[90.35,22.045],[90.3492,22.0515],[90.343,22.0443],[90.3467,22.0405],[90.35,22.045]]],[[[90.3668,22.0412],[90.3771,22.0518],[90.3688,22.0493],[90.3668,22.0412]]],[[[90.3882,22.0372],[90.3913,22.0447],[90.3809,22.0535],[90.3646,22.0362],[90.353,22.0086],[90.3395,21.9913],[90.3882,22.0372]]],[[[90.4845,21.9876],[90.4788,22.0327],[90.4662,22.0543],[90.4191,22.0328],[90.3972,22.0098],[90.3561,21.9791],[90.3532,21.9663],[90.3068,21.8832],[90.3134,21.8545],[90.3266,21.8468],[90.3498,21.8494],[90.3625,21.8548],[90.375,21.8683],[90.3765,21.8744],[90.3657,21.8872],[90.3551,21.9156],[90.3717,21.8851],[90.3843,21.873],[90.3932,21.8707],[90.3865,21.8629],[90.4086,21.894],[90.4645,21.9188],[90.4838,21.9368],[90.4984,21.9602],[90.4845,21.9876]]],[[[90.4695,22.0545],[90.4691,22.0573],[90.468,22.0552],[90.4695,22.0545]]],[[[90.3911,22.0392],[90.4073,22.0588],[90.3981,22.0531],[90.3911,22.0392]]],[[[90.4442,22.0545],[90.4482,22.0588],[90.4473,22.0634],[90.4439,22.062],[90.4429,22.0559],[90.4442,22.0545]]],[[[90.4845,22.032],[90.4786,22.0455],[90.4791,22.0648],[90.4751,22.0508],[90.4845,22.032]]],[[[90.452,22.0565],[90.4601,22.0627],[90.4584,22.0679],[90.4512,22.0658],[90.452,22.0565]]],[[[90.3993,22.0552],[90.4261,22.0758],[90.3954,22.0859],[90.3654,22.0614],[90.3402,22.0223],[90.3424,22.0028],[90.3517,22.0104],[90.368,22.0496],[90.382,22.055],[90.3923,22.0474],[90.3993,22.0552]]],[[[90.5346,22.1319],[90.5293,22.1254],[90.5342,22.1275],[90.5346,22.1319]]],[[[90.5004,22.1342],[90.5055,22.1399],[90.4983,22.1383],[90.5004,22.1342]]],[[[90.5833,22.1409],[90.5741,22.1299],[90.5409,22.123],[90.5277,22.1114],[90.5279,22.1238],[90.4851,22.0737],[90.4813,22.0479],[90.4876,22.0257],[90.5055,22.0289],[90.4884,22.0213],[90.4847,22.0138],[90.5041,21.9589],[90.5312,21.9961],[90.5606,22.0239],[90.5786,22.0515],[90.5859,22.0874],[90.581,22.1213],[90.5833,22.1409]]],[[[90.3897,22.1311],[90.3965,22.1345],[90.397,22.1419],[90.39,22.1392],[90.3897,22.1311]]],[[[90.3441,22.1095],[90.3551,22.0985],[90.3618,22.1072],[90.3746,22.1017],[90.379,22.1259],[90.3985,22.1476],[90.3958,22.1646],[90.3994,22.1734],[90.4277,22.1885],[90.4342,22.1867],[90.4331,22.1909],[90.4367,22.1911],[90.4321,22.1815],[90.4042,22.1695],[90.4051,22.1428],[90.388,22.1214],[90.3911,22.0892],[90.432,22.0779],[90.4365,22.0803],[90.4651,22.1091],[90.495,22.1503],[90.4978,22.1588],[90.4889,22.1902],[90.4815,22.2003],[90.4888,22.2192],[90.4707,22.2266],[90.4797,22.235],[90.4739,22.2422],[90.4768,22.2517],[90.4723,22.2563],[90.4786,22.2621],[90.4993,22.2639],[90.4871,22.2846],[90.4892,22.2901],[90.5009,22.2867],[90.5087,22.2772],[90.513,22.2924],[90.511,22.3062],[90.5002,22.3058],[90.4963,22.3281],[90.4899,22.3309],[90.4842,22.3438],[90.4723,22.3472],[90.4702,22.3354],[90.4476,22.3482],[90.4704,22.3251],[90.4574,22.2988],[90.4281,22.2973],[90.4044,22.3027],[90.4019,22.2897],[90.381,22.2974],[90.3773,22.262],[90.3652,22.2628],[90.359,22.2559],[90.3507,22.2669],[90.334,22.2635],[90.3284,22.2454],[90.3345,22.245],[90.3353,22.2383],[90.3431,22.2385],[90.3496,22.2305],[90.3596,22.2317],[90.3582,22.2191],[90.3632,22.2152],[90.3563,22.2058],[90.348,22.2051],[90.351,22.1964],[90.3672,22.2007],[90.3719,22.1977],[90.3659,22.188],[90.3492,22.1801],[90.3366,22.1654],[90.337,22.138],[90.3435,22.1294],[90.3441,22.1095]]]]}},{"type":"Feature","id":"ADM3_Gangachara","properties":{"id":"ADM3_Gangachara","name":"Gangachara","district":"Rangpur"},"geometry":{"type":"Polygon","coordinates":[[[89.2914,25.89],[89.2793,25.8966],[89.2641,25.8904],[89.2589,25.8975],[89.2348,25.9047],[89.2223,25.923],[89.2176,25.9203],[89.2006,25.9456],[89.1921,25.9426],[89.1795,25.9527],[89.1564,25.9536],[89.1418,25.9642],[89.1256,25.9605],[89.1112,25.9669],[89.1021,25.9395],[89.0942,25.9367],[89.1042,25.9347],[89.1002,25.928],[89.1032,25.9112],[89.0976,25.9052],[89.0999,25.8969],[89.1056,25.8968],[89.1163,25.8861],[89.1026,25.8752],[89.1036,25.8675],[89.0963,25.8619],[89.1005,25.8514],[89.0873,25.8459],[89.0881,25.8327],[89.1049,25.8224],[89.1002,25.8184],[89.1053,25.8183],[89.1061,25.8081],[89.1178,25.8008],[89.1183,25.8062],[89.1323,25.8096],[89.1397,25.8194],[89.1559,25.8137],[89.1539,25.819],[89.1683,25.8147],[89.1772,25.822],[89.1747,25.8149],[89.1782,25.8115],[89.1779,25.816],[89.1809,25.8119],[89.1873,25.8185],[89.1911,25.8114],[89.1922,25.8173],[89.1978,25.8187],[89.1895,25.8218],[89.1893,25.8283],[89.2002,25.8362],[89.2099,25.8288],[89.2054,25.8257],[89.2093,25.8209],[89.2347,25.817],[89.2486,25.8258],[89.2554,25.8242],[89.254,25.8185],[89.263,25.8129],[89.268,25.8189],[89.2724,25.8202],[89.2726,25.8148],[89.2842,25.8234],[89.2914,25.817],[89.2984,25.82],[89.3037,25.8158],[89.3024,25.8116],[89.3074,25.8111],[89.3055,25.8078],[89.312,25.8155],[89.3195,25.8162],[89.3214,25.8222],[89.3351,25.8197],[89.3339,25.8255],[89.342,25.8224],[89.3489,25.8259],[89.3346,25.8373],[89.335,25.8496],[89.3279,25.8567],[89.3163,25.8579],[89.2964,25.8759],[89.2914,25.89]]]}},{"type":"Feature","id":"ADM3_Gangni","properties":{"id":"ADM3_Gangni","name":"Gangni","district":"Meherpur"},"geometry":{"type":"Polygon","coordinates":[[[88.859,23.8327],[88.8645,23.8537],[88.8824,23.867],[88.8848,23.874],[88.8814,23.8781],[88.869,23.8784],[88.8528,23.8705],[88.8378,23.8815],[88.8597,23.8828],[88.8728,23.8899],[88.8734,23.9088],[88.8644,23.9225],[88.8427,23.9377],[88.8281,23.9385],[88.8142,23.9286],[88.8097,23.9666],[88.7986,23.9765],[88.7839,23.9696],[88.7786,23.9481],[88.7694,23.9545],[88.7634,23.9693],[88.7345,23.963],[88.7334,23.9575],[88.7424,23.9511],[88.7388,23.9455],[88.7431,23.9297],[88.7349,23.9335],[88.7334,23.9111],[88.7229,23.9164],[88.713,23.9126],[88.7063,23.9164],[88.6995,23.9111],[88.7041,23.8993],[88.6884,23.9016],[88.6827,23.8888],[88.6642,23.8825],[88.6675,23.8696],[88.661,23.8709],[88.6541,23.8656],[88.6422,23.8688],[88.6502,23.8588],[88.6452,23.8414],[88.6531,23.8379],[88.6587,23.8404],[88.6614,23.8362],[88.6695,23.8437],[88.6737,23.8408],[88.6712,23.8471],[88.6748,23.8497],[88.6684,23.8524],[88.6746,23.8558],[88.6945,23.8538],[88.6992,23.8425],[88.6933,23.8395],[88.7041,23.815],[88.699,23.8061],[88.693,23.8079],[88.6937,23.7889],[88.7034,23.7858],[88.7029,23.7596],[88.7109,23.762],[88.729,23.7509],[88.7398,23.755],[88.7424,23.7462],[88.7577,23.7462],[88.7606,23.737],[88.7837,23.7385],[88.7917,23.7721],[88.797,23.7686],[88.8138,23.7736],[88.8177,23.771],[88.8321,23.8143],[88.8437,23.8204],[88.849,23.8318],[88.859,23.8327]]]}},{"type":"Feature","id":"ADM3_Gauripur","properties":{"id":"ADM3_Gauripur","name":"Gauripur","district":"Mymensingh"},"geometry":{"type":"Polygon","coordinates":[[[90.5351,24.891],[90.5258,24.8947],[90.5144,24.8914],[90.5288,24.8708],[90.5202,24.8635],[90.5216,24.8544],[90.5285,24.8515],[90.519,24.8387],[90.5426,24.8357],[90.537,24.8277],[90.547,24.8254],[90.554,24.8115],[90.5469,24.8002],[90.5496,24.7881],[90.5437,24.7785],[90.528,24.784],[90.5239,24.7726],[90.5295,24.7609],[90.5272,24.7492],[90.5185,24.7483],[90.5174,24.7519],[90.501,24.736],[90.4998,24.7433],[90.4942,24.7428],[90.486,24.7347],[90.4856,24.7226],[90.4637,24.7151],[90.4618,24.7105],[90.4523,24.7116],[90.4586,24.6838],[90.4648,24.6804],[90.4596,24.652],[90.4625,24.6368],[90.4804,24.6572],[90.5132,24.6485],[90.4892,24.6823],[90.4938,24.7035],[90.5047,24.7038],[90.5194,24.6945],[90.5414,24.6987],[90.5334,24.6931],[90.5347,24.684],[90.5506,24.6786],[90.5563,24.6847],[90.5623,24.6777],[90.5648,24.6821],[90.566,24.6749],[90.5781,24.6845],[90.584,24.6829],[90.5741,24.694],[90.5767,24.7045],[90.5853,24.7043],[90.5866,24.7088],[90.6159,24.7138],[90.6276,24.7055],[90.6347,24.7128],[90.6379,24.7268],[90.6436,24.7279],[90.6501,24.7114],[90.667,24.7149],[90.6752,24.7114],[90.6755,24.7039],[90.6883,24.7025],[90.6861,24.6969],[90.6937,24.6953],[90.6955,24.7141],[90.7021,24.716],[90.7084,24.7298],[90.7179,24.7273],[90.7243,24.7316],[90.7217,24.7426],[90.7148,24.743],[90.7153,24.7526],[90.6955,24.7578],[90.6955,24.7715],[90.6995,24.7745],[90.7067,24.7731],[90.7096,24.7672],[90.7217,24.7724],[90.7229,24.778],[90.718,24.7828],[90.7056,24.7866],[90.7114,24.7972],[90.7081,24.8015],[90.6698,24.8027],[90.669,24.7983],[90.6487,24.7915],[90.6404,24.7988],[90.6246,24.7955],[90.6217,24.8024],[90.6117,24.8053],[90.6081,24.8143],[90.6008,24.8096],[90.582,24.8116],[90.5787,24.8222],[90.5636,24.8114],[90.5644,24.8172],[90.5772,24.8242],[90.5846,24.8362],[90.588,24.8346],[90.5882,24.8419],[90.5789,24.8443],[90.5734,24.8385],[90.5593,24.8435],[90.5723,24.8565],[90.5679,24.8619],[90.568,24.8706],[90.572,24.8725],[90.5668,24.8772],[90.5681,24.8857],[90.5413,24.8853],[90.5351,24.891]]]}},{"type":"Feature","id":"ADM3_Gaurnadi","properties":{"id":"ADM3_Gaurnadi","name":"Gaurnadi","district":"Barisal"},"geometry":{"type":"Polygon","coordinates":[[[90.222,22.9184],[90.2268,22.9154],[90.2299,22.901],[90.2415,22.8979],[90.2409,22.8905],[90.2511,22.8967],[90.2565,22.8922],[90.266,22.893],[90.2748,22.8993],[90.274,22.8956],[90.2992,22.8853],[90.3089,22.9021],[90.311,22.9175],[90.3271,22.9329],[90.3371,22.9317],[90.3495,22.9106],[90.361,22.9198],[90.3527,22.9415],[90.3038,22.9531],[90.2927,22.9637],[90.2909,22.9725],[90.276,22.974],[90.2566,22.9643],[90.2588,22.9729],[90.2509,22.9754],[90.2394,22.9663],[90.236,22.9681],[90.2295,22.9841],[90.2349,23.0038],[90.2363,23.0452],[90.2138,23.0699],[90.203,23.0632],[90.2012,23.0538],[90.165,23.0676],[90.1578,23.0629],[90.16,23.0591],[90.155,23.0527],[90.1401,23.0544],[90.1353,23.0498],[90.1527,23.0415],[90.1825,23.0464],[90.1873,23.0378],[90.1915,23.0382],[90.1837,23.0263],[90.1903,23.016],[90.1874,23.0084],[90.1946,23.0027],[90.1922,22.998],[90.1844,22.9975],[90.182,22.9902],[90.1888,22.9867],[90.1876,22.9712],[90.1929,22.9584],[90.211,22.9518],[90.2018,22.9409],[90.2036,22.9309],[90.2125,22.9243],[90.2208,22.9257],[90.222,22.9184]]]}},{"type":"Feature","id":"ADM3_Gazaria","properties":{"id":"ADM3_Gazaria","name":"Gazaria","district":"Munshiganj"},"geometry":{"type":"Polygon","coordinates":[[[90.6876,23.5566],[90.6694,23.5711],[90.6472,23.5757],[90.6467,23.5886],[90.6666,23.5889],[90.6531,23.6204],[90.64,23.6172],[90.63,23.6208],[90.6083,23.6003],[90.5645,23.5931],[90.5579,23.5809],[90.5796,23.5379],[90.5649,23.5344],[90.5756,23.5106],[90.577,23.496],[90.6014,23.4981],[90.613,23.4904],[90.6413,23.5037],[90.671,23.4907],[90.6872,23.4904],[90.7073,23.5027],[90.7113,23.512],[90.7004,23.5254],[90.6876,23.5566]]]}},{"type":"Feature","id":"ADM3_GazipurSadar","properties":{"id":"ADM3_GazipurSadar","name":"Gazipur Sadar","district":"Gazipur"},"geometry":{"type":"Polygon","coordinates":[[[90.4163,23.886],[90.4382,23.9011],[90.4578,23.8964],[90.4616,23.8834],[90.4923,23.9155],[90.49,23.9364],[90.5017,23.939],[90.5134,23.9353],[90.5141,23.9589],[90.4904,23.9614],[90.5004,23.9657],[90.5093,23.9622],[90.5149,23.9669],[90.5106,23.9756],[90.4941,23.9873],[90.5027,23.9932],[90.4906,24.0109],[90.4898,24.0144],[90.4948,24.0151],[90.4924,24.0277],[90.4878,24.0138],[90.4739,24.0145],[90.4667,24.0214],[90.46,24.0189],[90.4449,24.0335],[90.4452,24.0593],[90.4197,24.0661],[90.4218,24.0927],[90.4354,24.0862],[90.4491,24.0898],[90.4463,24.1033],[90.4608,24.1036],[90.4529,24.1192],[90.4565,24.1307],[90.467,24.1328],[90.4571,24.1423],[90.4633,24.1529],[90.4541,24.1694],[90.4464,24.1746],[90.4364,24.1737],[90.4311,24.1809],[90.415,24.1782],[90.3978,24.1519],[90.3876,24.1618],[90.3755,24.1583],[90.3719,24.1634],[90.356,24.1624],[90.3465,24.1234],[90.3397,24.1172],[90.3375,24.1013],[90.3327,24.097],[90.3407,24.0892],[90.3363,24.0812],[90.3418,24.0772],[90.3373,24.0691],[90.343,24.0623],[90.3361,24.0579],[90.339,24.0434],[90.3266,24.0339],[90.3119,24.0443],[90.3038,24.0439],[90.3058,24.0342],[90.3126,24.0309],[90.313,24.016],[90.3006,24.0063],[90.2962,24.0159],[90.2903,24.01],[90.26,24.0148],[90.252,24.0003],[90.2559,23.9949],[90.2501,23.9916],[90.262,23.9754],[90.26,23.9712],[90.2697,23.9685],[90.2704,23.9628],[90.2813,23.9674],[90.2978,23.9619],[90.3002,23.9488],[90.3192,23.9506],[90.3174,23.9575],[90.3304,23.9549],[90.3355,23.9479],[90.3397,23.9514],[90.3356,23.954],[90.3408,23.9556],[90.3483,23.9292],[90.3445,23.9024],[90.3519,23.8819],[90.3632,23.8943],[90.3772,23.898],[90.3905,23.8936],[90.3957,23.8802],[90.4163,23.886]]]}},{"type":"Feature","id":"ADM3_Gendaria","properties":{"id":"ADM3_Gendaria","name":"Gendaria","district":"Dhaka"},"geometry":{"type":"Polygon","coordinates":[[[90.426,23.7164],[90.4199,23.717],[90.4171,23.6997],[90.4203,23.696],[90.4292,23.7017],[90.4235,23.7121],[90.426,23.7164]]]}},{"type":"Feature","id":"ADM3_Ghatail","properties":{"id":"ADM3_Ghatail","name":"Ghatail","district":"Tangail"},"geometry":{"type":"Polygon","coordinates":[[[90.2191,24.4485],[90.2116,24.4499],[90.2103,24.4612],[90.2227,24.4617],[90.2254,24.4686],[90.2435,24.4814],[90.2358,24.4868],[90.2273,24.4832],[90.2139,24.4997],[90.2071,24.4973],[90.2036,24.5016],[90.2089,24.5087],[90.192,24.5141],[90.1867,24.5229],[90.1744,24.5178],[90.1693,24.5377],[90.1613,24.5367],[90.1552,24.5496],[90.1196,24.5325],[90.107,24.5194],[90.1091,24.5421],[90.0985,24.5587],[90.0813,24.5559],[90.0788,24.5495],[90.0728,24.5511],[90.0711,24.5431],[90.0566,24.5492],[90.0491,24.5458],[90.0436,24.5525],[90.041,24.5464],[90.0206,24.542],[90.0092,24.5491],[90.0163,24.5613],[90.0042,24.5622],[90.002,24.5579],[89.9864,24.5715],[89.9805,24.5602],[89.9749,24.5598],[89.9787,24.5546],[89.9738,24.5474],[89.9603,24.5434],[89.9613,24.5324],[89.9549,24.5287],[89.9582,24.5257],[89.9501,24.5229],[89.9545,24.5164],[89.949,24.5173],[89.942,24.5064],[89.9421,24.4974],[89.934,24.4904],[89.8973,24.4885],[89.8809,24.4787],[89.8797,24.4856],[89.8746,24.4872],[89.8736,24.4825],[89.8769,24.4625],[89.8818,24.4618],[89.8852,24.4465],[89.8943,24.4358],[89.8851,24.4328],[89.8911,24.4187],[89.8973,24.421],[89.8981,24.4174],[89.913,24.4142],[89.9193,24.4195],[89.9221,24.4037],[89.9413,24.4081],[89.9492,24.4008],[89.9493,24.3936],[89.961,24.3963],[89.9691,24.3892],[89.9719,24.3951],[89.9841,24.3897],[89.9844,24.3976],[89.9937,24.3926],[89.994,24.4013],[90.0069,24.3962],[90.0078,24.4037],[90.0129,24.4028],[90.0154,24.3935],[90.0284,24.3998],[90.0334,24.3974],[90.032,24.4077],[90.0359,24.4097],[90.042,24.4033],[90.0518,24.405],[90.068,24.3964],[90.078,24.4055],[90.076,24.419],[90.1073,24.4258],[90.1239,24.4161],[90.1236,24.4211],[90.1361,24.4244],[90.1684,24.4201],[90.1747,24.429],[90.2038,24.432],[90.2219,24.42],[90.2293,24.4199],[90.2207,24.4343],[90.2191,24.4485]]]}},{"type":"Feature","id":"ADM3_Ghior","properties":{"id":"ADM3_Ghior","name":"Ghior","district":"Manikganj"},"geometry":{"type":"Polygon","coordinates":[[[89.819,23.8958],[89.8151,23.8697],[89.826,23.8666],[89.8204,23.8489],[89.8343,23.8526],[89.8451,23.8492],[89.8504,23.8594],[89.8569,23.8619],[89.8569,23.8559],[89.8638,23.8638],[89.8694,23.8607],[89.8798,23.8729],[89.8899,23.8706],[89.8944,23.862],[89.8877,23.8507],[89.8903,23.8463],[89.8961,23.8473],[89.8929,23.8445],[89.8966,23.8369],[89.9176,23.8384],[89.9131,23.8298],[89.9191,23.8202],[89.9277,23.8257],[89.9239,23.8181],[89.9318,23.807],[89.9254,23.7996],[89.9455,23.7981],[89.9495,23.7941],[89.9431,23.7891],[89.9582,23.7866],[89.9808,23.7855],[89.9878,23.7936],[89.9842,23.8142],[89.961,23.8138],[89.966,23.8183],[89.9654,23.8297],[89.9716,23.8314],[89.9673,23.838],[89.9757,23.8439],[89.9585,23.8426],[89.963,23.8585],[89.9612,23.8664],[89.9584,23.8636],[89.9524,23.8689],[89.9515,23.8822],[89.9557,23.8838],[89.9486,23.9063],[89.9448,23.9041],[89.9429,23.9083],[89.9484,23.9148],[89.941,23.9287],[89.9326,23.9265],[89.9297,23.9318],[89.9201,23.9276],[89.8937,23.9333],[89.8924,23.9393],[89.8848,23.9401],[89.8706,23.9409],[89.8675,23.9336],[89.8509,23.9363],[89.8409,23.9206],[89.8418,23.8986],[89.8304,23.8928],[89.819,23.8958]]]}},{"type":"Feature","id":"ADM3_Ghoraghat","properties":{"id":"ADM3_Ghoraghat","name":"Ghoraghat","district":"Dinajpur"},"geometry":{"type":"Polygon","coordinates":[[[89.2807,25.3013],[89.2658,25.3131],[89.2568,25.3108],[89.2654,25.3187],[89.2632,25.3232],[89.2547,25.3155],[89.2378,25.3191],[89.2358,25.326],[89.2454,25.3341],[89.2352,25.333],[89.2309,25.3384],[89.2267,25.3304],[89.2213,25.3323],[89.2305,25.3471],[89.2378,25.3397],[89.2339,25.3454],[89.2461,25.3523],[89.2331,25.3528],[89.2377,25.3573],[89.2355,25.3657],[89.2302,25.3663],[89.2318,25.361],[89.2252,25.3579],[89.222,25.359],[89.2254,25.3647],[89.2097,25.3645],[89.1988,25.3585],[89.199,25.347],[89.1966,25.3509],[89.1879,25.3489],[89.1844,25.3388],[89.1768,25.3382],[89.1762,25.3312],[89.166,25.3306],[89.1643,25.3214],[89.1514,25.3164],[89.1503,25.3085],[89.1416,25.3033],[89.1488,25.2969],[89.1455,25.2918],[89.1505,25.2811],[89.1364,25.2781],[89.1445,25.2746],[89.1398,25.2728],[89.1434,25.2631],[89.1388,25.255],[89.1592,25.2529],[89.1615,25.2502],[89.156,25.2471],[89.1733,25.2399],[89.1747,25.2345],[89.1873,25.2358],[89.1905,25.2407],[89.1969,25.2381],[89.1964,25.2308],[89.2046,25.2285],[89.2166,25.2366],[89.2459,25.2237],[89.2741,25.2237],[89.2724,25.2306],[89.2983,25.2223],[89.3037,25.2297],[89.2977,25.2311],[89.2899,25.2428],[89.2871,25.2573],[89.2725,25.2652],[89.2746,25.2684],[89.2666,25.2801],[89.2559,25.2852],[89.2734,25.2918],[89.2658,25.2951],[89.2684,25.3005],[89.2807,25.3013]]]}},{"type":"Feature","id":"ADM3_Goalandaghat","properties":{"id":"ADM3_Goalandaghat","name":"Goalandaghat","district":"Rajbari"},"geometry":{"type":"Polygon","coordinates":[[[89.6799,23.8114],[89.6869,23.8023],[89.7103,23.7924],[89.7162,23.7833],[89.7085,23.7814],[89.7095,23.7781],[89.7256,23.7708],[89.7181,23.7382],[89.7189,23.7233],[89.7287,23.7127],[89.7202,23.7148],[89.7209,23.705],[89.7346,23.7021],[89.7461,23.6929],[89.7547,23.6765],[89.7898,23.6829],[89.7942,23.6879],[89.7912,23.7114],[89.8105,23.7213],[89.8406,23.7093],[89.8464,23.7011],[89.8442,23.713],[89.8649,23.7189],[89.8358,23.751],[89.7804,23.7983],[89.7709,23.8333],[89.7327,23.8354],[89.6958,23.8145],[89.6799,23.8114]]]}},{"type":"Feature","id":"ADM3_Gobindaganj","properties":{"id":"ADM3_Gobindaganj","name":"Gobindaganj","district":"Gaibandha"},"geometry":{"type":"Polygon","coordinates":[[[89.2046,25.2285],[89.1946,25.2169],[89.1924,25.1938],[89.1841,25.1844],[89.1952,25.1823],[89.1978,25.1708],[89.2042,25.1665],[89.2167,25.1646],[89.2233,25.1544],[89.2169,25.145],[89.2327,25.1424],[89.2481,25.1178],[89.2516,25.0973],[89.2638,25.0976],[89.264,25.093],[89.2801,25.0876],[89.2974,25.117],[89.3173,25.1159],[89.3223,25.1221],[89.3321,25.1229],[89.34,25.11],[89.3313,25.0999],[89.3368,25.1014],[89.3398,25.0974],[89.345,25.101],[89.3533,25.0891],[89.3597,25.089],[89.3555,25.0814],[89.3601,25.0664],[89.3695,25.0677],[89.3808,25.0603],[89.3887,25.0472],[89.3914,25.0665],[89.4033,25.0676],[89.3989,25.0788],[89.4096,25.0774],[89.4132,25.0831],[89.4226,25.0754],[89.4258,25.0651],[89.4296,25.0733],[89.4413,25.0689],[89.4448,25.0705],[89.4421,25.0734],[89.4525,25.0757],[89.4491,25.0615],[89.4526,25.0556],[89.4533,25.0655],[89.4651,25.0613],[89.4625,25.0545],[89.4721,25.055],[89.4746,25.0617],[89.4878,25.0617],[89.4929,25.0507],[89.5095,25.0423],[89.5205,25.0402],[89.5303,25.0463],[89.5244,25.0465],[89.5236,25.056],[89.5161,25.0591],[89.5178,25.0644],[89.5148,25.0604],[89.509,25.0629],[89.507,25.0679],[89.5102,25.0659],[89.5128,25.0742],[89.4985,25.0753],[89.5014,25.0854],[89.4951,25.0913],[89.5032,25.0889],[89.5031,25.0959],[89.512,25.1051],[89.507,25.1109],[89.5094,25.1134],[89.5054,25.1122],[89.5071,25.1234],[89.491,25.1305],[89.4984,25.1325],[89.5003,25.1381],[89.4951,25.1364],[89.4935,25.1441],[89.4934,25.1367],[89.4886,25.1367],[89.4859,25.1399],[89.4914,25.1483],[89.4859,25.1531],[89.4929,25.1614],[89.4891,25.1734],[89.4972,25.1833],[89.5014,25.1825],[89.5006,25.1922],[89.5093,25.1963],[89.5037,25.1976],[89.4963,25.2091],[89.4862,25.2081],[89.4904,25.2311],[89.4869,25.2248],[89.4709,25.2276],[89.4801,25.2323],[89.4801,25.2436],[89.4409,25.2429],[89.437,25.2534],[89.4337,25.2468],[89.4261,25.2503],[89.4301,25.245],[89.4217,25.24],[89.4259,25.2308],[89.4065,25.2295],[89.404,25.2381],[89.3977,25.238],[89.3873,25.2286],[89.3814,25.2308],[89.3811,25.2261],[89.3741,25.2247],[89.3745,25.2359],[89.3633,25.2415],[89.3672,25.2506],[89.3537,25.2487],[89.3476,25.2541],[89.3604,25.2343],[89.3551,25.2267],[89.3631,25.2155],[89.3612,25.2127],[89.3464,25.2209],[89.3437,25.2108],[89.3345,25.2124],[89.3127,25.2303],[89.3037,25.2297],[89.2983,25.2223],[89.2724,25.2306],[89.2741,25.2237],[89.2459,25.2237],[89.2166,25.2366],[89.2046,25.2285]]]}},{"type":"Feature","id":"ADM3_Godagari","properties":{"id":"ADM3_Godagari","name":"Godagari","district":"Rajshahi"},"geometry":{"type":"Polygon","coordinates":[[[88.3969,24.604],[88.3881,24.5995],[88.3712,24.6028],[88.3691,24.5945],[88.3594,24.6029],[88.345,24.586],[88.3325,24.5872],[88.3183,24.5692],[88.3075,24.5709],[88.3065,24.5641],[88.3005,24.5649],[88.3121,24.5212],[88.304,24.4939],[88.3052,24.4815],[88.315,24.4617],[88.3309,24.4476],[88.3275,24.4378],[88.3204,24.4373],[88.2917,24.4164],[88.3283,24.385],[88.3452,24.3766],[88.3894,24.3719],[88.4303,24.3838],[88.47,24.3641],[88.4719,24.3724],[88.4798,24.3759],[88.4786,24.385],[88.4839,24.3929],[88.5098,24.3864],[88.5123,24.3995],[88.5217,24.4049],[88.514,24.428],[88.5167,24.4323],[88.5213,24.4289],[88.5255,24.4345],[88.5324,24.4345],[88.5295,24.4551],[88.5343,24.4598],[88.5282,24.4641],[88.5197,24.4604],[88.5117,24.4627],[88.5145,24.4665],[88.5067,24.4727],[88.5211,24.475],[88.5098,24.4828],[88.5057,24.4957],[88.5084,24.5032],[88.5152,24.5023],[88.5141,24.4923],[88.5218,24.4875],[88.5314,24.4889],[88.533,24.4944],[88.5401,24.4933],[88.5327,24.5046],[88.5332,24.5137],[88.5436,24.5141],[88.545,24.5226],[88.5527,24.5282],[88.5413,24.5353],[88.5342,24.5303],[88.5308,24.5402],[88.5346,24.5524],[88.528,24.5549],[88.5135,24.5476],[88.4975,24.5563],[88.4929,24.5543],[88.4532,24.5823],[88.4576,24.5915],[88.4479,24.5954],[88.4397,24.5901],[88.4352,24.5991],[88.4229,24.5993],[88.4105,24.5914],[88.3969,24.604]]]}},{"type":"Feature","id":"ADM3_Golabganj","properties":{"id":"ADM3_Golabganj","name":"Golabganj","district":"Sylhet"},"geometry":{"type":"Polygon","coordinates":[[[92.0801,24.7662],[92.0757,24.7769],[92.0677,24.7777],[92.0717,24.7819],[92.067,24.7868],[92.0712,24.7933],[92.0775,24.7818],[92.0841,24.7828],[92.0789,24.7955],[92.0813,24.8005],[92.0911,24.8016],[92.0866,24.8064],[92.0923,24.8067],[92.0852,24.8104],[92.0852,24.8158],[92.0975,24.8229],[92.0939,24.8284],[92.1048,24.8411],[92.0995,24.8501],[92.0913,24.8519],[92.0914,24.8619],[92.1003,24.8644],[92.0987,24.8711],[92.0864,24.8707],[92.0848,24.8634],[92.0688,24.8653],[92.0743,24.8755],[92.0684,24.8799],[92.0681,24.889],[92.0722,24.8897],[92.0649,24.8927],[92.0682,24.899],[92.0553,24.8882],[92.0338,24.888],[92.03,24.884],[92.0193,24.888],[92.0301,24.9042],[92.0264,24.9104],[92.0317,24.9134],[92.0198,24.9277],[92.0001,24.9109],[91.989,24.9086],[91.9667,24.8856],[91.9526,24.8926],[91.9392,24.8877],[91.9416,24.8771],[91.9377,24.8644],[91.9271,24.8668],[91.9326,24.8519],[91.9194,24.8421],[91.9315,24.8371],[91.9333,24.8211],[91.941,24.8119],[91.9576,24.8151],[91.9626,24.8128],[91.9629,24.8058],[91.9669,24.808],[91.9627,24.7951],[91.9706,24.7912],[91.9584,24.7808],[91.9567,24.7591],[91.9644,24.7572],[91.9645,24.7495],[91.9581,24.7461],[91.9661,24.731],[91.9791,24.7297],[91.9857,24.734],[91.9896,24.7255],[91.9965,24.7257],[91.9856,24.7154],[92.0117,24.7126],[92.0311,24.6995],[92.0399,24.7068],[92.0393,24.7001],[92.0488,24.6973],[92.0597,24.7102],[92.0577,24.7286],[92.0629,24.7266],[92.0633,24.7184],[92.0757,24.7179],[92.0805,24.7235],[92.0778,24.7283],[92.0826,24.732],[92.0843,24.7464],[92.0773,24.7492],[92.0801,24.7662]]]}},{"type":"Feature","id":"ADM3_Gomastapur","properties":{"id":"ADM3_Gomastapur","name":"Gomastapur","district":"Nawabganj"},"geometry":{"type":"Polygon","coordinates":[[[88.2337,24.8059],[88.2395,24.7908],[88.2279,24.7724],[88.2201,24.7695],[88.2319,24.7637],[88.2598,24.7625],[88.2716,24.7458],[88.2944,24.7589],[88.3021,24.7494],[88.3147,24.75],[88.3301,24.7402],[88.3347,24.7422],[88.3373,24.7583],[88.325,24.7731],[88.332,24.7978],[88.3566,24.8057],[88.3617,24.8014],[88.3766,24.8029],[88.3882,24.8098],[88.3831,24.8203],[88.3847,24.8304],[88.4008,24.829],[88.4025,24.8325],[88.3964,24.836],[88.4067,24.8382],[88.4058,24.8445],[88.4121,24.8479],[88.4153,24.843],[88.4251,24.8481],[88.4265,24.8421],[88.4363,24.8394],[88.4423,24.8468],[88.4574,24.8459],[88.4594,24.8484],[88.4461,24.8558],[88.4499,24.8614],[88.4596,24.8594],[88.4746,24.8445],[88.4759,24.863],[88.4945,24.8806],[88.4848,24.8993],[88.4941,24.9067],[88.4929,24.9247],[88.4713,24.9381],[88.4518,24.9316],[88.4591,24.9234],[88.4573,24.9176],[88.4401,24.9205],[88.4313,24.9345],[88.4362,24.957],[88.4273,24.9652],[88.3995,24.9597],[88.3929,24.9649],[88.4018,24.9509],[88.395,24.9417],[88.3884,24.9438],[88.3836,24.9388],[88.365,24.9462],[88.3658,24.9533],[88.3587,24.9534],[88.3547,24.9423],[88.3497,24.945],[88.3398,24.9397],[88.338,24.9264],[88.3342,24.9267],[88.3365,24.9186],[88.3247,24.9185],[88.328,24.9043],[88.3345,24.9037],[88.3327,24.8973],[88.3439,24.8997],[88.3468,24.8925],[88.333,24.8709],[88.3213,24.8756],[88.3206,24.8836],[88.3122,24.8817],[88.3032,24.8718],[88.2981,24.8808],[88.302,24.8859],[88.2914,24.8895],[88.2856,24.8865],[88.2813,24.8909],[88.2781,24.8882],[88.2762,24.8981],[88.2689,24.8913],[88.2672,24.8784],[88.2573,24.8772],[88.2556,24.8691],[88.2626,24.862],[88.2572,24.8415],[88.2488,24.8419],[88.2398,24.8578],[88.2327,24.8607],[88.2379,24.8351],[88.244,24.8312],[88.2452,24.8238],[88.2434,24.8143],[88.2337,24.8059]]]}},{"type":"Feature","id":"ADM3_GopalganjSadar","properties":{"id":"ADM3_GopalganjSadar","name":"Gopalganj Sadar","district":"Gopalganj"},"geometry":{"type":"Polygon","coordinates":[[[89.9732,23.1813],[89.9705,23.1888],[89.9624,23.1878],[89.9582,23.1935],[89.9654,23.2092],[89.9486,23.1914],[89.9249,23.1818],[89.9256,23.171],[89.9183,23.1581],[89.9211,23.1433],[89.9124,23.1411],[89.9064,23.1301],[89.864,23.1221],[89.8555,23.1226],[89.8526,23.1279],[89.8415,23.1232],[89.8347,23.1057],[89.832,23.11],[89.8259,23.108],[89.8252,23.0941],[89.8143,23.0849],[89.8048,23.0875],[89.8019,23.0813],[89.7849,23.0872],[89.7814,23.0951],[89.7858,23.1171],[89.7815,23.1357],[89.7506,23.1276],[89.7446,23.1323],[89.7049,23.1135],[89.6874,23.1323],[89.6784,23.1332],[89.6727,23.1227],[89.6906,23.0987],[89.7365,23.0719],[89.729,23.0545],[89.7468,23.0486],[89.7613,23.0087],[89.7971,22.996],[89.7927,22.9795],[89.8018,22.9715],[89.8064,22.9592],[89.801,22.9413],[89.8169,22.9364],[89.838,22.9168],[89.832,22.9357],[89.8343,22.9628],[89.8603,22.9593],[89.868,22.9678],[89.8784,22.9585],[89.8871,22.9579],[89.8927,22.9644],[89.9024,22.9647],[89.9015,22.9716],[89.8895,22.9789],[89.8745,22.9807],[89.8901,23.0015],[89.9119,22.9923],[89.9201,22.9932],[89.9224,23.0054],[89.9344,23.007],[89.9403,23.0153],[89.9553,23.0152],[89.961,23.0245],[89.9684,23.1098],[89.9361,23.1182],[89.9409,23.1249],[89.9436,23.1572],[89.9489,23.1577],[89.9491,23.1623],[89.9631,23.1609],[89.9732,23.1813]]]}},{"type":"Feature","id":"ADM3_Gopalpur","properties":{"id":"ADM3_Gopalpur","name":"Gopalpur","district":"Tangail"},"geometry":{"type":"Polygon","coordinates":[[[89.8797,24.4856],[89.8809,24.4787],[89.8973,24.4885],[89.9302,24.489],[89.9421,24.4974],[89.942,24.5064],[89.949,24.5173],[89.9545,24.5164],[89.9501,24.5229],[89.9582,24.5257],[89.9549,24.5287],[89.9613,24.5324],[89.9603,24.5434],[89.9738,24.5474],[89.9787,24.5546],[89.9749,24.5598],[89.9805,24.5602],[89.9863,24.5686],[89.9844,24.5738],[89.9927,24.5869],[89.9821,24.59],[89.9813,24.5978],[89.9682,24.5993],[89.9626,24.6061],[89.9564,24.603],[89.9541,24.5952],[89.9537,24.6001],[89.9464,24.5973],[89.9397,24.6087],[89.9455,24.6073],[89.9414,24.6179],[89.9469,24.633],[89.9405,24.6358],[89.945,24.6442],[89.9275,24.6457],[89.9302,24.6519],[89.925,24.6476],[89.913,24.6504],[89.9088,24.657],[89.8981,24.6437],[89.9043,24.6392],[89.9044,24.6308],[89.8896,24.6297],[89.8847,24.6345],[89.8798,24.631],[89.8717,24.6407],[89.8642,24.633],[89.8477,24.638],[89.8425,24.6316],[89.8532,24.6198],[89.8418,24.6238],[89.8421,24.6147],[89.8361,24.6125],[89.8368,24.6084],[89.8271,24.6086],[89.8352,24.603],[89.8231,24.5952],[89.8281,24.5867],[89.8213,24.5875],[89.8159,24.5807],[89.81,24.5836],[89.8113,24.5776],[89.842,24.5695],[89.8421,24.5582],[89.8269,24.5501],[89.8307,24.5492],[89.8356,24.529],[89.8553,24.5252],[89.854,24.5379],[89.8603,24.5269],[89.8641,24.5368],[89.8698,24.5331],[89.8834,24.5365],[89.8822,24.5439],[89.8932,24.5413],[89.886,24.5237],[89.8766,24.5219],[89.8851,24.5088],[89.8932,24.5077],[89.8927,24.4974],[89.8858,24.4959],[89.8797,24.4856]]]}},{"type":"Feature","id":"ADM3_Gosairhat","properties":{"id":"ADM3_Gosairhat","name":"Gosairhat","district":"Shariatpur"},"geometry":{"type":"MultiPolygon","coordinates":[[[[90.4517,23.0063],[90.4532,23.0041],[90.4584,23.004],[90.4567,23.0061],[90.4517,23.0063]]],[[[90.4575,23.0105],[90.4591,23.0138],[90.4525,23.0119],[90.4575,23.0105]]],[[[90.4757,23.0076],[90.4892,23.014],[90.4898,23.0225],[90.4777,23.0163],[90.4757,23.0076]]],[[[90.5358,23.071],[90.5354,23.0754],[90.5324,23.0713],[90.5358,23.071]]],[[[90.5282,23.0716],[90.5276,23.0826],[90.5224,23.0721],[90.5282,23.0716]]],[[[90.5517,23.1004],[90.5534,23.106],[90.5432,23.0947],[90.5405,23.097],[90.5191,23.0835],[90.515,23.0863],[90.5156,23.0804],[90.5198,23.0767],[90.5223,23.0829],[90.5432,23.093],[90.5413,23.0869],[90.5517,23.1004]]],[[[90.4863,23.1568],[90.5011,23.135],[90.4564,23.1029],[90.4556,23.0983],[90.4469,23.0969],[90.4448,23.1045],[90.432,23.1072],[90.4136,23.1007],[90.4112,23.1052],[90.3926,23.1049],[90.3734,23.1],[90.3714,23.1066],[90.3572,23.1059],[90.3524,23.1041],[90.3444,23.0766],[90.3362,23.0696],[90.3488,23.0567],[90.3834,23.0563],[90.3846,23.0511],[90.4216,23.0399],[90.4232,23.0315],[90.4076,23.0171],[90.4079,23.0071],[90.4574,23.0154],[90.46,23.0292],[90.4624,23.0191],[90.4766,23.025],[90.4964,23.0393],[90.4978,23.0488],[90.4874,23.0502],[90.4826,23.0656],[90.4985,23.069],[90.5031,23.0885],[90.5134,23.1028],[90.5563,23.1352],[90.5641,23.1465],[90.5549,23.1638],[90.548,23.1476],[90.533,23.1426],[90.5271,23.1426],[90.5253,23.1482],[90.5016,23.1525],[90.5083,23.1634],[90.4863,23.1568]]]]}},{"type":"Feature","id":"ADM3_Gowainghat","properties":{"id":"ADM3_Gowainghat","name":"Gowainghat","district":"Sylhet"},"geometry":{"type":"Polygon","coordinates":[[[91.809,25.0114],[91.82,25.0054],[91.832,24.9888],[91.8296,24.9841],[91.8433,24.9823],[91.8532,24.9921],[91.8804,24.987],[91.8807,24.9923],[91.8909,24.9958],[91.9033,25.0121],[91.9191,25.0104],[91.9196,25.0027],[91.9317,24.9925],[91.9411,24.9586],[91.9536,24.9566],[91.959,24.9723],[91.9761,24.9683],[91.9748,24.976],[91.9813,24.9799],[91.9906,24.9722],[91.9914,24.9785],[91.9995,24.9822],[92.0048,25.0071],[92.0156,25.0077],[92.0156,25.0119],[92.0236,25.0151],[92.0199,25.0195],[92.0296,25.0205],[92.0448,25.0349],[92.0513,25.0354],[92.0469,25.0282],[92.0496,25.0187],[92.0545,25.0221],[92.0541,25.0171],[92.0649,25.0161],[92.0727,25.0201],[92.0841,25.0362],[92.075,25.0426],[92.0746,25.0549],[92.0975,25.0675],[92.0955,25.074],[92.1203,25.0892],[92.1136,25.094],[92.0892,25.0899],[92.0886,25.1071],[92.0711,25.1231],[92.071,25.1327],[92.0507,25.1402],[92.0492,25.1575],[92.0624,25.1643],[92.0591,25.1758],[92.0539,25.1784],[92.057,25.1867],[92.028,25.1836],[92.0261,25.1793],[92.0169,25.1862],[92.0034,25.1862],[91.9805,25.1718],[91.9162,25.1815],[91.8844,25.1772],[91.8806,25.173],[91.8759,25.1775],[91.8488,25.1736],[91.8457,25.1588],[91.8497,25.1522],[91.8436,25.1368],[91.857,25.1221],[91.8491,25.1107],[91.8571,25.1046],[91.8432,25.0927],[91.8527,25.0905],[91.8581,25.0835],[91.8425,25.0557],[91.8502,25.0489],[91.855,25.0266],[91.843,25.0264],[91.838,25.0148],[91.8344,25.0194],[91.8118,25.0187],[91.809,25.0114]]]}},{"type":"Feature","id":"ADM3_Gulshan","properties":{"id":"ADM3_Gulshan","name":"Gulshan","district":"Dhaka"},"geometry":{"type":"Polygon","coordinates":[[[90.4153,23.811],[90.4155,23.8064],[90.4011,23.7987],[90.3978,23.7781],[90.4,23.7733],[90.4176,23.7698],[90.422,23.7888],[90.426,23.7905],[90.4211,23.8119],[90.4153,23.811]]]}},{"type":"Feature","id":"ADM3_Gurudaspur","properties":{"id":"ADM3_Gurudaspur","name":"Gurudaspur","district":"Natore"},"geometry":{"type":"Polygon","coordinates":[[[89.2864,24.3237],[89.2873,24.3308],[89.2969,24.3308],[89.3029,24.3376],[89.3104,24.3355],[89.3197,24.3508],[89.3131,24.351],[89.3001,24.3671],[89.2933,24.3648],[89.2834,24.3791],[89.2876,24.4002],[89.2833,24.4032],[89.2851,24.4205],[89.2676,24.4278],[89.2527,24.4238],[89.2472,24.4271],[89.2484,24.4331],[89.2401,24.4364],[89.2409,24.442],[89.2322,24.4407],[89.2112,24.4245],[89.2163,24.4131],[89.2041,24.409],[89.171,24.4146],[89.169,24.4011],[89.1467,24.412],[89.1336,24.4098],[89.1297,24.4167],[89.1188,24.4092],[89.1008,24.4079],[89.102,24.3954],[89.0902,24.3913],[89.0962,24.3896],[89.0941,24.3822],[89.0775,24.3742],[89.0827,24.3689],[89.0676,24.3581],[89.0819,24.3502],[89.0867,24.355],[89.0934,24.3495],[89.0938,24.3549],[89.0988,24.3534],[89.0931,24.3464],[89.0809,24.3449],[89.0846,24.3378],[89.0941,24.3338],[89.1138,24.3447],[89.1191,24.3401],[89.1558,24.335],[89.1638,24.3381],[89.1636,24.3531],[89.1744,24.3495],[89.1962,24.3516],[89.1976,24.3412],[89.2344,24.3268],[89.2338,24.316],[89.2459,24.3046],[89.2655,24.3058],[89.2692,24.3214],[89.276,24.3288],[89.2864,24.3237]]]}},{"type":"Feature","id":"ADM3_HabiganjSadar","properties":{"id":"ADM3_HabiganjSadar","name":"Habiganj Sadar","district":"Habiganj"},"geometry":{"type":"Polygon","coordinates":[[[91.4933,24.4469],[91.4733,24.4506],[91.4771,24.4547],[91.4621,24.4541],[91.4532,24.4373],[91.4618,24.4348],[91.4606,24.4241],[91.4546,24.4229],[91.4458,24.43],[91.4613,24.4114],[91.4512,24.4064],[91.4429,24.4165],[91.4339,24.4154],[91.4405,24.406],[91.4275,24.3965],[91.4215,24.4026],[91.414,24.3893],[91.4061,24.4002],[91.4028,24.3981],[91.4056,24.389],[91.395,24.3983],[91.3947,24.3904],[91.3733,24.403],[91.3668,24.3974],[91.3767,24.3961],[91.3807,24.3906],[91.3563,24.3922],[91.3356,24.3866],[91.3283,24.3804],[91.3337,24.3664],[91.3193,24.3722],[91.3082,24.3648],[91.3231,24.3517],[91.3366,24.3484],[91.3441,24.3538],[91.3464,24.3494],[91.3411,24.3374],[91.3459,24.3206],[91.3359,24.2955],[91.3407,24.2879],[91.3388,24.2666],[91.3461,24.265],[91.3468,24.2585],[91.3736,24.2613],[91.3751,24.2676],[91.3765,24.2565],[91.3818,24.2559],[91.386,24.2695],[91.3924,24.2696],[91.4129,24.2485],[91.423,24.2526],[91.4406,24.2492],[91.4481,24.2523],[91.4442,24.2609],[91.4671,24.2666],[91.4708,24.2747],[91.4806,24.2708],[91.4867,24.2765],[91.4912,24.2852],[91.4874,24.2945],[91.4935,24.2952],[91.4893,24.298],[91.4918,24.3045],[91.4791,24.3107],[91.4808,24.316],[91.4704,24.3285],[91.4713,24.3387],[91.4881,24.3547],[91.484,24.3575],[91.4866,24.3707],[91.4818,24.3783],[91.4766,24.3776],[91.4773,24.3907],[91.4851,24.3964],[91.476,24.398],[91.4731,24.4084],[91.4836,24.4351],[91.5028,24.4335],[91.4993,24.4447],[91.4933,24.4469]]]}},{"type":"Feature","id":"ADM3_HaimChar","properties":{"id":"ADM3_HaimChar","name":"Haim Char","district":"Chandpur"},"geometry":{"type":"MultiPolygon","coordinates":[[[[90.6124,23.0168],[90.6172,23.0299],[90.614,23.036],[90.6124,23.0168]]],[[[90.6017,23.0099],[90.6004,23.0186],[90.6084,23.0292],[90.5989,23.0347],[90.5948,23.047],[90.5894,23.0415],[90.5934,23.0392],[90.5957,23.0204],[90.59,23.031],[90.5896,23.0249],[90.6017,23.0099]]],[[[90.5887,23.0254],[90.5802,23.0579],[90.5689,23.0576],[90.5668,23.0435],[90.5887,23.0254]]],[[[90.5656,23.0449],[90.5675,23.0578],[90.5816,23.0618],[90.5768,23.0736],[90.5825,23.063],[90.5864,23.0672],[90.5777,23.0866],[90.5678,23.0867],[90.5483,23.0597],[90.5656,23.0449]]],[[[90.5903,23.096],[90.5893,23.1086],[90.5742,23.0907],[90.5784,23.0877],[90.5903,23.096]]],[[[90.5987,23.1102],[90.5931,23.1089],[90.5985,23.097],[90.58,23.0866],[90.5886,23.0719],[90.5838,23.0519],[90.5949,23.0482],[90.6094,23.0334],[90.613,23.063],[90.6165,23.0512],[90.6185,23.0543],[90.6198,23.0772],[90.6156,23.093],[90.5987,23.1102]]],[[[90.5789,23.1126],[90.5733,23.1112],[90.5739,23.0985],[90.5871,23.1088],[90.5789,23.1126]]],[[[90.6405,23.1247],[90.6437,23.117],[90.6457,23.1235],[90.6405,23.1247]]],[[[90.6468,23.1239],[90.6502,23.1239],[90.6494,23.1189],[90.6432,23.1081],[90.6465,22.9844],[90.6628,23.0076],[90.6608,23.0132],[90.6697,23.0155],[90.6578,23.0234],[90.6666,23.0315],[90.6625,23.0507],[90.6904,23.0631],[90.6807,23.0825],[90.6841,23.0914],[90.6763,23.0994],[90.6763,23.1048],[90.6826,23.1081],[90.6835,23.135],[90.6729,23.136],[90.6677,23.125],[90.6468,23.1239]]],[[[90.5641,23.1465],[90.5602,23.1427],[90.5563,23.1352],[90.5677,23.1468],[90.5669,23.1491],[90.5641,23.1465]]]]}},{"type":"Feature","id":"ADM3_Hajiganj","properties":{"id":"ADM3_Hajiganj","name":"Hajiganj","district":"Chandpur"},"geometry":{"type":"Polygon","coordinates":[[[90.7878,23.2236],[90.7978,23.2152],[90.8042,23.223],[90.8149,23.2252],[90.8214,23.2249],[90.8227,23.2157],[90.8279,23.218],[90.829,23.2129],[90.8362,23.2182],[90.8413,23.2013],[90.8477,23.1997],[90.8485,23.1939],[90.8605,23.1922],[90.8646,23.1867],[90.872,23.1885],[90.8699,23.1813],[90.874,23.1734],[90.8915,23.172],[90.902,23.1623],[90.8996,23.1846],[90.9084,23.1923],[90.9077,23.2012],[90.9316,23.2108],[90.9274,23.2171],[90.9325,23.2205],[90.9188,23.22],[90.8951,23.2374],[90.881,23.2382],[90.8746,23.2439],[90.8896,23.249],[90.8981,23.2617],[90.9103,23.2627],[90.9087,23.2736],[90.9139,23.2801],[90.9079,23.2846],[90.9124,23.2865],[90.9124,23.2958],[90.8975,23.2942],[90.8892,23.3084],[90.8735,23.3052],[90.8652,23.3195],[90.8442,23.3164],[90.8295,23.3333],[90.8219,23.3308],[90.8203,23.3347],[90.7911,23.3261],[90.7719,23.3336],[90.7551,23.3323],[90.7552,23.3287],[90.7481,23.3319],[90.7549,23.3115],[90.7458,23.3069],[90.7409,23.3108],[90.7435,23.3012],[90.7383,23.2947],[90.7426,23.2872],[90.7491,23.29],[90.7616,23.2861],[90.7632,23.2636],[90.7593,23.2579],[90.775,23.2515],[90.7756,23.2432],[90.7938,23.2393],[90.7878,23.2236]]]}},{"type":"Feature","id":"ADM3_Hakimpur","properties":{"id":"ADM3_Hakimpur","name":"Hakimpur","district":"Dinajpur"},"geometry":{"type":"Polygon","coordinates":[[[88.9831,25.3018],[88.9999,25.2959],[89.0089,25.3031],[89.0078,25.2677],[89.0187,25.2657],[89.0277,25.2719],[89.0276,25.2776],[89.0597,25.2609],[89.0704,25.2698],[89.0968,25.2406],[89.1177,25.2419],[89.1229,25.253],[89.1298,25.2443],[89.1402,25.2467],[89.1434,25.2631],[89.1398,25.2728],[89.1445,25.2746],[89.1364,25.2781],[89.1505,25.2811],[89.1462,25.2853],[89.146,25.3012],[89.1207,25.2987],[89.1217,25.3021],[89.1131,25.3015],[89.1088,25.3064],[89.0764,25.3048],[89.0527,25.3244],[89.0399,25.3212],[89.0379,25.3294],[89.0167,25.3315],[89.0193,25.3349],[89.0127,25.3478],[88.9883,25.3481],[88.985,25.34],[88.9893,25.3363],[88.9741,25.332],[88.9767,25.3134],[88.9863,25.3075],[88.9831,25.3018]]]}},{"type":"Feature","id":"ADM3_Halishahar","properties":{"id":"ADM3_Halishahar","name":"Halishahar","district":"Chittagong"},"geometry":{"type":"Polygon","coordinates":[[[91.7895,22.328],[91.7962,22.328],[91.8013,22.3446],[91.7876,22.344],[91.7858,22.3503],[91.7766,22.3522],[91.7547,22.3522],[91.7613,22.3211],[91.7895,22.328]]]}},{"type":"Feature","id":"ADM3_Haluaghat","properties":{"id":"ADM3_Haluaghat","name":"Haluaghat","district":"Mymensingh"},"geometry":{"type":"Polygon","coordinates":[[[90.4631,25.1542],[90.4508,25.1525],[90.4493,25.145],[90.441,25.1446],[90.4044,25.16],[90.3705,25.1629],[90.3302,25.1939],[90.3104,25.1889],[90.2865,25.1958],[90.2642,25.1964],[90.2596,25.1623],[90.2698,25.1383],[90.2652,25.1364],[90.2624,25.0983],[90.2773,25.0936],[90.2852,25.0824],[90.2975,25.0908],[90.3048,25.0791],[90.2843,25.0787],[90.285,25.0645],[90.2807,25.0568],[90.2714,25.0534],[90.2636,25.0517],[90.258,25.0641],[90.2497,25.0628],[90.2459,25.0527],[90.2375,25.0528],[90.2335,25.0454],[90.2332,25.0241],[90.2398,25.0202],[90.2409,25.0127],[90.2716,25.0104],[90.2864,25.0226],[90.2838,25.0165],[90.2886,25.012],[90.2985,25.016],[90.2985,25.0072],[90.3099,25.0073],[90.3177,24.9983],[90.3339,25.0038],[90.3349,24.9982],[90.3408,24.9997],[90.3407,24.9935],[90.3461,24.9918],[90.3575,24.993],[90.3611,25.001],[90.3739,25.0041],[90.3754,25.0098],[90.3873,25.0055],[90.3881,25.009],[90.3942,25.0038],[90.3924,24.9949],[90.3985,24.9964],[90.4039,24.9889],[90.4126,24.9923],[90.4154,24.9871],[90.4223,24.9966],[90.4323,24.9933],[90.43,25.0037],[90.4407,25.0068],[90.4469,25.0031],[90.4467,25.0137],[90.4589,25.0084],[90.4751,25.0111],[90.481,25.0049],[90.484,25.0177],[90.4916,25.0229],[90.4794,25.0255],[90.4746,25.0335],[90.478,25.0382],[90.4571,25.0399],[90.458,25.0508],[90.4446,25.0673],[90.4246,25.0744],[90.4463,25.1],[90.4313,25.1099],[90.4113,25.1127],[90.4021,25.1191],[90.4086,25.1259],[90.4198,25.1248],[90.4239,25.1304],[90.4299,25.128],[90.4315,25.133],[90.4412,25.1319],[90.4469,25.1385],[90.4578,25.1382],[90.4631,25.1542]]]}},{"type":"Feature","id":"ADM3_Harinakunda","properties":{"id":"ADM3_Harinakunda","name":"Harinakunda","district":"Jhenaidah"},"geometry":{"type":"Polygon","coordinates":[[[89.0069,23.6215],[89.0035,23.6032],[88.9844,23.5814],[88.9833,23.5739],[88.9876,23.5706],[88.9929,23.5773],[89.0038,23.5803],[89.0142,23.5685],[89.0308,23.5671],[89.0312,23.5805],[89.045,23.5961],[89.0363,23.5775],[89.0503,23.5713],[89.0595,23.5891],[89.0729,23.5897],[89.0882,23.5763],[89.0994,23.5835],[89.0945,23.5705],[89.1088,23.5711],[89.1028,23.5638],[89.1102,23.5572],[89.1098,23.5493],[89.1233,23.5513],[89.123,23.5749],[89.128,23.574],[89.1257,23.5606],[89.1297,23.5557],[89.1384,23.5586],[89.1476,23.5705],[89.1441,23.5779],[89.1501,23.5787],[89.1544,23.5896],[89.1704,23.5858],[89.1709,23.5757],[89.1753,23.5729],[89.1787,23.5877],[89.1668,23.5985],[89.179,23.6113],[89.1716,23.606],[89.1615,23.6089],[89.1612,23.6145],[89.1541,23.6139],[89.1541,23.6231],[89.143,23.635],[89.1498,23.65],[89.1321,23.6501],[89.1216,23.6615],[89.1076,23.6667],[89.1129,23.6794],[89.1219,23.6841],[89.1118,23.7086],[89.1185,23.7251],[89.1164,23.7341],[89.0982,23.7262],[89.0947,23.7416],[89.0828,23.7449],[89.0828,23.758],[89.0687,23.7562],[89.0689,23.7716],[89.0567,23.768],[89.0517,23.7586],[89.0646,23.7342],[89.0756,23.7267],[89.0599,23.7189],[89.0472,23.7279],[89.0374,23.723],[89.052,23.7145],[89.0374,23.6922],[89.0248,23.6956],[89.0173,23.7087],[89.0108,23.707],[89.0061,23.6688],[89.0119,23.656],[89.0087,23.6411],[89.004,23.6418],[89.0105,23.627],[89.0069,23.6215]]]}},{"type":"Feature","id":"ADM3_Haripur","properties":{"id":"ADM3_Haripur","name":"Haripur","district":"Thakurgaon"},"geometry":{"type":"Polygon","coordinates":[[[88.1348,25.9982],[88.1296,25.997],[88.1278,25.9767],[88.1193,25.9717],[88.1237,25.966],[88.1151,25.9628],[88.1223,25.9485],[88.1129,25.9438],[88.1111,25.9332],[88.0946,25.9315],[88.0858,25.9157],[88.0936,25.9112],[88.0903,25.8965],[88.1029,25.8893],[88.0939,25.8744],[88.1,25.8732],[88.1029,25.8618],[88.1089,25.8691],[88.1138,25.8546],[88.1014,25.8435],[88.1077,25.8388],[88.1011,25.8291],[88.1115,25.8217],[88.107,25.8152],[88.1201,25.8126],[88.1144,25.798],[88.1442,25.7937],[88.1416,25.7802],[88.1486,25.7812],[88.147,25.7764],[88.157,25.7795],[88.1593,25.7876],[88.1724,25.7867],[88.1837,25.8018],[88.1934,25.8016],[88.1994,25.7901],[88.2091,25.7872],[88.2149,25.8009],[88.2322,25.7979],[88.2305,25.8026],[88.2404,25.8095],[88.2364,25.8106],[88.2417,25.8181],[88.2402,25.824],[88.2334,25.8382],[88.2086,25.832],[88.1979,25.8543],[88.1907,25.8547],[88.1934,25.8768],[88.2052,25.8865],[88.1903,25.8936],[88.1979,25.9106],[88.1854,25.9127],[88.1806,25.9193],[88.1825,25.9269],[88.1968,25.9284],[88.2005,25.9346],[88.1903,25.9459],[88.1829,25.965],[88.1764,25.9581],[88.1663,25.9613],[88.1678,25.9894],[88.1433,25.9912],[88.1348,25.9982]]]}},{"type":"Feature","id":"ADM3_Harirampur","properties":{"id":"ADM3_Harirampur","name":"Harirampur","district":"Manikganj"},"geometry":{"type":"Polygon","coordinates":[[[90.0077,23.6349],[90.0072,23.6447],[90.0206,23.6587],[90.0186,23.6716],[90.0264,23.6719],[90.0375,23.6836],[90.0367,23.6954],[90.0426,23.6944],[90.0367,23.7003],[90.0431,23.7071],[90.0423,23.713],[90.0272,23.7189],[90.0432,23.7291],[90.0235,23.7501],[90.0102,23.7556],[90.0172,23.762],[90.0146,23.7738],[89.9959,23.7693],[89.9808,23.7855],[89.9431,23.7891],[89.9495,23.7941],[89.9367,23.7999],[89.8961,23.7925],[89.8841,23.8003],[89.8499,23.781],[89.8485,23.7738],[89.8535,23.7725],[89.8542,23.7655],[89.8659,23.7659],[89.8678,23.7598],[89.8444,23.7387],[89.8554,23.7309],[89.8969,23.6742],[89.9208,23.6685],[89.9381,23.6539],[90.0077,23.6349]]]}},{"type":"Feature","id":"ADM3_Hathazari","properties":{"id":"ADM3_Hathazari","name":"Hathazari","district":"Chittagong"},"geometry":{"type":"MultiPolygon","coordinates":[[[[91.8806,22.4307],[91.8799,22.4321],[91.8752,22.4332],[91.8716,22.4372],[91.8749,22.4329],[91.8806,22.4307]]],[[[91.8686,22.4409],[91.8681,22.4431],[91.8659,22.444],[91.8686,22.4409]]],[[[91.8637,22.4469],[91.8639,22.4511],[91.8609,22.4519],[91.8637,22.4469]]],[[[91.86,22.4538],[91.8621,22.4623],[91.8715,22.4616],[91.8755,22.4483],[91.8773,22.466],[91.8595,22.4671],[91.856,22.4638],[91.86,22.4538]]],[[[91.8786,22.4703],[91.8862,22.4724],[91.8798,22.4738],[91.8786,22.4703]]],[[[91.8461,22.4022],[91.8599,22.4043],[91.8598,22.3999],[91.8786,22.406],[91.8745,22.415],[91.8802,22.4292],[91.8624,22.4453],[91.8545,22.4633],[91.8661,22.4729],[91.8771,22.4714],[91.8819,22.4862],[91.8725,22.4981],[91.8775,22.5057],[91.8413,22.504],[91.8413,22.5147],[91.8566,22.5221],[91.8394,22.5312],[91.843,22.537],[91.8472,22.5332],[91.8404,22.5432],[91.8467,22.5466],[91.8433,22.5499],[91.8456,22.5558],[91.8389,22.5528],[91.8444,22.562],[91.8372,22.574],[91.8283,22.5752],[91.8236,22.5847],[91.8158,22.5884],[91.8183,22.6054],[91.7891,22.6372],[91.7785,22.6347],[91.7781,22.6244],[91.7713,22.624],[91.763,22.6074],[91.7559,22.6046],[91.7329,22.6166],[91.7211,22.6147],[91.7079,22.6316],[91.6848,22.6339],[91.6944,22.6249],[91.7071,22.5852],[91.7125,22.588],[91.7262,22.5513],[91.7372,22.5522],[91.7589,22.5135],[91.7585,22.5014],[91.7689,22.4946],[91.7578,22.4771],[91.7719,22.4593],[91.8171,22.4669],[91.819,22.4159],[91.8323,22.4116],[91.8412,22.4149],[91.8461,22.4022]]]]}},{"type":"Feature","id":"ADM3_Hatibandha","properties":{"id":"ADM3_Hatibandha","name":"Hatibandha","district":"Lalmonirhat"},"geometry":{"type":"Polygon","coordinates":[[[89.0891,26.0891],[89.0994,26.0762],[89.092,26.0705],[89.0946,26.0634],[89.0904,26.0599],[89.0976,26.0362],[89.0935,26.0337],[89.1016,26.0272],[89.1122,25.9936],[89.127,25.9867],[89.1407,25.9991],[89.1329,26.0253],[89.1622,26.0243],[89.1573,26.0398],[89.1725,26.046],[89.1786,26.059],[89.1939,26.0584],[89.1992,26.053],[89.2121,26.0602],[89.2175,26.0479],[89.2324,26.0421],[89.241,26.0227],[89.2513,26.0221],[89.2559,26.0351],[89.2761,26.0282],[89.2804,26.0354],[89.2757,26.0492],[89.2825,26.0642],[89.2782,26.0666],[89.2708,26.06],[89.2544,26.0642],[89.2568,26.0802],[89.2668,26.0925],[89.2516,26.0915],[89.2517,26.1013],[89.2415,26.1058],[89.242,26.1131],[89.2292,26.1167],[89.2294,26.124],[89.2113,26.1243],[89.2028,26.1294],[89.1929,26.1239],[89.1765,26.1321],[89.1669,26.1303],[89.1595,26.1399],[89.1553,26.1387],[89.1485,26.1582],[89.1572,26.1633],[89.1491,26.1701],[89.141,26.1694],[89.1411,26.1759],[89.1345,26.1813],[89.1393,26.1984],[89.1485,26.2064],[89.1421,26.2146],[89.1409,26.2359],[89.1318,26.2396],[89.13,26.2489],[89.1199,26.2486],[89.1171,26.2444],[89.1074,26.259],[89.0973,26.2597],[89.0937,26.2477],[89.0904,26.2508],[89.0927,26.2439],[89.1042,26.242],[89.0782,26.2348],[89.0735,26.2148],[89.0601,26.2249],[89.0622,26.2308],[89.0519,26.2369],[89.0444,26.2352],[89.0448,26.2387],[89.0419,26.2354],[89.0419,26.2429],[89.0341,26.243],[89.033,26.2468],[89.0214,26.2451],[89.0172,26.238],[89.022,26.228],[89.0361,26.2204],[89.033,26.2037],[89.0193,26.1913],[89.0283,26.1891],[89.0333,26.1787],[89.0374,26.1819],[89.0372,26.1744],[89.0474,26.1751],[89.057,26.1679],[89.0729,26.1705],[89.098,26.1463],[89.1016,26.1204],[89.0987,26.1157],[89.0903,26.1152],[89.0891,26.0891]],[[89.0259,26.2417],[89.0254,26.2406],[89.0233,26.2408],[89.022,26.2427],[89.0258,26.2427],[89.0259,26.2417]]]}},{"type":"Feature","id":"ADM3_Hatiya","properties":{"id":"ADM3_Hatiya","name":"Hatiya","district":"Noakhali"},"geometry":{"type":"MultiPolygon","coordinates":[[[[91.0827,22.0535],[91.0827,22.0641],[91.069,22.0632],[91.0487,22.0542],[91.0488,22.0481],[91.0564,22.0518],[91.055,22.0379],[91.0606,22.0313],[91.0827,22.0535]]],[[[91.031,22.0838],[91.0015,22.1005],[90.9783,22.0815],[90.9731,22.0717],[90.9728,22.0515],[90.9816,22.0279],[90.9908,22.0231],[91.0229,22.044],[91.0183,22.0345],[91.0323,22.0386],[91.0479,22.0738],[91.0422,22.0834],[91.031,22.0838]]],[[[91.0151,22.1757],[91.0245,22.1771],[91.031,22.1998],[91.0226,22.195],[91.0151,22.1757]]],[[[91.0153,22.2426],[91.0291,22.2717],[91.0366,22.3203],[91.019,22.3323],[91.024,22.3167],[91.0196,22.2818],[91.0137,22.2698],[91.0153,22.2426]]],[[[91.0362,22.3376],[91.0494,22.342],[91.0543,22.3486],[91.0411,22.374],[91.0196,22.3523],[91.0362,22.3376]]],[[[91.0553,22.3596],[91.051,22.3859],[91.0435,22.3749],[91.0497,22.3618],[91.0553,22.3596]]],[[[91.1409,22.3732],[91.1316,22.3836],[91.07,22.407],[91.0749,22.3636],[91.0592,22.3492],[91.0688,22.3398],[91.0685,22.2421],[91.0539,22.1909],[91.0381,22.1583],[91.004,22.1136],[91.0153,22.1009],[91.0578,22.0792],[91.0821,22.0947],[91.1144,22.1272],[91.1359,22.1318],[91.1372,22.1463],[91.1649,22.1686],[91.169,22.1913],[91.1882,22.2328],[91.1901,22.2807],[91.1843,22.2965],[91.1899,22.3266],[91.1847,22.3654],[91.175,22.3838],[91.1409,22.3732]]],[[[90.9898,22.391],[90.9811,22.4169],[90.9723,22.4206],[90.9898,22.391]]],[[[91.0129,22.3605],[91.0304,22.3771],[91.0354,22.4041],[91.0433,22.4147],[91.0453,22.436],[91.0341,22.4507],[91.0019,22.4635],[90.9872,22.4543],[90.9877,22.4356],[91.0038,22.3707],[91.0129,22.3605]]],[[[90.9677,22.4276],[90.9696,22.4528],[90.9778,22.4654],[90.962,22.471],[90.9509,22.4645],[90.9677,22.4276]]],[[[90.9339,22.4937],[90.9801,22.505],[90.9823,22.5116],[90.9765,22.522],[90.9321,22.497],[90.9339,22.4937]]],[[[91.1636,22.5205],[91.159,22.5863],[91.1423,22.58],[91.1125,22.5844],[91.0165,22.5793],[91.0174,22.5682],[91.0554,22.5369],[91.0781,22.4933],[91.0906,22.5222],[91.1133,22.5395],[91.1283,22.5447],[91.137,22.5565],[91.1297,22.5429],[91.118,22.5396],[91.0927,22.5209],[91.0844,22.4996],[91.0828,22.4835],[91.0928,22.4664],[91.1168,22.4495],[91.138,22.443],[91.1604,22.4582],[91.1652,22.4688],[91.1637,22.5173],[91.1587,22.5133],[91.1605,22.5006],[91.1265,22.4863],[91.1126,22.4879],[91.123,22.4956],[91.1529,22.5006],[91.1559,22.5154],[91.1504,22.5404],[91.1556,22.5393],[91.1563,22.5255],[91.1636,22.5205]]]]}},{"type":"Feature","id":"ADM3_Hazaribagh","properties":{"id":"ADM3_Hazaribagh","name":"Hazaribagh","district":"Dhaka"},"geometry":{"type":"Polygon","coordinates":[[[90.3639,23.7488],[90.351,23.7462],[90.3565,23.754],[90.3515,23.7581],[90.3379,23.7503],[90.3538,23.7385],[90.3606,23.7254],[90.3757,23.7217],[90.3773,23.726],[90.3639,23.7488]]]}},{"type":"Feature","id":"ADM3_Hizla","properties":{"id":"ADM3_Hizla","name":"Hizla","district":"Barisal"},"geometry":{"type":"MultiPolygon","coordinates":[[[[90.5023,22.8725],[90.5041,22.8726],[90.5034,22.8734],[90.5023,22.8725]]],[[[90.5039,22.8737],[90.5149,22.8726],[90.5235,22.8821],[90.5039,22.8737]]],[[[90.5929,22.8758],[90.5367,22.8893],[90.5162,22.872],[90.5441,22.8881],[90.5451,22.8804],[90.5614,22.8756],[90.5682,22.8668],[90.5842,22.8661],[90.5841,22.8733],[90.5929,22.8758]]],[[[90.6065,22.8885],[90.6019,22.8968],[90.5997,22.8859],[90.6065,22.8885]]],[[[90.6846,22.9032],[90.6891,22.9037],[90.6871,22.9062],[90.6846,22.9032]]],[[[90.5969,22.911],[90.5752,22.9069],[90.5603,22.8952],[90.5686,22.8988],[90.5645,22.894],[90.5722,22.8895],[90.57,22.887],[90.5969,22.8836],[90.6012,22.9006],[90.5969,22.911]]],[[[90.6759,22.9209],[90.6655,22.9285],[90.6704,22.9225],[90.6673,22.9186],[90.6711,22.9083],[90.6713,22.9157],[90.6774,22.9148],[90.6745,22.9079],[90.6785,22.9117],[90.6759,22.9209]]],[[[90.6723,22.928],[90.6714,22.93],[90.6706,22.9279],[90.6675,22.9285],[90.6712,22.9263],[90.6723,22.928]]],[[[90.6478,22.9182],[90.654,22.927],[90.6492,22.9115],[90.6532,22.9125],[90.6592,22.9025],[90.6603,22.9242],[90.6528,22.9298],[90.6478,22.9182]]],[[[90.6417,22.9302],[90.642,22.9358],[90.6396,22.9324],[90.6399,22.9306],[90.6417,22.9302]]],[[[90.6582,22.9379],[90.6527,22.9364],[90.6559,22.9334],[90.6582,22.9379]]],[[[90.6504,22.9397],[90.6513,22.9417],[90.65,22.9428],[90.6477,22.9402],[90.6504,22.9397]]],[[[90.6769,22.9314],[90.6632,22.9422],[90.675,22.9276],[90.6742,22.9332],[90.6868,22.9114],[90.6887,22.9161],[90.6769,22.9314]]],[[[90.4918,22.8794],[90.5292,22.8994],[90.5305,22.9227],[90.5145,22.944],[90.4843,22.9584],[90.4732,22.977],[90.4548,22.9828],[90.4475,22.957],[90.4357,22.9381],[90.4103,22.927],[90.4237,22.9217],[90.4272,22.9094],[90.4223,22.9055],[90.4469,22.9079],[90.4459,22.9153],[90.4504,22.918],[90.5004,22.9038],[90.5018,22.8882],[90.4918,22.8794]]],[[[90.446,22.9839],[90.4365,22.9853],[90.4393,22.9832],[90.446,22.9839]]],[[[90.4072,22.9994],[90.4107,22.996],[90.4135,22.9959],[90.4102,22.9989],[90.4072,22.9994]]],[[[90.4517,23.0063],[90.413,22.999],[90.4736,22.9827],[90.4743,22.9909],[90.4628,22.9942],[90.4584,23.004],[90.4517,23.0063]]],[[[90.4079,23.0071],[90.409,23.0047],[90.4173,23.0072],[90.4079,23.0071]]],[[[90.5976,23.0149],[90.5988,23.0067],[90.6017,23.0099],[90.5976,23.0149]]],[[[90.5896,23.0249],[90.5919,23.0009],[90.5963,23.0164],[90.5896,23.0249]]],[[[90.4757,23.0076],[90.483,22.9748],[90.4971,22.9582],[90.5019,22.962],[90.5149,22.9554],[90.534,22.9302],[90.5405,22.9111],[90.5395,22.8969],[90.558,22.9003],[90.5882,22.921],[90.5922,22.9299],[90.5869,22.9453],[90.543,22.9935],[90.5154,23.0316],[90.5078,23.0339],[90.4898,23.0225],[90.4892,23.014],[90.4757,23.0076]]],[[[90.5668,23.0435],[90.5874,22.9927],[90.5846,23.0232],[90.588,23.0206],[90.5887,23.0254],[90.5668,23.0435]]],[[[90.528,23.0575],[90.5257,23.0566],[90.5266,23.0515],[90.528,23.0575]]],[[[90.5483,23.0597],[90.5415,23.0376],[90.5462,23.011],[90.5676,22.9939],[90.5499,23.019],[90.5618,23.0065],[90.5612,23.0164],[90.5661,23.0056],[90.5753,22.9998],[90.568,23.0252],[90.5587,23.0377],[90.5655,23.0325],[90.5587,23.0443],[90.5655,23.0352],[90.5656,23.0449],[90.5483,23.0597]]],[[[90.5242,23.0612],[90.5286,23.0652],[90.5236,23.0624],[90.5242,23.0612]]],[[[90.4978,23.0488],[90.4985,23.069],[90.4826,23.0656],[90.4874,23.0502],[90.4978,23.0488]]],[[[90.5324,23.0713],[90.5305,23.0667],[90.5358,23.071],[90.5324,23.0713]]],[[[90.5224,23.0721],[90.5226,23.0712],[90.5282,23.0716],[90.5224,23.0721]]]]}},{"type":"Feature","id":"ADM3_Homna","properties":{"id":"ADM3_Homna","name":"Homna","district":"Comilla"},"geometry":{"type":"Polygon","coordinates":[[[90.7332,23.6679],[90.741,23.6554],[90.7636,23.6489],[90.7649,23.64],[90.7583,23.6317],[90.7651,23.6248],[90.7873,23.6279],[90.7952,23.6405],[90.7995,23.6381],[90.7981,23.6272],[90.8026,23.6244],[90.8042,23.6313],[90.8105,23.6317],[90.8205,23.6175],[90.8314,23.6295],[90.8439,23.6294],[90.8476,23.625],[90.8783,23.6646],[90.8769,23.6738],[90.8644,23.6617],[90.859,23.6659],[90.8687,23.6778],[90.8839,23.6845],[90.8734,23.7041],[90.8667,23.7071],[90.8847,23.7162],[90.8834,23.7267],[90.8708,23.7187],[90.8501,23.7273],[90.8365,23.7219],[90.8263,23.7342],[90.817,23.7336],[90.7993,23.7463],[90.7796,23.733],[90.7746,23.7121],[90.7871,23.6958],[90.7839,23.6853],[90.7701,23.6847],[90.7628,23.6991],[90.7411,23.6926],[90.7332,23.6679]]]}},{"type":"Feature","id":"ADM3_Hossainpur","properties":{"id":"ADM3_Hossainpur","name":"Hossainpur","district":"Kishoreganj"},"geometry":{"type":"Polygon","coordinates":[[[90.6413,24.3945],[90.6501,24.3895],[90.6602,24.3939],[90.6674,24.3892],[90.6758,24.3943],[90.7101,24.3878],[90.7182,24.3919],[90.7146,24.4061],[90.7316,24.4215],[90.725,24.4234],[90.7268,24.4291],[90.7209,24.4328],[90.7199,24.4425],[90.7134,24.4449],[90.7235,24.443],[90.7277,24.4544],[90.7175,24.4607],[90.722,24.4711],[90.7156,24.4914],[90.7046,24.5002],[90.7033,24.5177],[90.6822,24.5023],[90.6854,24.4885],[90.6781,24.4813],[90.6813,24.4748],[90.6782,24.467],[90.6632,24.467],[90.6483,24.4778],[90.6368,24.4755],[90.638,24.481],[90.6319,24.4787],[90.6159,24.4952],[90.6043,24.4991],[90.5882,24.4969],[90.5738,24.4821],[90.5789,24.4586],[90.5874,24.4481],[90.6315,24.436],[90.6398,24.4292],[90.6375,24.4248],[90.6461,24.4162],[90.6413,24.3945]]]}},{"type":"Feature","id":"ADM3_Ishwardi","properties":{"id":"ADM3_Ishwardi","name":"Ishwardi","district":"Pabna"},"geometry":{"type":"Polygon","coordinates":[[[89.1571,24.1709],[89.1387,24.1676],[89.1262,24.1711],[89.1287,24.1671],[89.1111,24.1659],[89.1086,24.1602],[89.0952,24.1569],[89.0804,24.1663],[89.0808,24.1547],[89.056,24.1509],[89.0506,24.1469],[89.0519,24.1411],[89.0462,24.1391],[89.0341,24.1472],[89.0328,24.1653],[89.025,24.1693],[89.0181,24.1616],[88.9975,24.1559],[89.0145,24.1475],[88.9971,24.1443],[89.0157,24.1437],[89.0126,24.1394],[89.003,24.1424],[89.0103,24.1297],[89.0067,24.1181],[89.0265,24.0917],[89.0481,24.0196],[89.0628,23.9874],[89.0712,23.9788],[89.096,23.9728],[89.0986,23.9599],[89.128,23.962],[89.1519,23.9501],[89.14,23.9878],[89.1439,24.0202],[89.1407,24.0197],[89.1433,24.0327],[89.1384,24.0421],[89.1379,24.0733],[89.1606,24.0747],[89.1669,24.0814],[89.1703,24.0796],[89.1737,24.0872],[89.1882,24.088],[89.1919,24.1018],[89.1878,24.1093],[89.1746,24.1078],[89.1776,24.1186],[89.1695,24.1242],[89.1779,24.1268],[89.1782,24.1399],[89.1735,24.1417],[89.1715,24.1341],[89.1639,24.1447],[89.163,24.1692],[89.1571,24.1709]]]}},{"type":"Feature","id":"ADM3_Ishwarganj","properties":{"id":"ADM3_Ishwarganj","name":"Ishwarganj","district":"Mymensingh"},"geometry":{"type":"Polygon","coordinates":[[[90.4625,24.6368],[90.5003,24.6221],[90.4981,24.6194],[90.5167,24.5909],[90.5131,24.569],[90.5202,24.5707],[90.5229,24.5879],[90.5316,24.5754],[90.5586,24.5751],[90.5582,24.561],[90.5692,24.5613],[90.5692,24.5698],[90.5809,24.5605],[90.5915,24.562],[90.5849,24.5688],[90.5872,24.5741],[90.6098,24.5769],[90.613,24.5815],[90.6206,24.5777],[90.6143,24.5854],[90.6179,24.5946],[90.6256,24.5896],[90.6485,24.5941],[90.6535,24.6041],[90.6635,24.6064],[90.6627,24.6114],[90.6816,24.6368],[90.7056,24.6304],[90.7046,24.6221],[90.7132,24.6173],[90.7348,24.6295],[90.7609,24.6272],[90.758,24.6377],[90.7439,24.6376],[90.7407,24.6491],[90.7308,24.6491],[90.7296,24.6533],[90.722,24.6492],[90.7044,24.6668],[90.7006,24.6757],[90.709,24.6928],[90.7047,24.7002],[90.6873,24.6955],[90.6883,24.7025],[90.6755,24.7039],[90.6752,24.7114],[90.667,24.7149],[90.6501,24.7114],[90.6436,24.7279],[90.6379,24.7268],[90.6347,24.7128],[90.6276,24.7055],[90.6105,24.7141],[90.5767,24.7045],[90.5741,24.694],[90.584,24.6829],[90.5781,24.6845],[90.566,24.6749],[90.5648,24.6821],[90.5623,24.6777],[90.5563,24.6847],[90.5506,24.6786],[90.5347,24.684],[90.5334,24.6931],[90.5414,24.6987],[90.5194,24.6945],[90.5047,24.7038],[90.4938,24.7035],[90.4892,24.6823],[90.5132,24.6485],[90.4804,24.6572],[90.4625,24.6368]]]}},{"type":"Feature","id":"ADM3_Islampur","properties":{"id":"ADM3_Islampur","name":"Islampur","district":"Jamalpur"},"geometry":{"type":"Polygon","coordinates":[[[89.8079,25.1406],[89.8105,25.1248],[89.7938,25.1238],[89.7946,25.1126],[89.787,25.1151],[89.7753,25.1074],[89.7756,25.1179],[89.7593,25.1224],[89.7441,25.1436],[89.73,25.15],[89.7202,25.1479],[89.7176,25.1533],[89.7256,25.1603],[89.7098,25.1586],[89.7,25.1475],[89.6997,25.152],[89.6878,25.1571],[89.6909,25.1621],[89.6853,25.1626],[89.6818,25.1561],[89.6782,25.1623],[89.6713,25.1629],[89.6518,25.1438],[89.6498,25.1061],[89.6449,25.1061],[89.6386,25.0901],[89.6531,25.078],[89.6559,25.05],[89.6478,25.0467],[89.6495,25.0376],[89.6609,25.0078],[89.6613,24.9874],[89.6726,24.9753],[89.677,24.9792],[89.7018,24.9749],[89.7069,24.9912],[89.7225,25.0032],[89.7447,25.0043],[89.7445,25.0114],[89.7647,25.0237],[89.7691,25.0211],[89.7736,25.0368],[89.7788,25.0394],[89.7773,25.0495],[89.783,25.0603],[89.7994,25.0708],[89.8037,25.0835],[89.8173,25.0666],[89.8286,25.0609],[89.8372,25.0256],[89.8676,25.0176],[89.867,25.006],[89.8959,24.9947],[89.8903,25.0079],[89.8924,25.0188],[89.8798,25.0199],[89.8819,25.035],[89.9049,25.0338],[89.9048,25.0438],[89.9252,25.0628],[89.9174,25.064],[89.9113,25.0722],[89.9146,25.0892],[89.8965,25.1106],[89.8889,25.1056],[89.8679,25.1072],[89.8674,25.118],[89.8599,25.1252],[89.8625,25.1309],[89.8471,25.141],[89.8468,25.1504],[89.8356,25.1511],[89.8397,25.1434],[89.8293,25.1403],[89.8298,25.1313],[89.8216,25.1353],[89.8206,25.1409],[89.8079,25.1406]]]}},{"type":"Feature","id":"ADM3_Itna","properties":{"id":"ADM3_Itna","name":"Itna","district":"Kishoreganj"},"geometry":{"type":"Polygon","coordinates":[[[91.234,24.569],[91.2253,24.5755],[91.206,24.577],[91.2071,24.5859],[91.1967,24.5888],[91.2043,24.5942],[91.2,24.6094],[91.1773,24.6196],[91.1783,24.6303],[91.1949,24.6265],[91.1921,24.6384],[91.1851,24.6357],[91.1749,24.6431],[91.1638,24.6322],[91.1543,24.639],[91.1382,24.6346],[91.1299,24.6421],[91.1273,24.6292],[91.1347,24.6206],[91.1289,24.61],[91.1177,24.606],[91.1047,24.608],[91.1055,24.6],[91.0996,24.605],[91.0997,24.5999],[91.0931,24.6016],[91.0732,24.619],[91.0382,24.611],[91.0361,24.6193],[91.0413,24.6244],[91.031,24.6299],[91.0214,24.6185],[91.0183,24.6031],[91.0102,24.6057],[90.9928,24.6014],[90.9845,24.6052],[90.9769,24.5995],[90.9629,24.6115],[90.9535,24.6024],[90.9442,24.605],[90.9421,24.5981],[90.9463,24.5911],[90.9396,24.5832],[90.9501,24.5787],[90.95,24.5617],[90.9611,24.5528],[90.9693,24.5531],[90.9729,24.5415],[90.9792,24.5403],[90.9718,24.5323],[90.961,24.5363],[90.9462,24.5228],[90.9535,24.4899],[90.9722,24.4912],[90.9855,24.4658],[91.0062,24.4686],[91.0051,24.463],[91.0114,24.4586],[91.0246,24.4677],[91.0296,24.4611],[91.0275,24.4489],[91.0316,24.4479],[91.0417,24.4646],[91.0543,24.4579],[91.0603,24.4725],[91.0663,24.4744],[91.0493,24.4866],[91.0609,24.4948],[91.0884,24.4952],[91.0911,24.4903],[91.1096,24.4865],[91.1177,24.4938],[91.1186,24.4865],[91.1206,24.4903],[91.1332,24.4787],[91.1537,24.4764],[91.1513,24.4828],[91.166,24.4984],[91.1735,24.5013],[91.1829,24.4949],[91.2128,24.523],[91.234,24.569]]]}},{"type":"Feature","id":"ADM3_Jagannathpur","properties":{"id":"ADM3_Jagannathpur","name":"Jagannathpur","district":"Sunamganj"},"geometry":{"type":"Polygon","coordinates":[[[91.6731,24.7495],[91.6775,24.7581],[91.6706,24.7619],[91.6707,24.768],[91.6624,24.7728],[91.658,24.77],[91.6578,24.7734],[91.6497,24.7704],[91.6486,24.7811],[91.636,24.7799],[91.6445,24.7865],[91.6473,24.7834],[91.6524,24.7935],[91.6745,24.7855],[91.6704,24.7908],[91.6769,24.7936],[91.6724,24.7962],[91.6742,24.8064],[91.6582,24.8086],[91.6608,24.8214],[91.6387,24.8209],[91.6308,24.816],[91.6158,24.8184],[91.6074,24.8267],[91.6103,24.8133],[91.6013,24.8064],[91.597,24.8073],[91.5981,24.8166],[91.5854,24.8259],[91.5749,24.8289],[91.5626,24.8255],[91.5595,24.8329],[91.5493,24.8346],[91.5368,24.8255],[91.5335,24.8369],[91.5248,24.8317],[91.5196,24.8349],[91.5185,24.8271],[91.4862,24.835],[91.4662,24.8464],[91.4611,24.846],[91.4639,24.8389],[91.449,24.838],[91.4553,24.8314],[91.4495,24.8196],[91.4627,24.8137],[91.4588,24.8041],[91.4655,24.7983],[91.4626,24.7935],[91.47,24.7831],[91.4554,24.7716],[91.4555,24.7613],[91.4682,24.7553],[91.4703,24.743],[91.4583,24.7441],[91.4504,24.7369],[91.4413,24.741],[91.4515,24.727],[91.4499,24.722],[91.4579,24.7209],[91.4482,24.7025],[91.4596,24.6988],[91.4644,24.6911],[91.4507,24.6794],[91.4533,24.6681],[91.4627,24.6647],[91.4645,24.6575],[91.4761,24.6686],[91.4826,24.664],[91.4829,24.6709],[91.4936,24.6645],[91.4958,24.669],[91.5225,24.6642],[91.5266,24.6566],[91.5288,24.6618],[91.5354,24.6583],[91.5371,24.6482],[91.5513,24.667],[91.5571,24.6585],[91.5614,24.6639],[91.5764,24.6453],[91.5769,24.6581],[91.5684,24.6644],[91.5799,24.675],[91.5841,24.6719],[91.5838,24.6611],[91.591,24.6589],[91.5924,24.667],[91.6121,24.6698],[91.6141,24.6753],[91.6271,24.6562],[91.632,24.6578],[91.6319,24.6721],[91.6491,24.675],[91.6549,24.6899],[91.6514,24.697],[91.6432,24.6912],[91.6439,24.6978],[91.6628,24.7038],[91.6527,24.7166],[91.6596,24.7238],[91.6721,24.7191],[91.6722,24.7293],[91.6595,24.742],[91.6731,24.7495]]]}},{"type":"Feature","id":"ADM3_Jaintiapur","properties":{"id":"ADM3_Jaintiapur","name":"Jaintiapur","district":"Sylhet"},"geometry":{"type":"Polygon","coordinates":[[[92.0198,24.9277],[92.027,24.9476],[92.0422,24.962],[92.0586,24.9653],[92.0595,24.9773],[92.0676,24.9772],[92.0684,24.9861],[92.0809,24.9819],[92.095,24.989],[92.1177,24.9856],[92.1355,24.9914],[92.1537,25.0051],[92.1518,25.0159],[92.1739,25.0551],[92.2004,25.0644],[92.2062,25.0464],[92.2244,25.0526],[92.2227,25.0565],[92.2289,25.0583],[92.2015,25.0674],[92.2167,25.085],[92.2171,25.0927],[92.2129,25.0951],[92.2277,25.0918],[92.2235,25.1025],[92.1961,25.1082],[92.2003,25.1201],[92.2195,25.1161],[92.1944,25.1258],[92.1914,25.1354],[92.1838,25.1182],[92.1767,25.123],[92.1789,25.1264],[92.1595,25.1267],[92.1648,25.1306],[92.1587,25.1331],[92.1657,25.136],[92.1555,25.1333],[92.1508,25.1384],[92.1473,25.1354],[92.1358,25.1389],[92.1445,25.1398],[92.1343,25.143],[92.1341,25.1533],[92.1396,25.1547],[92.1327,25.1565],[92.1328,25.1603],[92.0832,25.1824],[92.0583,25.1859],[92.0539,25.1784],[92.0591,25.1758],[92.0624,25.1643],[92.0492,25.1575],[92.0507,25.1402],[92.071,25.1327],[92.0711,25.1231],[92.0886,25.1071],[92.0892,25.0899],[92.1136,25.094],[92.1203,25.0892],[92.0955,25.074],[92.0975,25.0675],[92.0746,25.0549],[92.075,25.0426],[92.0841,25.0362],[92.0727,25.0201],[92.0649,25.0161],[92.0541,25.0171],[92.0545,25.0221],[92.0496,25.0187],[92.0486,25.0369],[92.0296,25.0205],[92.0199,25.0195],[92.0236,25.0151],[92.0156,25.0119],[92.0156,25.0077],[92.0048,25.0071],[91.9995,24.9822],[91.9914,24.9785],[91.9906,24.9722],[91.9813,24.9799],[91.9748,24.976],[91.9761,24.9683],[91.959,24.9723],[91.9534,24.9635],[91.9517,24.9503],[91.9632,24.9487],[91.9626,24.958],[91.9708,24.9579],[91.975,24.9488],[91.984,24.9531],[91.9932,24.9205],[92.0093,24.92],[92.0198,24.9277]]]}},{"type":"Feature","id":"ADM3_Jaldhaka","properties":{"id":"ADM3_Jaldhaka","name":"Jaldhaka","district":"Nilphamari"},"geometry":{"type":"Polygon","coordinates":[[[88.8919,26.1192],[88.8847,26.1181],[88.8846,26.1032],[88.8779,26.0988],[88.8763,26.086],[88.865,26.0825],[88.8714,26.0737],[88.8678,26.0685],[88.8716,26.0564],[88.866,26.0569],[88.8648,26.0523],[88.8754,26.0542],[88.8831,26.0491],[88.8819,26.0431],[88.8733,26.0404],[88.8848,26.0358],[88.8792,26.0254],[88.8909,26.0188],[88.8895,26.0021],[88.8952,26.0028],[88.8953,25.999],[88.9013,26.0025],[88.9119,25.9958],[88.9105,25.9862],[88.9239,25.9819],[88.9461,25.9593],[88.9458,25.9651],[88.954,25.9702],[88.9679,25.9594],[88.9881,25.9574],[88.9879,25.9674],[88.9985,25.9651],[89.0009,25.9746],[88.9947,25.9806],[88.9975,25.9836],[89.0041,25.9732],[89.0107,25.9766],[89.0098,25.9671],[89.0218,25.9689],[89.0211,25.9737],[89.0255,25.97],[89.0349,25.9718],[89.0359,25.965],[89.0644,25.9591],[89.07,25.9534],[89.1112,25.9669],[89.1256,25.9605],[89.1418,25.9642],[89.1122,25.9936],[89.1016,26.0272],[89.0935,26.0337],[89.0976,26.0362],[89.0904,26.0599],[89.0946,26.0634],[89.092,26.0705],[89.0994,26.0762],[89.0891,26.0891],[89.0731,26.089],[89.066,26.0809],[89.0563,26.0858],[89.0514,26.0791],[89.0297,26.09],[89.0155,26.0822],[89.021,26.0699],[89.0167,26.0682],[88.9864,26.0793],[88.9709,26.0916],[88.9188,26.104],[88.8919,26.1192]]]}},{"type":"Feature","id":"ADM3_Jamalganj","properties":{"id":"ADM3_Jamalganj","name":"Jamalganj","district":"Sunamganj"},"geometry":{"type":"Polygon","coordinates":[[[91.2205,25.0647],[91.1993,25.0634],[91.1944,25.0533],[91.1729,25.0444],[91.1683,25.0308],[91.1512,25.0357],[91.1345,25.0247],[91.1187,25.0479],[91.1278,25.0539],[91.134,25.0512],[91.1223,25.0712],[91.0997,25.0723],[91.0958,25.0678],[91.0945,25.0567],[91.1074,25.0465],[91.0917,25.0466],[91.0909,25.0429],[91.0987,25.0392],[91.0982,25.0335],[91.0842,25.0301],[91.0825,25.0254],[91.0947,25.0217],[91.0949,25.0116],[91.1028,25.0099],[91.1052,25.0019],[91.1101,25.0035],[91.1224,24.9917],[91.1273,24.9924],[91.1361,24.9752],[91.1328,24.9677],[91.1417,24.9703],[91.1405,24.9609],[91.1527,24.9614],[91.155,24.9572],[91.1606,24.9623],[91.1686,24.9365],[91.1772,24.9384],[91.1711,24.9315],[91.1552,24.9339],[91.1631,24.9195],[91.1585,24.9089],[91.1604,24.8958],[91.1572,24.893],[91.1533,24.8997],[91.1397,24.89],[91.1518,24.8763],[91.161,24.8755],[91.1483,24.8441],[91.1156,24.813],[91.1162,24.8065],[91.13,24.7992],[91.1304,24.7928],[91.1446,24.7946],[91.1426,24.8006],[91.1527,24.8092],[91.1429,24.8264],[91.1538,24.8379],[91.1652,24.8326],[91.1716,24.8203],[91.195,24.8359],[91.1935,24.8458],[91.2085,24.837],[91.206,24.8454],[91.2133,24.8426],[91.2245,24.8482],[91.2229,24.8575],[91.2378,24.8609],[91.2336,24.8728],[91.2361,24.8917],[91.2541,24.8809],[91.2637,24.8843],[91.2802,24.8764],[91.2823,24.8847],[91.2719,24.8961],[91.2936,24.9113],[91.2922,24.9182],[91.2871,24.9197],[91.2905,24.9289],[91.2831,24.9292],[91.28,24.9444],[91.2892,24.9509],[91.2828,24.9505],[91.2813,24.956],[91.2868,24.9672],[91.3045,24.9683],[91.3091,24.9776],[91.3073,24.9854],[91.3141,24.9884],[91.3099,24.9936],[91.3141,24.9966],[91.3055,24.9981],[91.3061,25.0078],[91.2919,25.0126],[91.2843,25.0212],[91.2647,25.016],[91.2701,25.0255],[91.2665,25.0316],[91.258,25.0318],[91.2445,25.0187],[91.2344,25.0251],[91.2359,25.0389],[91.2417,25.0426],[91.2383,25.0498],[91.222,25.0556],[91.2205,25.0647]]]}},{"type":"Feature","id":"ADM3_JamalpurSadar","properties":{"id":"ADM3_JamalpurSadar","name":"Jamalpur Sadar","district":"Jamalpur"},"geometry":{"type":"Polygon","coordinates":[[[89.9896,24.7275],[89.9956,24.7408],[90.0204,24.7547],[90.0222,24.7698],[90.0322,24.777],[90.0488,24.774],[90.0891,24.79],[90.103,24.7825],[90.1225,24.79],[90.1393,24.7792],[90.1431,24.7894],[90.1584,24.7927],[90.1617,24.8191],[90.1688,24.8268],[90.1894,24.8283],[90.1838,24.8303],[90.1802,24.8398],[90.1875,24.8435],[90.186,24.8545],[90.2002,24.8592],[90.1956,24.8604],[90.1979,24.8654],[90.1823,24.8647],[90.19,24.8656],[90.2017,24.8789],[90.1949,24.8853],[90.1588,24.8929],[90.1546,24.9048],[90.1336,24.8988],[90.1079,24.9085],[90.0666,24.906],[90.0505,24.913],[90.0327,24.9096],[90.0381,24.9188],[90.029,24.9142],[90.0288,24.909],[90.0055,24.913],[89.9962,24.9229],[89.9808,24.917],[89.9479,24.9295],[89.9377,24.9595],[89.9081,24.9548],[89.9035,24.9637],[89.8948,24.9662],[89.9056,24.934],[89.8985,24.9324],[89.8938,24.9245],[89.8923,24.8608],[89.8722,24.8555],[89.842,24.8617],[89.8144,24.8489],[89.8152,24.8447],[89.8314,24.8447],[89.8367,24.8287],[89.8508,24.8269],[89.8596,24.8165],[89.8662,24.8219],[89.8766,24.8183],[89.8873,24.8227],[89.8907,24.8158],[89.8964,24.815],[89.8959,24.8088],[89.8894,24.8104],[89.8895,24.8032],[89.8982,24.8018],[89.8997,24.7928],[89.9172,24.7835],[89.9207,24.7647],[89.9366,24.7603],[89.9413,24.7435],[89.958,24.7443],[89.9624,24.7353],[89.9578,24.7311],[89.9735,24.7238],[89.9896,24.7275]]]}},{"type":"Feature","id":"ADM3_Jatrabari","properties":{"id":"ADM3_Jatrabari","name":"Jatrabari","district":"Dhaka"},"geometry":{"type":"Polygon","coordinates":[[[90.4562,23.7331],[90.4474,23.7296],[90.4468,23.7233],[90.4284,23.7203],[90.4235,23.7121],[90.4431,23.6982],[90.4496,23.7031],[90.4667,23.6948],[90.466,23.7022],[90.4764,23.7096],[90.4744,23.7214],[90.4648,23.7199],[90.4562,23.7331]]]}},{"type":"Feature","id":"ADM3_JhalokatiSadar","properties":{"id":"ADM3_JhalokatiSadar","name":"Jhalokati Sadar","district":"Jhalokati"},"geometry":{"type":"Polygon","coordinates":[[[90.2447,22.7545],[90.231,22.7509],[90.2223,22.7545],[90.2164,22.7614],[90.2179,22.7702],[90.2053,22.773],[90.1988,22.7852],[90.1917,22.7864],[90.1898,22.7802],[90.1848,22.7802],[90.1808,22.7662],[90.1855,22.7653],[90.1766,22.7579],[90.1877,22.7419],[90.1581,22.7196],[90.1553,22.7048],[90.1382,22.6736],[90.0972,22.6556],[90.0965,22.6396],[90.1013,22.6375],[90.1004,22.6263],[90.1101,22.6097],[90.1162,22.608],[90.1195,22.6176],[90.1272,22.6154],[90.1292,22.6259],[90.138,22.6303],[90.1396,22.6112],[90.1672,22.6127],[90.1614,22.5995],[90.1805,22.5919],[90.186,22.5963],[90.2018,22.5859],[90.2034,22.5764],[90.2133,22.5845],[90.2185,22.6091],[90.216,22.6379],[90.2265,22.6589],[90.2512,22.6735],[90.2623,22.6734],[90.2678,22.6873],[90.2753,22.6889],[90.2679,22.7147],[90.2727,22.7196],[90.2705,22.7317],[90.2555,22.7524],[90.2447,22.7545]]]}},{"type":"Feature","id":"ADM3_JhenaidahSadar","properties":{"id":"ADM3_JhenaidahSadar","name":"Jhenaidah Sadar","district":"Jhenaidah"},"geometry":{"type":"Polygon","coordinates":[[[88.9403,23.5428],[88.9442,23.5394],[88.9496,23.5445],[88.9698,23.5329],[88.9724,23.5178],[88.9794,23.5148],[88.9818,23.504],[88.9869,23.5108],[89.0004,23.509],[89.0227,23.4852],[89.0428,23.4796],[89.0521,23.4638],[89.0695,23.4643],[89.0968,23.441],[89.1098,23.445],[89.1153,23.4641],[89.1266,23.4686],[89.1351,23.4445],[89.1498,23.4455],[89.1729,23.4353],[89.1962,23.4369],[89.2031,23.4329],[89.2076,23.4393],[89.2213,23.4398],[89.2301,23.4485],[89.2402,23.4455],[89.2424,23.4326],[89.2528,23.4304],[89.2567,23.4411],[89.2828,23.438],[89.3007,23.4514],[89.2982,23.4553],[89.3031,23.4552],[89.3012,23.4655],[89.3062,23.4692],[89.307,23.4823],[89.3041,23.4944],[89.298,23.4973],[89.3011,23.5038],[89.3068,23.5023],[89.3092,23.5067],[89.3032,23.5124],[89.307,23.5178],[89.3054,23.5402],[89.3143,23.5448],[89.314,23.5532],[89.3231,23.5652],[89.3156,23.5746],[89.301,23.5798],[89.3025,23.5875],[89.2894,23.5919],[89.2767,23.5941],[89.2685,23.587],[89.2695,23.5799],[89.258,23.5739],[89.2325,23.5712],[89.2288,23.574],[89.2316,23.5824],[89.2195,23.5886],[89.2225,23.5909],[89.2067,23.587],[89.1939,23.5986],[89.1892,23.598],[89.1923,23.5843],[89.1787,23.5877],[89.1753,23.5729],[89.1709,23.5757],[89.1704,23.5858],[89.1544,23.5896],[89.1501,23.5787],[89.1441,23.5779],[89.1455,23.5665],[89.1325,23.555],[89.1257,23.5606],[89.128,23.574],[89.123,23.5749],[89.1233,23.5513],[89.119,23.5483],[89.1098,23.5493],[89.1102,23.5572],[89.1028,23.5638],[89.1088,23.5711],[89.0945,23.5705],[89.0994,23.5835],[89.0882,23.5763],[89.0692,23.5903],[89.0563,23.5871],[89.0503,23.5713],[89.0363,23.5775],[89.045,23.5961],[89.0312,23.5805],[89.0308,23.5671],[89.0142,23.5685],[89.0038,23.5803],[88.9929,23.5773],[88.983,23.5672],[88.9764,23.5574],[88.9774,23.5455],[88.9595,23.5529],[88.9467,23.5517],[88.9403,23.5428]]]}},{"type":"Feature","id":"ADM3_Jhenaigati","properties":{"id":"ADM3_Jhenaigati","name":"Jhenaigati","district":"Sherpur"},"geometry":{"type":"Polygon","coordinates":[[[90.1242,25.2255],[90.1123,25.2255],[90.0741,25.2441],[90.0551,25.2612],[90.0355,25.2618],[90.0115,25.2755],[89.9909,25.2508],[89.9936,25.2449],[89.9699,25.2377],[89.9698,25.2315],[89.9866,25.2157],[89.9844,25.2043],[89.992,25.2029],[89.9953,25.1818],[90.0032,25.1757],[90.0002,25.1674],[89.9765,25.1721],[89.9764,25.167],[89.9866,25.1595],[89.9914,25.1479],[90.0002,25.1485],[89.9997,25.139],[90.0119,25.1406],[90.0107,25.1317],[90.0278,25.1244],[90.0295,25.1037],[90.0385,25.0908],[90.0596,25.0784],[90.0645,25.0903],[90.0825,25.0705],[90.101,25.0856],[90.0952,25.1004],[90.085,25.106],[90.0862,25.1167],[90.0784,25.1259],[90.0881,25.1274],[90.0806,25.132],[90.085,25.1319],[90.0829,25.1364],[90.103,25.1341],[90.1235,25.1465],[90.1073,25.1597],[90.1092,25.165],[90.1249,25.1724],[90.1335,25.1877],[90.1351,25.2029],[90.1242,25.2255]]]}},{"type":"Feature","id":"ADM3_Jhikargachha","properties":{"id":"ADM3_Jhikargachha","name":"Jhikargachha","district":"Jessore"},"geometry":{"type":"Polygon","coordinates":[[[88.9875,23.203],[89.0043,23.1934],[89.0005,23.1869],[89.0053,23.17],[88.995,23.1606],[88.9959,23.15],[88.9923,23.1482],[88.9986,23.1404],[89.0056,23.1459],[89.0115,23.1391],[89.0018,23.1336],[89.0092,23.1051],[88.9949,23.1004],[88.9961,23.0942],[89.006,23.0913],[88.9997,23.0866],[89.0049,23.0466],[89.0008,23.0308],[89.0085,23.0224],[89.0024,23.0148],[89.001,22.999],[88.9964,22.9935],[88.9874,22.9945],[88.9914,22.9844],[88.9835,22.9742],[88.9863,22.9492],[88.9925,22.9447],[89.0146,22.9467],[89.0353,22.9301],[89.0425,22.9419],[89.0498,22.9303],[89.0575,22.9359],[89.0716,22.9327],[89.0957,22.9547],[89.093,22.9641],[89.1096,22.9634],[89.109,22.9719],[89.121,22.9764],[89.1196,22.989],[89.107,22.9918],[89.0771,22.9768],[89.0722,22.979],[89.0701,22.999],[89.0943,23.0292],[89.1029,23.0308],[89.0952,23.045],[89.1135,23.0667],[89.1118,23.0881],[89.1443,23.0905],[89.1521,23.0846],[89.1551,23.093],[89.1491,23.1052],[89.1527,23.1109],[89.1398,23.1126],[89.1276,23.1206],[89.1394,23.1275],[89.1362,23.131],[89.1241,23.1308],[89.117,23.1381],[89.1095,23.1376],[89.1054,23.1602],[89.1009,23.1634],[89.1011,23.1802],[89.0926,23.1884],[89.0943,23.1942],[89.089,23.1871],[89.0817,23.186],[89.0755,23.175],[89.064,23.1778],[89.0536,23.1686],[89.0361,23.1722],[89.0308,23.1784],[89.0531,23.1847],[89.0403,23.1994],[89.0133,23.2107],[88.9875,23.203]]]}},{"type":"Feature","id":"ADM3_JibanNagar","properties":{"id":"ADM3_JibanNagar","name":"Jiban Nagar","district":"Chuadanga"},"geometry":{"type":"Polygon","coordinates":[[[88.7997,23.4983],[88.7945,23.4858],[88.8014,23.4864],[88.7873,23.4696],[88.7932,23.461],[88.7894,23.4596],[88.7904,23.4506],[88.7954,23.4436],[88.785,23.4449],[88.7847,23.439],[88.7786,23.4374],[88.7822,23.4419],[88.7743,23.444],[88.7732,23.449],[88.7628,23.447],[88.7622,23.4312],[88.7545,23.4143],[88.7611,23.4089],[88.7488,23.3981],[88.7543,23.3952],[88.7529,23.3893],[88.7596,23.3847],[88.7628,23.3874],[88.7596,23.3736],[88.7663,23.3684],[88.7772,23.3752],[88.7722,23.3628],[88.7842,23.3806],[88.7898,23.3781],[88.7906,23.3719],[88.7973,23.3708],[88.8065,23.3789],[88.8079,23.3868],[88.8147,23.3889],[88.8271,23.3746],[88.834,23.3907],[88.8412,23.3793],[88.8525,23.3751],[88.856,23.3832],[88.8551,23.3746],[88.8759,23.3925],[88.8776,23.4067],[88.8891,23.4058],[88.8958,23.4103],[88.9165,23.4059],[88.9184,23.4122],[88.9104,23.4134],[88.9152,23.4194],[88.9211,23.4128],[88.9349,23.413],[88.9339,23.4315],[88.9438,23.4311],[88.9458,23.4381],[88.937,23.4441],[88.9192,23.4389],[88.9183,23.442],[88.9304,23.448],[88.9294,23.4616],[88.9363,23.4616],[88.9352,23.4694],[88.9446,23.4799],[88.9436,23.4999],[88.9356,23.5126],[88.9341,23.4937],[88.9134,23.5024],[88.9115,23.515],[88.9071,23.5062],[88.8876,23.4987],[88.8484,23.5035],[88.8429,23.5148],[88.8257,23.5093],[88.8202,23.5058],[88.8285,23.4947],[88.8234,23.4856],[88.8157,23.4926],[88.8036,23.4867],[88.7997,23.4983]]]}},{"type":"Feature","id":"ADM3_JoypurhatSadar","properties":{"id":"ADM3_JoypurhatSadar","name":"Joypurhat Sadar","district":"Joypurhat"},"geometry":{"type":"Polygon","coordinates":[[[89.0383,25.0219],[89.0396,25.0285],[89.0359,25.0299],[89.0434,25.0318],[89.0457,25.0381],[89.0718,25.0376],[89.0762,25.0438],[89.073,25.0468],[89.0831,25.0531],[89.0959,25.0776],[89.1151,25.0834],[89.1305,25.1133],[89.1413,25.1153],[89.1475,25.1228],[89.1508,25.1178],[89.161,25.1262],[89.1706,25.1257],[89.1697,25.131],[89.1557,25.1289],[89.161,25.1342],[89.1464,25.139],[89.1413,25.1362],[89.1293,25.146],[89.1256,25.1371],[89.1161,25.1372],[89.1143,25.1412],[89.1089,25.1335],[89.0988,25.1318],[89.0997,25.1268],[89.0906,25.1305],[89.0954,25.1433],[89.0839,25.1438],[89.0831,25.1502],[89.0792,25.145],[89.0744,25.1501],[89.0434,25.1455],[89.0272,25.1556],[89.0154,25.1417],[89.0159,25.1259],[88.9933,25.1293],[88.9895,25.1312],[88.9873,25.1579],[88.9788,25.1581],[88.9811,25.1651],[88.9717,25.1685],[88.9706,25.1766],[88.9767,25.1849],[88.9684,25.1821],[88.9616,25.1892],[88.9611,25.1982],[88.941,25.2019],[88.9416,25.209],[88.9364,25.2106],[88.9338,25.1999],[88.9378,25.1936],[88.9475,25.1946],[88.9435,25.1831],[88.9496,25.1813],[88.9484,25.1764],[88.941,25.1736],[88.9333,25.1813],[88.9277,25.1762],[88.923,25.165],[88.9252,25.1546],[88.9196,25.1463],[88.9288,25.1403],[88.9211,25.1319],[88.9403,25.1142],[88.9415,25.0978],[88.9311,25.0721],[88.9377,25.0579],[88.9446,25.0575],[88.9408,25.0415],[88.9489,25.0387],[88.9557,25.0289],[88.9518,25.0367],[88.957,25.0471],[88.9535,25.0556],[88.9822,25.0557],[88.9857,25.0487],[88.9968,25.0456],[89.0016,25.0515],[89.0123,25.0496],[89.0256,25.0409],[89.0383,25.0219]]]}},{"type":"Feature","id":"ADM3_JuraiChhari","properties":{"id":"ADM3_JuraiChhari","name":"Jurai Chhari","district":"Rangamati"},"geometry":{"type":"Polygon","coordinates":[[[92.3015,22.6628],[92.34,22.5987],[92.3525,22.5658],[92.3705,22.5351],[92.3987,22.4606],[92.4126,22.4759],[92.4083,22.4965],[92.4143,22.5086],[92.4113,22.5242],[92.4591,22.5419],[92.4767,22.5377],[92.4896,22.5401],[92.4937,22.5624],[92.5374,22.5828],[92.5384,22.586],[92.5325,22.5867],[92.5392,22.5897],[92.5348,22.5918],[92.5376,22.5935],[92.53,22.6094],[92.5332,22.6076],[92.5352,22.6118],[92.5275,22.621],[92.5323,22.6333],[92.5263,22.6336],[92.5245,22.6407],[92.5271,22.6508],[92.5235,22.6554],[92.5286,22.6658],[92.5138,22.7089],[92.5165,22.7224],[92.5095,22.7294],[92.5127,22.7334],[92.5089,22.7318],[92.5051,22.7396],[92.4994,22.738],[92.4903,22.7448],[92.4599,22.6756],[92.4584,22.714],[92.4519,22.7395],[92.4217,22.7299],[92.3942,22.7311],[92.3922,22.7245],[92.3737,22.7209],[92.3437,22.7245],[92.3354,22.7379],[92.3182,22.7196],[92.3221,22.7061],[92.3146,22.6999],[92.3128,22.6809],[92.3015,22.6628]]]}},{"type":"Feature","id":"ADM3_Juri","properties":{"id":"ADM3_Juri","name":"Juri","district":"Maulvibazar"},"geometry":{"type":"Polygon","coordinates":[[[92.0412,24.6284],[92.0642,24.6311],[92.0655,24.6281],[92.0592,24.6176],[92.0678,24.6161],[92.0677,24.6071],[92.0609,24.6071],[92.0622,24.5924],[92.051,24.5908],[92.0531,24.5751],[92.0768,24.5661],[92.0839,24.5678],[92.101,24.5575],[92.1065,24.5611],[92.1136,24.5477],[92.1045,24.5345],[92.1185,24.5376],[92.1163,24.5165],[92.1085,24.5047],[92.1155,24.5035],[92.1123,24.4999],[92.1178,24.4952],[92.1232,24.5026],[92.1237,24.4895],[92.1281,24.4872],[92.1128,24.4803],[92.1053,24.4666],[92.1197,24.4541],[92.1163,24.4504],[92.1205,24.4445],[92.1159,24.4409],[92.1214,24.438],[92.1188,24.4305],[92.1118,24.4281],[92.1057,24.3822],[92.118,24.3807],[92.1236,24.3845],[92.1188,24.3902],[92.1225,24.3961],[92.1349,24.407],[92.1367,24.4251],[92.1476,24.4212],[92.1536,24.4257],[92.1638,24.4185],[92.169,24.4279],[92.1625,24.44],[92.1504,24.4954],[92.159,24.5073],[92.1534,24.5122],[92.1581,24.5153],[92.1549,24.5231],[92.1694,24.5319],[92.1759,24.5236],[92.1853,24.5231],[92.2015,24.5076],[92.2125,24.5038],[92.231,24.531],[92.2353,24.5976],[92.2421,24.6151],[92.213,24.6069],[92.2059,24.609],[92.2001,24.6004],[92.204,24.5998],[92.2,24.5975],[92.2027,24.5949],[92.1978,24.5932],[92.195,24.6096],[92.1854,24.6124],[92.1806,24.6079],[92.17,24.6119],[92.1684,24.6212],[92.1621,24.6182],[92.1492,24.6259],[92.139,24.6189],[92.136,24.6421],[92.118,24.6467],[92.1159,24.6555],[92.1028,24.6505],[92.1038,24.6458],[92.0939,24.634],[92.0868,24.6437],[92.0728,24.6495],[92.081,24.6605],[92.0809,24.6677],[92.0674,24.6635],[92.0553,24.6378],[92.0449,24.6347],[92.0412,24.6284]]]}},{"type":"Feature","id":"ADM3_Kabirhat","properties":{"id":"ADM3_Kabirhat","name":"Kabirhat","district":"Noakhali"},"geometry":{"type":"Polygon","coordinates":[[[91.163,22.8811],[91.169,22.8555],[91.1534,22.8602],[91.1473,22.8563],[91.156,22.8468],[91.1521,22.8411],[91.1562,22.8296],[91.1475,22.8334],[91.1447,22.8296],[91.1445,22.81],[91.141,22.809],[91.1405,22.7969],[91.1354,22.8013],[91.1352,22.7926],[91.1618,22.7749],[91.1734,22.7616],[91.1909,22.7566],[91.1941,22.7487],[91.261,22.7351],[91.2491,22.7535],[91.2405,22.7546],[91.2585,22.7721],[91.2499,22.7825],[91.2449,22.7818],[91.2494,22.7889],[91.2443,22.7856],[91.2459,22.7893],[91.237,22.7988],[91.2468,22.8342],[91.2343,22.8653],[91.2358,22.8796],[91.2276,22.8887],[91.2069,22.8857],[91.2014,22.8809],[91.2039,22.8776],[91.1974,22.8746],[91.1861,22.88],[91.1782,22.8767],[91.173,22.8871],[91.163,22.8811]]]}},{"type":"Feature","id":"ADM3_Kachua_371605","properties":{"id":"ADM3_Kachua_371605","name":"Kachua","district":"Chandpur"},"geometry":{"type":"Polygon","coordinates":[[[90.9559,23.3482],[90.9455,23.3424],[90.944,23.3462],[90.9325,23.3471],[90.9302,23.3769],[90.9184,23.3884],[90.9112,23.3874],[90.9085,23.3957],[90.8982,23.3959],[90.8988,23.4079],[90.8904,23.4082],[90.877,23.4544],[90.8621,23.4527],[90.857,23.4596],[90.851,23.4592],[90.8524,23.4645],[90.8423,23.4757],[90.839,23.4742],[90.8416,23.4712],[90.8321,23.4696],[90.8329,23.4637],[90.8177,23.463],[90.8175,23.4477],[90.8102,23.4428],[90.8001,23.4473],[90.7905,23.4292],[90.7988,23.4004],[90.7978,23.3936],[90.7922,23.3911],[90.8006,23.3844],[90.8148,23.346],[90.8073,23.3477],[90.8097,23.3337],[90.8295,23.3333],[90.8442,23.3164],[90.8652,23.3195],[90.8735,23.3052],[90.8892,23.3084],[90.8975,23.2942],[90.9124,23.2958],[90.9236,23.2825],[90.951,23.2786],[90.9596,23.267],[90.9789,23.2671],[90.9901,23.2536],[90.9947,23.2573],[91.0036,23.245],[91.0096,23.2446],[91.0141,23.2485],[91.0133,23.2623],[91.0089,23.2703],[91.004,23.2685],[90.9944,23.2924],[90.9807,23.2876],[90.9731,23.319],[90.963,23.3228],[90.9562,23.3324],[90.9559,23.3482]]]}},{"type":"Feature","id":"ADM3_Kachua_342001","properties":{"id":"ADM3_Kachua_342001","name":"Kachua","district":"Bagerhat"},"geometry":{"type":"Polygon","coordinates":[[[89.8236,22.5949],[89.8357,22.596],[89.8324,22.5866],[89.8354,22.5769],[89.8462,22.565],[89.8581,22.5612],[89.8939,22.5748],[89.888,22.5931],[89.8951,22.6101],[89.9121,22.6161],[89.9206,22.6101],[89.9268,22.6421],[89.8959,22.6563],[89.8901,22.664],[89.8967,22.675],[89.9092,22.6595],[89.9141,22.6597],[89.937,22.6799],[89.9152,22.6932],[89.8682,22.6916],[89.8616,22.697],[89.8694,22.7073],[89.9128,22.7263],[89.912,22.7367],[89.9066,22.7342],[89.9122,22.7431],[89.9049,22.7414],[89.9071,22.7457],[89.8851,22.7503],[89.8758,22.7485],[89.8679,22.7396],[89.8381,22.7467],[89.8459,22.7137],[89.8411,22.7009],[89.8489,22.7009],[89.8534,22.6876],[89.8617,22.6863],[89.8582,22.6794],[89.8615,22.6721],[89.8497,22.6679],[89.8574,22.6618],[89.852,22.6586],[89.854,22.6488],[89.8344,22.647],[89.8238,22.61],[89.8295,22.601],[89.8236,22.5949]]]}},{"type":"Feature","id":"ADM3_Kadamtali","properties":{"id":"ADM3_Kadamtali","name":"Kadamtali","district":"Dhaka"},"geometry":{"type":"Polygon","coordinates":[[[90.4667,23.6948],[90.4496,23.7031],[90.4431,23.6982],[90.4387,23.7011],[90.4345,23.6936],[90.4383,23.6876],[90.4267,23.6873],[90.449,23.6681],[90.4539,23.6776],[90.4683,23.6852],[90.4667,23.6948]]]}},{"type":"Feature","id":"ADM3_Kafrul","properties":{"id":"ADM3_Kafrul","name":"Kafrul","district":"Dhaka"},"geometry":{"type":"Polygon","coordinates":[[[90.3831,23.8167],[90.383,23.8117],[90.3686,23.8071],[90.3765,23.7886],[90.3697,23.7834],[90.3784,23.784],[90.3833,23.7655],[90.389,23.7646],[90.3899,23.7753],[90.3941,23.7764],[90.3872,23.7893],[90.3918,23.7905],[90.4002,23.8172],[90.3831,23.8167]]]}},{"type":"Feature","id":"ADM3_Kahaloo","properties":{"id":"ADM3_Kahaloo","name":"Kahaloo","district":"Bogra"},"geometry":{"type":"Polygon","coordinates":[[[89.1582,24.7933],[89.1713,24.7964],[89.1791,24.7944],[89.1792,24.7898],[89.1935,24.79],[89.2033,24.7835],[89.2013,24.7757],[89.206,24.7682],[89.2164,24.7682],[89.2142,24.7573],[89.2243,24.7515],[89.2252,24.7418],[89.2324,24.7437],[89.2347,24.737],[89.2546,24.7297],[89.2563,24.723],[89.2636,24.7223],[89.2675,24.7106],[89.2753,24.7185],[89.2738,24.7312],[89.2794,24.7376],[89.2793,24.7497],[89.2872,24.7479],[89.2942,24.7602],[89.3149,24.7658],[89.3129,24.7893],[89.3204,24.8027],[89.3055,24.8205],[89.3121,24.8351],[89.3074,24.8455],[89.3142,24.8493],[89.3167,24.8577],[89.3127,24.8626],[89.3194,24.8733],[89.315,24.8798],[89.302,24.8822],[89.3043,24.8882],[89.2982,24.8963],[89.3027,24.9033],[89.2924,24.9065],[89.2954,24.9162],[89.2914,24.9225],[89.2957,24.9288],[89.2912,24.9369],[89.2669,24.9422],[89.2313,24.9159],[89.2132,24.9128],[89.2091,24.917],[89.21,24.9083],[89.2034,24.9086],[89.2069,24.9032],[89.2019,24.9012],[89.2061,24.8992],[89.199,24.9003],[89.1975,24.8927],[89.1923,24.8988],[89.191,24.8868],[89.1802,24.8827],[89.186,24.8794],[89.1826,24.8716],[89.189,24.8715],[89.1825,24.8674],[89.19,24.8668],[89.1931,24.8627],[89.19,24.8602],[89.194,24.8598],[89.1878,24.8537],[89.1925,24.8505],[89.1883,24.8495],[89.1897,24.8434],[89.1945,24.8434],[89.1849,24.8369],[89.189,24.8352],[89.1911,24.8215],[89.1847,24.8231],[89.1707,24.8112],[89.1608,24.8134],[89.157,24.8064],[89.161,24.8017],[89.1523,24.7946],[89.1582,24.7933]]]}},{"type":"Feature","id":"ADM3_Kaharole","properties":{"id":"ADM3_Kaharole","name":"Kaharole","district":"Dinajpur"},"geometry":{"type":"Polygon","coordinates":[[[88.6472,25.7386],[88.6545,25.7406],[88.6567,25.7463],[88.6812,25.747],[88.6885,25.7579],[88.6996,25.7635],[88.7005,25.7787],[88.7082,25.7819],[88.7114,25.7971],[88.7244,25.818],[88.7144,25.8253],[88.7016,25.8204],[88.6919,25.8335],[88.6918,25.826],[88.6848,25.8206],[88.6936,25.8203],[88.6959,25.8134],[88.6856,25.805],[88.6747,25.8123],[88.6704,25.8368],[88.6605,25.8341],[88.6589,25.8283],[88.6462,25.8287],[88.6426,25.8237],[88.6232,25.8297],[88.6092,25.8207],[88.5948,25.8429],[88.5641,25.8581],[88.5634,25.8729],[88.5544,25.8811],[88.5498,25.8832],[88.5369,25.8757],[88.5217,25.881],[88.5019,25.8717],[88.5046,25.8653],[88.5007,25.8592],[88.5166,25.8329],[88.5124,25.8237],[88.5037,25.8259],[88.5018,25.8211],[88.5145,25.8212],[88.5074,25.8136],[88.5116,25.8118],[88.5108,25.8051],[88.5052,25.8046],[88.5115,25.795],[88.5036,25.7921],[88.508,25.7761],[88.5278,25.7715],[88.5323,25.7585],[88.542,25.7636],[88.5562,25.7605],[88.5822,25.745],[88.6015,25.7476],[88.6033,25.7422],[88.6175,25.7365],[88.6215,25.7442],[88.6472,25.7386]]]}},{"type":"Feature","id":"ADM3_KalaPara","properties":{"id":"ADM3_KalaPara","name":"Kala Para","district":"Patuakhali"},"geometry":{"type":"MultiPolygon","coordinates":[[[[90.0903,21.8739],[90.1013,21.8852],[90.1085,21.8958],[90.0975,21.8863],[90.0903,21.8739]]],[[[90.1103,21.8984],[90.1143,21.9042],[90.1111,21.919],[90.1147,21.9258],[90.1079,21.9155],[90.1103,21.8984]]],[[[90.1333,21.9288],[90.1446,21.9297],[90.1415,21.9357],[90.1428,21.9315],[90.1333,21.9288]]],[[[90.3005,21.9537],[90.3043,21.9752],[90.2944,21.9907],[90.2726,21.9781],[90.2637,21.9574],[90.2545,21.9507],[90.2383,21.9617],[90.2234,21.9804],[90.2101,21.9836],[90.1742,21.9752],[90.1591,21.9812],[90.1367,21.9564],[90.1467,21.9287],[90.1396,21.9235],[90.1172,21.9248],[90.1191,21.9032],[90.1473,21.895],[90.1573,21.9111],[90.1718,21.9089],[90.1793,21.9268],[90.1934,21.9334],[90.1974,21.9473],[90.1963,21.9337],[90.182,21.9266],[90.1727,21.9066],[90.1605,21.9103],[90.1505,21.9014],[90.1489,21.8926],[90.118,21.8994],[90.1105,21.8785],[90.0854,21.8588],[90.0855,21.8393],[90.1063,21.8195],[90.159,21.8011],[90.1821,21.7974],[90.2195,21.8062],[90.2586,21.844],[90.2666,21.8692],[90.2642,21.8767],[90.2673,21.8757],[90.2777,21.8967],[90.3005,21.9537]]],[[[90.1474,21.9748],[90.1588,21.9842],[90.1726,21.9774],[90.2139,21.9858],[90.227,21.9803],[90.2568,21.9536],[90.2647,21.9764],[90.2838,21.9927],[90.2701,22.0206],[90.287,21.9937],[90.2978,21.992],[90.3076,21.9823],[90.3316,22.0469],[90.3439,22.0613],[90.3617,22.0683],[90.3777,22.0829],[90.3746,22.1017],[90.3618,22.1072],[90.3551,22.0985],[90.3376,22.1115],[90.3331,22.1082],[90.329,22.0852],[90.3254,22.093],[90.3148,22.092],[90.3179,22.0826],[90.2962,22.0764],[90.2884,22.0638],[90.2793,22.0646],[90.2892,22.0567],[90.279,22.0515],[90.2829,22.0466],[90.2764,22.0309],[90.2546,22.0327],[90.2484,22.0202],[90.2408,22.0266],[90.2406,22.0328],[90.2211,22.0346],[90.2393,22.0445],[90.2264,22.0479],[90.233,22.0621],[90.2187,22.0638],[90.2128,22.0719],[90.2069,22.0692],[90.2001,22.0765],[90.2091,22.0839],[90.1998,22.0919],[90.1864,22.0851],[90.187,22.0655],[90.194,22.0585],[90.2,22.063],[90.2007,22.0532],[90.2113,22.0497],[90.2069,22.0414],[90.2102,22.0309],[90.2003,22.0291],[90.2003,22.0207],[90.1786,22.0215],[90.1851,22.0123],[90.1783,22.0012],[90.1912,21.9847],[90.1725,21.9811],[90.1606,21.9875],[90.1474,21.9748]]]]}},{"type":"Feature","id":"ADM3_Kalabagan","properties":{"id":"ADM3_Kalabagan","name":"Kalabagan","district":"Dhaka"},"geometry":{"type":"Polygon","coordinates":[[[90.3832,23.7401],[90.3918,23.7417],[90.3932,23.75],[90.3782,23.7513],[90.3832,23.7401]]]}},{"type":"Feature","id":"ADM3_Kalai","properties":{"id":"ADM3_Kalai","name":"Kalai","district":"Joypurhat"},"geometry":{"type":"Polygon","coordinates":[[[89.1965,25.1786],[89.1881,25.1739],[89.1874,25.1658],[89.1642,25.1662],[89.1639,25.1462],[89.1582,25.1466],[89.1636,25.1361],[89.1557,25.1289],[89.1697,25.131],[89.1706,25.1257],[89.1578,25.1225],[89.1614,25.1132],[89.1579,25.0997],[89.1628,25.1049],[89.1702,25.0994],[89.1784,25.102],[89.1787,25.0898],[89.1657,25.0884],[89.1559,25.0785],[89.1581,25.0757],[89.1495,25.0751],[89.1491,25.0655],[89.1295,25.0611],[89.1265,25.0512],[89.1316,25.0366],[89.1386,25.0382],[89.1436,25.0246],[89.1597,25.0234],[89.1659,24.999],[89.1725,24.9977],[89.1614,24.9908],[89.1612,24.9839],[89.18,24.9799],[89.1982,24.9854],[89.1914,24.9897],[89.1909,24.9958],[89.2058,24.9967],[89.1975,25.0003],[89.2205,25.023],[89.2137,25.0237],[89.2142,25.0288],[89.229,25.0185],[89.2362,25.0204],[89.2429,25.0298],[89.2445,25.0482],[89.251,25.052],[89.2464,25.0651],[89.2801,25.0876],[89.264,25.093],[89.2638,25.0976],[89.2516,25.0973],[89.2481,25.1178],[89.2327,25.1424],[89.2169,25.145],[89.2233,25.1544],[89.2167,25.1646],[89.1978,25.1708],[89.1965,25.1786]]]}},{"type":"Feature","id":"ADM3_Kalaroa","properties":{"id":"ADM3_Kalaroa","name":"Kalaroa","district":"Satkhira"},"geometry":{"type":"Polygon","coordinates":[[[88.9896,22.9454],[88.9853,22.9405],[88.991,22.933],[88.992,22.922],[88.9884,22.92],[88.992,22.9161],[88.9756,22.9221],[88.9743,22.9163],[88.9702,22.9213],[88.9554,22.9134],[88.9488,22.9223],[88.9419,22.9125],[88.936,22.912],[88.929,22.9199],[88.918,22.9132],[88.9186,22.9247],[88.9054,22.9144],[88.8953,22.9132],[88.9012,22.9064],[88.8982,22.8978],[88.9078,22.8937],[88.9054,22.8859],[88.9127,22.8816],[88.9098,22.8798],[88.9225,22.8802],[88.9279,22.8726],[88.9461,22.8801],[88.9681,22.8452],[88.9628,22.8189],[88.9553,22.8089],[88.9684,22.8083],[88.9743,22.8188],[88.9986,22.8151],[89.0022,22.8185],[88.9961,22.8289],[88.9999,22.8303],[89.0309,22.8241],[89.0482,22.8289],[89.0564,22.8189],[89.0639,22.8186],[89.0682,22.8243],[89.0755,22.8233],[89.0755,22.8177],[89.0852,22.8249],[89.0973,22.8228],[89.0978,22.8271],[89.1132,22.8304],[89.1281,22.8248],[89.1368,22.8277],[89.1232,22.849],[89.1282,22.8726],[89.1104,22.8916],[89.1173,22.9039],[89.1383,22.8904],[89.1414,22.8994],[89.1251,22.9282],[89.1116,22.9332],[89.1094,22.9375],[89.1147,22.944],[89.1008,22.9384],[89.1076,22.9308],[89.1016,22.9227],[89.0854,22.9295],[89.0789,22.9385],[89.0716,22.9327],[89.0575,22.9359],[89.0498,22.9303],[89.0425,22.9419],[89.0353,22.9301],[89.0146,22.9467],[88.9896,22.9454]]]}},{"type":"Feature","id":"ADM3_Kalia","properties":{"id":"ADM3_Kalia","name":"Kalia","district":"Narail"},"geometry":{"type":"Polygon","coordinates":[[[89.5605,22.9838],[89.5668,22.9915],[89.5869,22.9854],[89.5848,22.9776],[89.6124,22.956],[89.6235,22.9704],[89.6284,22.9614],[89.6499,22.9685],[89.6479,22.979],[89.6518,22.9835],[89.6695,22.9772],[89.6762,22.9675],[89.6893,22.9767],[89.7098,22.9713],[89.7365,22.9732],[89.7441,22.9638],[89.7608,22.9648],[89.7666,22.9767],[89.7798,22.9834],[89.7876,22.9821],[89.7838,22.9724],[89.7961,22.9452],[89.801,22.9413],[89.8064,22.9592],[89.8018,22.9715],[89.7927,22.9795],[89.7971,22.996],[89.7613,23.0087],[89.7468,23.0486],[89.729,23.0545],[89.7365,23.0719],[89.7316,23.0775],[89.6862,23.0837],[89.6784,23.0879],[89.6759,23.0954],[89.6584,23.0822],[89.6373,23.105],[89.6191,23.0971],[89.6145,23.0898],[89.6037,23.0914],[89.5902,23.0826],[89.582,23.0917],[89.5758,23.0896],[89.5753,23.0957],[89.5641,23.1049],[89.552,23.1045],[89.5503,23.1111],[89.5395,23.0881],[89.5177,23.1023],[89.5161,23.0982],[89.5258,23.0902],[89.5297,23.0788],[89.5417,23.0717],[89.5433,23.0625],[89.5383,23.0474],[89.5263,23.0486],[89.5215,23.0403],[89.5011,23.0332],[89.5097,23.0159],[89.5295,23.0068],[89.5303,22.9963],[89.5347,22.9967],[89.5371,22.9843],[89.5453,22.9773],[89.5605,22.9838]]]}},{"type":"Feature","id":"ADM3_Kaliakair","properties":{"id":"ADM3_Kaliakair","name":"Kaliakair","district":"Gazipur"},"geometry":{"type":"Polygon","coordinates":[[[90.1833,24.0017],[90.1842,24.0103],[90.1918,24.014],[90.1944,24.0082],[90.2031,24.0096],[90.2043,24.0053],[90.2095,24.0099],[90.216,24.0051],[90.2227,24.0102],[90.24,24.0094],[90.2387,24.0297],[90.2433,24.0338],[90.2533,24.0272],[90.2506,24.023],[90.2545,24.0168],[90.2781,24.014],[90.2818,24.0098],[90.2903,24.01],[90.2962,24.0159],[90.3029,24.0065],[90.3139,24.0201],[90.3126,24.0309],[90.3058,24.0342],[90.3038,24.0439],[90.3119,24.0443],[90.3266,24.0339],[90.339,24.0434],[90.3361,24.0579],[90.343,24.0623],[90.3373,24.0691],[90.3418,24.0772],[90.3363,24.0812],[90.3407,24.0892],[90.3327,24.097],[90.3375,24.1013],[90.3397,24.1172],[90.3465,24.1234],[90.3558,24.1584],[90.3483,24.162],[90.3408,24.1751],[90.3367,24.1737],[90.3346,24.1856],[90.3288,24.1889],[90.3302,24.1998],[90.3243,24.2007],[90.321,24.217],[90.3136,24.2255],[90.3146,24.2325],[90.2979,24.2523],[90.2882,24.2416],[90.2898,24.2257],[90.2664,24.2153],[90.2581,24.2024],[90.2493,24.198],[90.2482,24.1863],[90.242,24.1843],[90.2262,24.1629],[90.2177,24.1261],[90.23,24.114],[90.2302,24.1056],[90.2149,24.101],[90.2098,24.094],[90.2009,24.0938],[90.1986,24.0988],[90.1858,24.098],[90.1734,24.108],[90.1723,24.0963],[90.1791,24.0875],[90.177,24.0748],[90.1578,24.0643],[90.1594,24.053],[90.1504,24.0522],[90.1471,24.0254],[90.1616,24.0196],[90.1708,24.0011],[90.1833,24.0017]]]}},{"type":"Feature","id":"ADM3_Kaliganj_086039","properties":{"id":"ADM3_Kaliganj_086039","name":"Kaliganj","district":"Gazipur"},"geometry":{"type":"Polygon","coordinates":[[[90.4616,23.8834],[90.4596,23.8796],[90.4716,23.8661],[90.4641,23.8463],[90.4832,23.8469],[90.5023,23.8579],[90.5053,23.8748],[90.5202,23.8764],[90.517,23.8879],[90.5266,23.8906],[90.5257,23.8965],[90.5345,23.887],[90.5542,23.8861],[90.5576,23.8932],[90.5707,23.895],[90.5604,23.9111],[90.576,23.9166],[90.5954,23.9152],[90.6071,23.9208],[90.6169,23.9402],[90.6181,23.9684],[90.6301,23.9795],[90.6388,24.0037],[90.658,24.0135],[90.657,24.0266],[90.6503,24.0369],[90.6418,24.043],[90.6124,24.0452],[90.5999,24.0356],[90.5853,24.0409],[90.5675,24.0277],[90.5515,24.0473],[90.553,24.0426],[90.5434,24.0428],[90.5425,24.0368],[90.5365,24.0407],[90.5209,24.0335],[90.5191,24.045],[90.5094,24.037],[90.5061,24.0417],[90.4982,24.0378],[90.4984,24.032],[90.4924,24.0277],[90.4948,24.0151],[90.4898,24.0144],[90.5027,23.9932],[90.4941,23.9873],[90.5106,23.9756],[90.5149,23.9669],[90.5093,23.9622],[90.5004,23.9657],[90.4904,23.9614],[90.5141,23.9589],[90.5134,23.9353],[90.5017,23.939],[90.49,23.9364],[90.4923,23.9155],[90.4616,23.8834]]]}},{"type":"Feature","id":"ADM3_Kaliganj_882675","properties":{"id":"ADM3_Kaliganj_882675","name":"Kaliganj","district":"Jhenaidah"},"geometry":{"type":"Polygon","coordinates":[[[89.2581,23.3705],[89.244,23.3772],[89.2504,23.3825],[89.246,23.3925],[89.2524,23.3955],[89.2498,23.4036],[89.2609,23.4091],[89.2551,23.4147],[89.2712,23.4282],[89.2637,23.4332],[89.2424,23.4326],[89.2402,23.4455],[89.2301,23.4485],[89.2213,23.4398],[89.2076,23.4393],[89.2031,23.4329],[89.1962,23.4369],[89.1729,23.4353],[89.1498,23.4455],[89.1351,23.4445],[89.1266,23.4686],[89.1199,23.4687],[89.1112,23.4553],[89.1139,23.4503],[89.1053,23.4414],[89.0887,23.4447],[89.0799,23.4309],[89.0702,23.4332],[89.0717,23.4257],[89.0824,23.4181],[89.0768,23.4136],[89.0685,23.4161],[89.0623,23.4088],[89.0654,23.4039],[89.0592,23.4057],[89.0573,23.3951],[89.0494,23.3951],[89.052,23.3848],[89.0413,23.3719],[89.0397,23.3604],[89.0538,23.3569],[89.0648,23.362],[89.0705,23.3527],[89.0527,23.3362],[89.062,23.3279],[89.0649,23.3127],[89.0434,23.2975],[89.0475,23.2934],[89.0589,23.3047],[89.0797,23.3094],[89.1012,23.2946],[89.1047,23.2982],[89.1068,23.2853],[89.1305,23.2741],[89.1331,23.2777],[89.1445,23.2761],[89.1464,23.2869],[89.16,23.2829],[89.1689,23.2843],[89.1708,23.2906],[89.1995,23.2914],[89.2072,23.3024],[89.2038,23.3102],[89.2101,23.3259],[89.2134,23.3178],[89.2269,23.3263],[89.2307,23.3239],[89.2428,23.3289],[89.245,23.3353],[89.2353,23.3442],[89.2538,23.3439],[89.2504,23.3595],[89.2581,23.3705]]]}},{"type":"Feature","id":"ADM3_Kaliganj_663470","properties":{"id":"ADM3_Kaliganj_663470","name":"Kaliganj","district":"Satkhira"},"geometry":{"type":"Polygon","coordinates":[[[89.0733,22.5602],[89.0613,22.5659],[89.0447,22.5586],[89.0405,22.5531],[89.0419,22.5426],[89.0376,22.5441],[89.0386,22.5394],[89.0279,22.53],[89.0267,22.5242],[89.0318,22.5194],[88.9971,22.5261],[88.9726,22.518],[88.9806,22.4857],[88.997,22.4703],[88.9909,22.4452],[89.0023,22.4299],[88.9735,22.4091],[88.9908,22.3907],[88.9829,22.3758],[88.989,22.364],[88.9877,22.3229],[89.0001,22.324],[89.005,22.3199],[89.0294,22.3445],[89.0403,22.3433],[89.0429,22.3381],[89.0579,22.3419],[89.0644,22.3332],[89.0663,22.3389],[89.0556,22.3496],[89.0682,22.376],[89.0619,22.3764],[89.0656,22.3838],[89.062,22.3858],[89.0671,22.3911],[89.0634,22.3956],[89.0818,22.3916],[89.0863,22.3991],[89.0961,22.4027],[89.0967,22.3919],[89.1051,22.3779],[89.1109,22.3782],[89.1181,22.3679],[89.1346,22.3652],[89.1443,22.3894],[89.1583,22.3917],[89.1635,22.4003],[89.1587,22.4069],[89.1504,22.4081],[89.1466,22.4245],[89.152,22.4342],[89.1411,22.4366],[89.1382,22.4458],[89.1536,22.4513],[89.1535,22.4634],[89.1437,22.4831],[89.1543,22.4917],[89.1571,22.5007],[89.1331,22.5131],[89.1371,22.5181],[89.1485,22.5179],[89.1599,22.5364],[89.1429,22.537],[89.1276,22.53],[89.1236,22.5182],[89.1066,22.5182],[89.1006,22.5257],[89.0882,22.529],[89.0836,22.5437],[89.0896,22.5498],[89.0733,22.5602]]]}},{"type":"Feature","id":"ADM3_Kaliganj_098735","properties":{"id":"ADM3_Kaliganj_098735","name":"Kaliganj","district":"Lalmonirhat"},"geometry":{"type":"Polygon","coordinates":[[[89.3677,26.0096],[89.3571,26.008],[89.3442,26.0133],[89.3492,26.0162],[89.34,26.0153],[89.3373,26.0222],[89.3345,26.0201],[89.3366,26.0265],[89.3288,26.0283],[89.3259,26.0366],[89.3155,26.0373],[89.3004,26.0505],[89.2966,26.0454],[89.2788,26.0486],[89.2779,26.029],[89.262,26.0301],[89.2559,26.0351],[89.249,26.021],[89.2375,26.025],[89.2324,26.0421],[89.2175,26.0479],[89.2121,26.0602],[89.1992,26.053],[89.1939,26.0584],[89.1786,26.059],[89.1725,26.046],[89.1573,26.0398],[89.1622,26.0243],[89.1329,26.0253],[89.1407,25.9991],[89.127,25.9867],[89.1196,25.99],[89.1236,25.9813],[89.1564,25.9536],[89.1795,25.9527],[89.1921,25.9426],[89.2006,25.9456],[89.2176,25.9203],[89.2223,25.923],[89.2348,25.9047],[89.2589,25.8975],[89.2641,25.8904],[89.2793,25.8966],[89.2914,25.89],[89.2876,25.9002],[89.2768,25.9039],[89.2746,25.9194],[89.2794,25.916],[89.2796,25.9288],[89.2751,25.9325],[89.3021,25.931],[89.2997,25.9417],[89.3116,25.9444],[89.3212,25.9545],[89.3247,25.9634],[89.3215,25.9698],[89.3269,25.9738],[89.3235,25.9803],[89.3283,25.9867],[89.3661,25.9913],[89.3677,26.0096]]]}},{"type":"Feature","id":"ADM3_Kalihati","properties":{"id":"ADM3_Kalihati","name":"Kalihati","district":"Tangail"},"geometry":{"type":"Polygon","coordinates":[[[90.0562,24.3028],[90.0651,24.3068],[90.0629,24.3136],[90.0699,24.3148],[90.0691,24.3213],[90.0729,24.3219],[90.0554,24.3334],[90.0572,24.3398],[90.0677,24.3408],[90.0597,24.3459],[90.0708,24.3486],[90.0714,24.3608],[90.0886,24.3587],[90.0985,24.3623],[90.0921,24.3762],[90.0849,24.3759],[90.0831,24.3802],[90.0868,24.3885],[90.0977,24.3921],[90.0971,24.405],[90.1067,24.4114],[90.1152,24.4111],[90.1071,24.4148],[90.1056,24.4233],[90.076,24.419],[90.078,24.4055],[90.068,24.3964],[90.0518,24.405],[90.042,24.4033],[90.0359,24.4097],[90.032,24.4077],[90.0334,24.3974],[90.0284,24.3998],[90.0154,24.3935],[90.0129,24.4028],[90.0078,24.4037],[90.0069,24.3962],[89.994,24.4013],[89.9937,24.3926],[89.9844,24.3976],[89.9841,24.3897],[89.9719,24.3951],[89.9691,24.3892],[89.961,24.3963],[89.9493,24.3936],[89.9492,24.4008],[89.9413,24.4081],[89.9221,24.4037],[89.9193,24.4195],[89.913,24.4142],[89.8981,24.4174],[89.8973,24.421],[89.8911,24.4187],[89.8857,24.4294],[89.8811,24.4286],[89.8818,24.4167],[89.8758,24.4124],[89.8845,24.4016],[89.8842,24.3951],[89.8779,24.3975],[89.8774,24.4027],[89.8674,24.4041],[89.8648,24.3979],[89.8544,24.3959],[89.852,24.4006],[89.8404,24.4003],[89.8335,24.4071],[89.8259,24.4065],[89.8265,24.4028],[89.8194,24.4049],[89.8242,24.3988],[89.8195,24.398],[89.8178,24.3906],[89.7962,24.3892],[89.7894,24.3982],[89.7613,24.3949],[89.766,24.3758],[89.7528,24.3608],[89.752,24.3497],[89.7629,24.3411],[89.7993,24.3419],[89.7985,24.3595],[89.8049,24.3634],[89.8176,24.3577],[89.8208,24.348],[89.832,24.3485],[89.8367,24.337],[89.8507,24.3431],[89.8667,24.337],[89.8669,24.3423],[89.8808,24.3412],[89.8818,24.3283],[89.8852,24.3467],[89.8935,24.3499],[89.8979,24.3427],[89.8902,24.3335],[89.8937,24.3277],[89.9113,24.3258],[89.9167,24.3207],[89.9164,24.3109],[89.927,24.3107],[89.9301,24.3017],[89.945,24.2886],[89.9582,24.2888],[89.9562,24.2991],[89.9671,24.2973],[89.9699,24.2917],[89.9796,24.2954],[89.9916,24.2869],[90.0053,24.2963],[90.0071,24.3039],[90.0352,24.2925],[90.0507,24.3114],[90.0562,24.3028]]]}},{"type":"Feature","id":"ADM3_Kalkini","properties":{"id":"ADM3_Kalkini","name":"Kalkini","district":"Madaripur"},"geometry":{"type":"Polygon","coordinates":[[[90.3537,23.1342],[90.3545,23.1389],[90.3446,23.1404],[90.3391,23.1336],[90.3342,23.1376],[90.3175,23.1371],[90.3092,23.1323],[90.308,23.1447],[90.2921,23.1458],[90.2864,23.1674],[90.2769,23.1556],[90.2618,23.1553],[90.269,23.1518],[90.2648,23.1424],[90.2581,23.1486],[90.254,23.141],[90.2468,23.141],[90.2482,23.1314],[90.2446,23.1285],[90.2528,23.1216],[90.2496,23.1169],[90.2377,23.1159],[90.2347,23.108],[90.2258,23.1029],[90.2184,23.1089],[90.219,23.1155],[90.2075,23.1141],[90.2041,23.1235],[90.196,23.1235],[90.189,23.1396],[90.1827,23.1309],[90.1728,23.1318],[90.1671,23.141],[90.162,23.1282],[90.1505,23.1265],[90.156,23.1107],[90.1215,23.1159],[90.1101,23.1028],[90.1084,23.0769],[90.1201,23.0775],[90.1316,23.0707],[90.1242,23.0651],[90.1104,23.0664],[90.1148,23.0339],[90.1262,23.0274],[90.1345,23.0431],[90.1331,23.0497],[90.1401,23.0544],[90.155,23.0527],[90.16,23.0591],[90.1578,23.0629],[90.165,23.0676],[90.2012,23.0538],[90.203,23.0632],[90.2138,23.0699],[90.2375,23.0414],[90.2295,22.9841],[90.236,22.9681],[90.2394,22.9663],[90.2509,22.9754],[90.2588,22.9729],[90.2566,22.9643],[90.276,22.974],[90.2909,22.9725],[90.3199,22.9815],[90.3294,23.0074],[90.3145,23.0353],[90.3158,23.0529],[90.3305,23.0581],[90.3488,23.0567],[90.3362,23.0696],[90.3444,23.0766],[90.3514,23.0931],[90.3532,23.1148],[90.3463,23.1186],[90.3476,23.1287],[90.3537,23.1342]]]}},{"type":"Feature","id":"ADM3_Kalmakanda","properties":{"id":"ADM3_Kalmakanda","name":"Kalmakanda","district":"Netrakona"},"geometry":{"type":"Polygon","coordinates":[[[90.9412,24.9847],[90.9474,25.0048],[90.9362,25.0092],[90.9351,25.0244],[90.9466,25.0322],[90.965,25.0357],[90.9507,25.0449],[90.9329,25.0449],[90.9288,25.0631],[90.9357,25.0658],[90.9278,25.0782],[90.9442,25.0816],[90.9566,25.0704],[90.9747,25.0743],[90.9681,25.0889],[90.9711,25.0954],[90.9474,25.1138],[90.9559,25.1195],[90.9556,25.1302],[90.9492,25.1373],[90.9522,25.1492],[90.9669,25.1539],[90.9703,25.1606],[90.9623,25.1674],[90.9648,25.1719],[90.9488,25.1709],[90.9279,25.1623],[90.8839,25.1668],[90.8719,25.1598],[90.8498,25.1577],[90.8419,25.1644],[90.8366,25.161],[90.8195,25.1627],[90.8157,25.168],[90.8146,25.1639],[90.8058,25.1661],[90.8054,25.1737],[90.7987,25.1745],[90.7946,25.1814],[90.7839,25.1795],[90.7803,25.1862],[90.7634,25.1781],[90.7576,25.1644],[90.7636,25.1588],[90.7538,25.1572],[90.7471,25.1422],[90.7559,25.1358],[90.761,25.1385],[90.7678,25.1347],[90.7635,25.1302],[90.767,25.1279],[90.7604,25.1273],[90.7584,25.1212],[90.7691,25.121],[90.7693,25.1038],[90.7759,25.1018],[90.7766,25.0938],[90.7888,25.0883],[90.7937,25.0932],[90.799,25.0894],[90.7854,25.0791],[90.7818,25.0682],[90.7647,25.0783],[90.7517,25.0648],[90.7592,25.0575],[90.7463,25.0482],[90.7447,25.0404],[90.7515,25.0375],[90.755,25.0234],[90.7634,25.0129],[90.7714,25.0108],[90.7624,24.9992],[90.7677,24.9963],[90.7725,25.0019],[90.7903,24.9919],[90.7998,24.9935],[90.8052,25.001],[90.8078,24.9919],[90.8133,24.99],[90.832,24.9976],[90.8326,25.0044],[90.8386,24.9947],[90.8432,24.9995],[90.8505,24.9859],[90.8467,24.976],[90.8421,24.9755],[90.8509,24.9678],[90.8426,24.9577],[90.8563,24.9635],[90.8707,24.9624],[90.8952,24.9781],[90.9105,24.9771],[90.9118,24.9812],[90.9412,24.9847]]]}},{"type":"Feature","id":"ADM3_Kalukhali","properties":{"id":"ADM3_Kalukhali","name":"Kalukhali","district":"Rajbari"},"geometry":{"type":"Polygon","coordinates":[[[89.5877,23.7326],[89.5887,23.7367],[89.5744,23.741],[89.5778,23.7508],[89.5664,23.746],[89.5649,23.7503],[89.555,23.75],[89.5388,23.7675],[89.5234,23.7709],[89.5204,23.7837],[89.531,23.7888],[89.5255,23.7927],[89.5307,23.7916],[89.5338,23.8009],[89.5248,23.8043],[89.5299,23.8163],[89.4901,23.8308],[89.4768,23.8103],[89.4829,23.809],[89.4797,23.7991],[89.4595,23.8092],[89.4355,23.8073],[89.44,23.8019],[89.4361,23.7912],[89.4383,23.7762],[89.4233,23.7656],[89.4208,23.758],[89.4478,23.7501],[89.4485,23.7257],[89.4427,23.7186],[89.4378,23.7212],[89.4318,23.7129],[89.4255,23.7129],[89.4304,23.701],[89.4268,23.7036],[89.4104,23.6982],[89.407,23.7109],[89.3976,23.7018],[89.3873,23.7084],[89.3797,23.706],[89.3768,23.6994],[89.3677,23.6981],[89.3698,23.6921],[89.3638,23.6885],[89.3626,23.6762],[89.3809,23.6727],[89.4114,23.6818],[89.4166,23.6732],[89.4434,23.6563],[89.458,23.6737],[89.4745,23.6755],[89.4796,23.6823],[89.4869,23.6794],[89.4845,23.6869],[89.4995,23.6973],[89.4997,23.7116],[89.5169,23.7191],[89.5124,23.7342],[89.532,23.7356],[89.5358,23.7404],[89.5434,23.7309],[89.5599,23.7306],[89.5631,23.7267],[89.5697,23.7312],[89.5775,23.726],[89.5877,23.7326]]]}},{"type":"Feature","id":"ADM3_Kamalganj","properties":{"id":"ADM3_Kamalganj","name":"Kamalganj","district":"Maulvibazar"},"geometry":{"type":"Polygon","coordinates":[[[91.8104,24.2172],[91.8207,24.2094],[91.8378,24.2189],[91.8369,24.2257],[91.8457,24.2251],[91.843,24.2204],[91.8492,24.2213],[91.8457,24.2175],[91.8551,24.2132],[91.8498,24.2129],[91.8491,24.2038],[91.8419,24.2015],[91.848,24.185],[91.8739,24.1746],[91.8751,24.1553],[91.8846,24.1388],[91.9021,24.137],[91.9145,24.1538],[91.9113,24.1642],[91.9152,24.1667],[91.9113,24.1683],[91.9407,24.2682],[91.9199,24.3376],[91.9276,24.3503],[91.9297,24.3633],[91.9252,24.3758],[91.9324,24.3949],[91.9215,24.3984],[91.9162,24.4097],[91.9142,24.4172],[91.9197,24.4171],[91.9196,24.4219],[91.9192,24.4286],[91.913,24.4304],[91.9152,24.4357],[91.9003,24.4471],[91.8947,24.4346],[91.885,24.4325],[91.8743,24.443],[91.8759,24.4569],[91.8479,24.4562],[91.8218,24.4676],[91.8166,24.4566],[91.8087,24.458],[91.8027,24.4501],[91.8036,24.4597],[91.7876,24.4651],[91.7863,24.4452],[91.795,24.4423],[91.7943,24.4267],[91.7865,24.4306],[91.7825,24.4276],[91.7904,24.4178],[91.7872,24.3998],[91.7957,24.3858],[91.7885,24.3827],[91.7984,24.3763],[91.7961,24.365],[91.7874,24.361],[91.7757,24.3674],[91.7713,24.3592],[91.7831,24.3581],[91.7829,24.3331],[91.7676,24.3269],[91.7725,24.3234],[91.7685,24.3071],[91.7881,24.3078],[91.7933,24.2998],[91.7927,24.2729],[91.776,24.27],[91.7768,24.2587],[91.7674,24.2562],[91.7664,24.2511],[91.7864,24.262],[91.7924,24.2583],[91.7934,24.2394],[91.7833,24.2251],[91.8104,24.2172]]]}},{"type":"Feature","id":"ADM3_Kamalnagar","properties":{"id":"ADM3_Kamalnagar","name":"Kamalnagar","district":"Lakshmipur"},"geometry":{"type":"Polygon","coordinates":[[[90.89,22.811],[90.8077,22.8613],[90.7916,22.8438],[90.7785,22.7911],[90.7798,22.7807],[90.7992,22.7417],[90.8366,22.6868],[90.8733,22.7039],[90.9039,22.7067],[90.9046,22.7124],[90.9134,22.7128],[90.9192,22.7226],[90.9393,22.7249],[90.9456,22.7333],[90.947,22.7245],[90.9587,22.7206],[90.9643,22.7241],[90.9809,22.7153],[90.9813,22.754],[90.9504,22.7775],[90.89,22.811]]]}},{"type":"Feature","id":"ADM3_Kamarkhanda","properties":{"id":"ADM3_Kamarkhanda","name":"Kamarkhanda","district":"Sirajganj"},"geometry":{"type":"Polygon","coordinates":[[[89.6953,24.3679],[89.6972,24.374],[89.6896,24.3804],[89.6866,24.3746],[89.684,24.3816],[89.6836,24.3989],[89.6882,24.4038],[89.6786,24.407],[89.6817,24.4132],[89.6674,24.4142],[89.6608,24.431],[89.6584,24.4236],[89.6623,24.4201],[89.6485,24.4191],[89.6501,24.4109],[89.6349,24.4139],[89.6254,24.4087],[89.6215,24.4151],[89.6246,24.4212],[89.6194,24.4237],[89.6248,24.4286],[89.6179,24.4312],[89.627,24.4353],[89.6294,24.431],[89.6313,24.4368],[89.6235,24.4382],[89.6301,24.4483],[89.61,24.4428],[89.6059,24.4489],[89.5939,24.4513],[89.5933,24.4452],[89.6077,24.4413],[89.5984,24.4354],[89.608,24.4241],[89.5993,24.422],[89.5981,24.4172],[89.5844,24.4166],[89.5951,24.4012],[89.5861,24.3965],[89.5973,24.3891],[89.5947,24.3833],[89.6047,24.3832],[89.6121,24.3774],[89.6084,24.3666],[89.6242,24.3766],[89.6135,24.3589],[89.6325,24.302],[89.6469,24.2957],[89.6504,24.3055],[89.6567,24.3084],[89.6517,24.3157],[89.6551,24.3251],[89.6695,24.3277],[89.6735,24.3342],[89.6791,24.3284],[89.6963,24.3442],[89.6914,24.352],[89.6953,24.3679]]]}},{"type":"Feature","id":"ADM3_KamrangirChar","properties":{"id":"ADM3_KamrangirChar","name":"Kamrangir Char","district":"Dhaka"},"geometry":{"type":"Polygon","coordinates":[[[90.3832,23.7133],[90.3735,23.7104],[90.3603,23.7205],[90.3674,23.7074],[90.3864,23.7088],[90.3832,23.7133]]]}},{"type":"Feature","id":"ADM3_Kanaighat","properties":{"id":"ADM3_Kanaighat","name":"Kanaighat","district":"Sylhet"},"geometry":{"type":"Polygon","coordinates":[[[92.2076,24.9436],[92.2228,24.9452],[92.2224,24.9561],[92.2161,24.9653],[92.227,24.9652],[92.2397,24.9565],[92.2423,24.9731],[92.2575,24.9759],[92.2651,24.9877],[92.2812,24.983],[92.2838,24.9648],[92.3104,24.9542],[92.3162,24.9607],[92.3281,24.9612],[92.3306,24.9795],[92.3399,24.9755],[92.3428,24.9689],[92.3558,24.9675],[92.3614,24.9837],[92.3739,24.9844],[92.3774,25.0078],[92.3923,24.9896],[92.4143,24.9903],[92.4241,25.0102],[92.4252,25.0297],[92.4022,25.0319],[92.3837,25.0425],[92.3832,25.0386],[92.3747,25.0437],[92.3696,25.041],[92.3629,25.05],[92.3608,25.0469],[92.358,25.0503],[92.3414,25.0487],[92.3423,25.0543],[92.3381,25.0516],[92.349,25.0613],[92.3478,25.0741],[92.3328,25.079],[92.3237,25.0785],[92.319,25.07],[92.3105,25.0692],[92.2552,25.0854],[92.2312,25.0971],[92.2277,25.0918],[92.2129,25.0951],[92.2171,25.0927],[92.2167,25.085],[92.2015,25.0674],[92.2289,25.0583],[92.2227,25.0565],[92.2244,25.0526],[92.2062,25.0464],[92.2004,25.0644],[92.1739,25.0551],[92.1518,25.0159],[92.1537,25.0051],[92.1355,24.9914],[92.1177,24.9856],[92.095,24.989],[92.0809,24.9819],[92.0684,24.9861],[92.0676,24.9772],[92.0595,24.9773],[92.0586,24.9653],[92.0422,24.962],[92.027,24.9476],[92.0198,24.9277],[92.0317,24.9134],[92.0264,24.9104],[92.0301,24.9042],[92.0193,24.888],[92.03,24.884],[92.0338,24.888],[92.0553,24.8882],[92.0727,24.9045],[92.0809,24.8978],[92.0913,24.902],[92.1019,24.8927],[92.1127,24.9047],[92.1315,24.9117],[92.144,24.9077],[92.1462,24.9163],[92.1575,24.9274],[92.1576,24.9447],[92.1649,24.9509],[92.1769,24.9309],[92.188,24.9369],[92.2006,24.937],[92.2076,24.9436]]]}},{"type":"Feature","id":"ADM3_Kanthalia","properties":{"id":"ADM3_Kanthalia","name":"Kanthalia","district":"Jhalokati"},"geometry":{"type":"Polygon","coordinates":[[[90.0943,22.3455],[90.1012,22.356],[90.1162,22.3648],[90.1408,22.4045],[90.1753,22.431],[90.1748,22.4574],[90.1881,22.4802],[90.1716,22.4942],[90.1714,22.5004],[90.1612,22.5017],[90.1517,22.5114],[90.1397,22.5046],[90.124,22.469],[90.1104,22.4587],[90.1057,22.4619],[90.1007,22.4447],[90.0772,22.4399],[90.0742,22.4521],[90.068,22.4532],[90.0636,22.4652],[90.0564,22.456],[90.06,22.4432],[90.0426,22.4438],[90.0363,22.4486],[90.0273,22.4442],[90.0285,22.4202],[90.0388,22.4023],[90.0228,22.3945],[90.0191,22.3714],[90.0337,22.3631],[90.036,22.3752],[90.0463,22.3604],[90.0559,22.3568],[90.0509,22.3369],[90.0614,22.3436],[90.07,22.3422],[90.0793,22.3526],[90.0868,22.3457],[90.0943,22.3455]]]}},{"type":"Feature","id":"ADM3_Kapasia","properties":{"id":"ADM3_Kapasia","name":"Kapasia","district":"Gazipur"},"geometry":{"type":"Polygon","coordinates":[[[90.5441,24.2662],[90.529,24.2544],[90.5248,24.2429],[90.5291,24.2369],[90.5419,24.2355],[90.5486,24.2195],[90.5404,24.2001],[90.5405,24.1802],[90.5516,24.1712],[90.5533,24.1598],[90.542,24.1454],[90.5409,24.134],[90.5166,24.1287],[90.522,24.1104],[90.5148,24.1001],[90.5222,24.0906],[90.5074,24.0865],[90.4978,24.0751],[90.4982,24.0378],[90.5061,24.0417],[90.5094,24.037],[90.5191,24.045],[90.5209,24.0335],[90.5365,24.0407],[90.5425,24.0368],[90.5434,24.0428],[90.553,24.0426],[90.5515,24.0473],[90.5675,24.0277],[90.5853,24.0409],[90.5999,24.0356],[90.6124,24.0452],[90.6418,24.043],[90.6503,24.0369],[90.6353,24.0715],[90.6411,24.0762],[90.6405,24.107],[90.6566,24.0923],[90.6681,24.0997],[90.6997,24.1013],[90.703,24.1066],[90.6955,24.1165],[90.6845,24.1128],[90.6763,24.1155],[90.6953,24.14],[90.685,24.1501],[90.6863,24.1895],[90.6717,24.2048],[90.6726,24.2226],[90.6854,24.2393],[90.683,24.2443],[90.6574,24.2507],[90.6313,24.267],[90.603,24.2628],[90.5757,24.2457],[90.5441,24.2662]]]}},{"type":"Feature","id":"ADM3_Kaptai","properties":{"id":"ADM3_Kaptai","name":"Kaptai","district":"Rangamati"},"geometry":{"type":"Polygon","coordinates":[[[92.2844,22.5149],[92.2771,22.5117],[92.2796,22.4925],[92.26,22.5019],[92.2431,22.5002],[92.2134,22.5107],[92.1536,22.514],[92.123,22.581],[92.1013,22.5759],[92.105,22.5662],[92.0991,22.5581],[92.1068,22.5563],[92.1078,22.5299],[92.1159,22.5305],[92.1333,22.4791],[92.13,22.4739],[92.134,22.4641],[92.1282,22.4588],[92.1402,22.4501],[92.139,22.4402],[92.1428,22.4368],[92.1273,22.4307],[92.1237,22.4231],[92.1163,22.4233],[92.1154,22.4137],[92.1342,22.401],[92.1659,22.394],[92.1805,22.3678],[92.2066,22.3573],[92.2154,22.3648],[92.2136,22.3882],[92.2491,22.4135],[92.2842,22.4513],[92.2787,22.4582],[92.3007,22.4981],[92.2844,22.5149]]]}},{"type":"Feature","id":"ADM3_Karimganj","properties":{"id":"ADM3_Karimganj","name":"Karimganj","district":"Kishoreganj"},"geometry":{"type":"Polygon","coordinates":[[[90.9493,24.4986],[90.9293,24.4895],[90.9029,24.4893],[90.906,24.4993],[90.8856,24.4993],[90.8832,24.5183],[90.871,24.5336],[90.8524,24.5294],[90.841,24.5187],[90.838,24.5275],[90.8319,24.5264],[90.8348,24.5208],[90.8275,24.502],[90.8208,24.5026],[90.8104,24.4892],[90.8013,24.4744],[90.8072,24.4739],[90.8018,24.466],[90.8101,24.4536],[90.8045,24.4417],[90.8144,24.442],[90.8163,24.4528],[90.8246,24.446],[90.8229,24.4369],[90.8163,24.4376],[90.8171,24.4334],[90.8309,24.4281],[90.8512,24.4357],[90.8619,24.4217],[90.853,24.3883],[90.8486,24.3853],[90.8523,24.3819],[90.8407,24.3752],[90.8575,24.3827],[90.8623,24.3696],[90.8789,24.3683],[90.9016,24.3756],[90.9046,24.384],[90.9288,24.3984],[90.9362,24.3988],[90.944,24.3894],[90.9541,24.3877],[90.9566,24.3971],[90.9437,24.402],[90.9527,24.4045],[90.9598,24.3997],[90.9669,24.4065],[90.9639,24.42],[90.9753,24.4202],[90.9709,24.4294],[90.983,24.4289],[90.9793,24.4449],[90.9973,24.438],[90.9958,24.4524],[91.0114,24.4586],[91.0051,24.463],[91.0062,24.4686],[90.9855,24.4658],[90.9773,24.4872],[90.9693,24.4923],[90.9574,24.488],[90.9493,24.4986]]]}},{"type":"Feature","id":"ADM3_Kasba","properties":{"id":"ADM3_Kasba","name":"Kasba","district":"Brahamanbaria"},"geometry":{"type":"Polygon","coordinates":[[[91.1405,23.8624],[91.0984,23.8632],[91.0915,23.8469],[91.084,23.8504],[91.0821,23.8458],[91.0665,23.8448],[91.0725,23.8296],[91.0841,23.8261],[91.082,23.8211],[91.076,23.8123],[91.0656,23.8109],[91.056,23.8024],[91.0414,23.8042],[91.0406,23.7933],[91.0354,23.7953],[91.0409,23.785],[91.0381,23.7819],[91.0492,23.7715],[91.0427,23.7676],[91.0438,23.7628],[91.0545,23.7676],[91.0497,23.7597],[91.0595,23.7618],[91.0558,23.7532],[91.0658,23.7573],[91.0583,23.7459],[91.0625,23.7423],[91.0671,23.746],[91.0663,23.7364],[91.0724,23.7401],[91.0664,23.7338],[91.07,23.7305],[91.0784,23.7366],[91.0734,23.7287],[91.0778,23.7252],[91.0802,23.7303],[91.0857,23.7299],[91.0846,23.724],[91.0797,23.7233],[91.0868,23.7155],[91.0965,23.719],[91.096,23.7137],[91.1096,23.7157],[91.099,23.7069],[91.1086,23.7065],[91.1029,23.7036],[91.1096,23.7038],[91.1058,23.6953],[91.1199,23.6947],[91.1191,23.6822],[91.1216,23.6871],[91.1223,23.679],[91.1278,23.6805],[91.1212,23.6743],[91.1293,23.6708],[91.1274,23.6677],[91.1413,23.6644],[91.142,23.6688],[91.1563,23.6708],[91.1703,23.6577],[91.1817,23.6565],[91.1828,23.6598],[91.1929,23.6546],[91.1907,23.6471],[91.1994,23.6467],[91.2045,23.6505],[91.2032,23.6802],[91.2085,23.6866],[91.1955,23.6923],[91.1542,23.6885],[91.1491,23.7117],[91.157,23.7422],[91.1676,23.7498],[91.2103,23.7493],[91.2189,23.7366],[91.2306,23.7651],[91.2305,23.7845],[91.2269,23.7903],[91.2108,23.7802],[91.2041,23.7866],[91.2019,23.781],[91.2,23.7903],[91.2038,23.7889],[91.2049,23.8024],[91.1973,23.7971],[91.1955,23.8005],[91.1809,23.7985],[91.172,23.7917],[91.1773,23.8206],[91.1666,23.8137],[91.1622,23.8182],[91.1601,23.8097],[91.1572,23.8146],[91.1566,23.8098],[91.1461,23.8093],[91.1313,23.8177],[91.1181,23.808],[91.1189,23.8292],[91.1263,23.843],[91.1309,23.8403],[91.1372,23.8442],[91.1405,23.8624]]]}},{"type":"Feature","id":"ADM3_Kashiani","properties":{"id":"ADM3_Kashiani","name":"Kashiani","district":"Gopalganj"},"geometry":{"type":"Polygon","coordinates":[[[89.688,23.2104],[89.679,23.1833],[89.6911,23.1626],[89.6966,23.1622],[89.7133,23.1777],[89.7335,23.1865],[89.7537,23.1877],[89.7644,23.1807],[89.7624,23.175],[89.7385,23.1733],[89.7302,23.1585],[89.7417,23.1423],[89.7395,23.1306],[89.7506,23.1276],[89.7815,23.1357],[89.7858,23.1171],[89.7814,23.0951],[89.7927,23.0826],[89.8019,23.0813],[89.8048,23.0875],[89.8143,23.0849],[89.8252,23.0941],[89.8259,23.108],[89.832,23.11],[89.8347,23.1057],[89.8396,23.1116],[89.8415,23.1232],[89.8526,23.1279],[89.8555,23.1226],[89.864,23.1221],[89.9064,23.1301],[89.9124,23.1411],[89.9211,23.1433],[89.9183,23.1581],[89.9248,23.1735],[89.9197,23.176],[89.9136,23.1715],[89.8917,23.1814],[89.8919,23.1977],[89.8852,23.1951],[89.8823,23.1867],[89.8681,23.185],[89.8564,23.203],[89.845,23.201],[89.8366,23.2382],[89.8203,23.2526],[89.8229,23.2614],[89.8179,23.2645],[89.8226,23.272],[89.817,23.2754],[89.8122,23.2717],[89.8086,23.2838],[89.799,23.2895],[89.79,23.313],[89.7792,23.3113],[89.7824,23.3054],[89.7783,23.3056],[89.7785,23.2987],[89.7705,23.3029],[89.7678,23.2948],[89.7628,23.2943],[89.7648,23.2898],[89.7593,23.2884],[89.7522,23.3009],[89.7442,23.2897],[89.743,23.2967],[89.7288,23.3039],[89.7356,23.2985],[89.7319,23.2973],[89.7331,23.2913],[89.7453,23.2851],[89.7512,23.2751],[89.7416,23.2616],[89.7305,23.257],[89.7312,23.2474],[89.7159,23.241],[89.7157,23.2317],[89.688,23.2104]]]}},{"type":"Feature","id":"ADM3_Katiadi","properties":{"id":"ADM3_Katiadi","name":"Katiadi","district":"Kishoreganj"},"geometry":{"type":"Polygon","coordinates":[[[90.8854,24.2729],[90.8865,24.2842],[90.8977,24.28],[90.8965,24.3037],[90.889,24.3051],[90.9058,24.3074],[90.9106,24.3172],[90.9189,24.3212],[90.9203,24.3484],[90.9077,24.3653],[90.8996,24.3659],[90.9016,24.3756],[90.8573,24.3593],[90.8475,24.361],[90.8328,24.3455],[90.8168,24.361],[90.7902,24.355],[90.7908,24.3643],[90.7844,24.3702],[90.7724,24.3553],[90.774,24.3452],[90.7642,24.3441],[90.7649,24.3026],[90.7585,24.2907],[90.7619,24.2875],[90.7476,24.2786],[90.7389,24.2834],[90.7313,24.2732],[90.7227,24.2709],[90.7199,24.2635],[90.7266,24.2523],[90.7179,24.24],[90.7222,24.2353],[90.7518,24.2516],[90.7706,24.2505],[90.7815,24.2427],[90.7833,24.2266],[90.7934,24.2193],[90.7861,24.1931],[90.7929,24.1873],[90.8041,24.1847],[90.8072,24.188],[90.812,24.1766],[90.8205,24.171],[90.8426,24.1977],[90.8393,24.2101],[90.8237,24.2181],[90.824,24.2339],[90.8309,24.2365],[90.8336,24.2457],[90.8493,24.2526],[90.8667,24.2459],[90.8662,24.2524],[90.8754,24.2527],[90.8698,24.2707],[90.8787,24.274],[90.8842,24.2695],[90.8854,24.2729]]]}},{"type":"Feature","id":"ADM3_Kaunia","properties":{"id":"ADM3_Kaunia","name":"Kaunia","district":"Rangpur"},"geometry":{"type":"Polygon","coordinates":[[[89.3125,25.8124],[89.3192,25.8088],[89.3096,25.7926],[89.3103,25.7812],[89.2978,25.7465],[89.3036,25.7438],[89.3016,25.7401],[89.3151,25.7452],[89.3209,25.7536],[89.3308,25.7554],[89.3308,25.752],[89.3373,25.757],[89.3435,25.7475],[89.3377,25.7439],[89.3448,25.7434],[89.3439,25.7205],[89.3507,25.7175],[89.3553,25.7215],[89.3535,25.727],[89.3636,25.7228],[89.3727,25.7329],[89.3819,25.7303],[89.3878,25.7343],[89.3872,25.729],[89.3929,25.7255],[89.3992,25.7408],[89.4358,25.7336],[89.4379,25.7265],[89.4433,25.7266],[89.4374,25.7206],[89.4468,25.718],[89.4416,25.7092],[89.4484,25.6989],[89.4533,25.6977],[89.4599,25.7126],[89.4704,25.7084],[89.4776,25.7144],[89.4922,25.7133],[89.4849,25.7278],[89.4983,25.7302],[89.5,25.7468],[89.4866,25.7544],[89.4808,25.7531],[89.4799,25.7625],[89.4628,25.7862],[89.4552,25.7839],[89.4507,25.7879],[89.447,25.7842],[89.4296,25.7883],[89.4294,25.7952],[89.4189,25.7923],[89.3884,25.7969],[89.3757,25.8049],[89.3706,25.8175],[89.3444,25.8249],[89.3339,25.8255],[89.3351,25.8197],[89.3303,25.8191],[89.3214,25.8222],[89.3125,25.8124]]]}},{"type":"Feature","id":"ADM3_Kawkhali","properties":{"id":"ADM3_Kawkhali","name":"Kawkhali","district":"Pirojpur"},"geometry":{"type":"Polygon","coordinates":[[[90.0649,22.5283],[90.0657,22.5528],[90.0559,22.5797],[90.0629,22.5933],[90.077,22.5878],[90.0916,22.5904],[90.1022,22.5961],[90.1101,22.6097],[90.1004,22.6263],[90.1013,22.6375],[90.0965,22.6396],[90.0972,22.6556],[90.0834,22.6521],[90.0758,22.6565],[90.0763,22.6628],[90.0716,22.6611],[90.0624,22.6694],[90.0497,22.6593],[90.0317,22.6646],[90.0297,22.6323],[90.0204,22.6078],[90.0355,22.6025],[90.0382,22.5904],[90.0289,22.5694],[90.0203,22.568],[90.0212,22.5162],[90.0311,22.5187],[90.0316,22.5295],[90.0426,22.5355],[90.0512,22.551],[90.0567,22.5514],[90.0649,22.5283]]]}},{"type":"Feature","id":"ADM3_KawkhaliBetbunia","properties":{"id":"ADM3_KawkhaliBetbunia","name":"Kawkhali (Betbunia)","district":"Rangamati"},"geometry":{"type":"Polygon","coordinates":[[[91.9347,22.6571],[91.9388,22.6241],[91.945,22.6117],[91.9413,22.607],[91.9559,22.5897],[91.9567,22.5778],[91.9619,22.5741],[91.959,22.5654],[91.9642,22.5632],[91.9693,22.5478],[91.9665,22.5442],[91.9725,22.5343],[91.9715,22.5193],[91.9769,22.5174],[91.9782,22.5078],[91.974,22.5069],[91.9704,22.4953],[91.976,22.4904],[91.9894,22.4902],[91.9812,22.489],[91.9809,22.4832],[92.0047,22.4886],[92.0057,22.4966],[92.0162,22.4992],[92.0162,22.5063],[92.0216,22.5093],[92.0174,22.518],[92.0281,22.5277],[92.0213,22.5358],[92.0219,22.5434],[92.0147,22.5487],[92.0175,22.569],[92.0059,22.5866],[92.0129,22.6049],[92.0313,22.6109],[92.0355,22.6226],[92.0408,22.62],[92.0405,22.6114],[92.046,22.6111],[92.0453,22.6071],[92.0603,22.6148],[92.0804,22.6096],[92.0758,22.5935],[92.0807,22.5946],[92.0986,22.5771],[92.123,22.581],[92.0949,22.6482],[92.0533,22.6867],[92.0049,22.7045],[91.9986,22.7238],[91.9858,22.7183],[91.9666,22.7178],[91.9625,22.691],[91.9276,22.6887],[91.9257,22.6804],[91.9369,22.6772],[91.9431,22.6687],[91.9347,22.6571]]]}},{"type":"Feature","id":"ADM3_Kazipur","properties":{"id":"ADM3_Kazipur","name":"Kazipur","district":"Sirajganj"},"geometry":{"type":"Polygon","coordinates":[[[89.6017,24.6052],[89.6109,24.6132],[89.6313,24.5968],[89.6469,24.6001],[89.6548,24.5913],[89.6484,24.5838],[89.652,24.5762],[89.6629,24.5807],[89.6689,24.5734],[89.668,24.5574],[89.6751,24.5523],[89.6807,24.5547],[89.6813,24.5457],[89.6911,24.5451],[89.6925,24.5547],[89.6879,24.5624],[89.6914,24.5752],[89.701,24.5836],[89.7069,24.5801],[89.7071,24.5893],[89.7257,24.5916],[89.7277,24.5725],[89.7442,24.5686],[89.7373,24.5841],[89.7393,24.5922],[89.7424,24.5967],[89.7565,24.5967],[89.7618,24.5902],[89.7684,24.5934],[89.7716,24.6002],[89.7655,24.6231],[89.785,24.6258],[89.7833,24.6692],[89.7992,24.68],[89.7968,24.6856],[89.7901,24.6864],[89.7929,24.6904],[89.7879,24.6965],[89.7925,24.7033],[89.7833,24.7039],[89.7737,24.7164],[89.7724,24.724],[89.7834,24.724],[89.7909,24.7352],[89.7884,24.7402],[89.7771,24.7431],[89.7826,24.7489],[89.78,24.7652],[89.7717,24.7729],[89.758,24.7672],[89.7414,24.7746],[89.7349,24.7611],[89.7329,24.7701],[89.7223,24.7751],[89.68,24.7838],[89.675,24.7817],[89.6731,24.7614],[89.6639,24.7546],[89.6665,24.7471],[89.6559,24.7477],[89.6608,24.7284],[89.6468,24.718],[89.6373,24.7166],[89.6442,24.7103],[89.6456,24.7014],[89.624,24.6855],[89.6174,24.689],[89.612,24.6838],[89.6053,24.6945],[89.5917,24.7029],[89.5678,24.6938],[89.5638,24.7111],[89.5546,24.7043],[89.562,24.6893],[89.5579,24.6801],[89.5502,24.6775],[89.5543,24.6676],[89.5447,24.6537],[89.562,24.6527],[89.5543,24.6407],[89.5594,24.6262],[89.5559,24.622],[89.55,24.624],[89.5494,24.6176],[89.5815,24.6206],[89.5892,24.6107],[89.5957,24.6114],[89.6017,24.6052]]]}},{"type":"Feature","id":"ADM3_Kendua","properties":{"id":"ADM3_Kendua","name":"Kendua","district":"Netrakona"},"geometry":{"type":"Polygon","coordinates":[[[90.7793,24.7725],[90.7744,24.7641],[90.7598,24.7648],[90.7559,24.7576],[90.7454,24.758],[90.7302,24.7711],[90.7096,24.7672],[90.7067,24.7731],[90.6955,24.7715],[90.6955,24.7578],[90.7153,24.7526],[90.7148,24.743],[90.7217,24.7426],[90.7243,24.7316],[90.7179,24.7273],[90.7084,24.7298],[90.7021,24.716],[90.6955,24.7141],[90.6959,24.7001],[90.7047,24.7002],[90.709,24.6928],[90.7006,24.6757],[90.7044,24.6668],[90.722,24.6492],[90.7296,24.6533],[90.7308,24.6491],[90.7407,24.6491],[90.7439,24.6376],[90.758,24.6377],[90.7609,24.6272],[90.757,24.6105],[90.773,24.6087],[90.7763,24.6167],[90.7831,24.6075],[90.7944,24.6054],[90.796,24.5955],[90.7888,24.5849],[90.7957,24.584],[90.7925,24.5778],[90.7968,24.5755],[90.8092,24.5823],[90.8056,24.5866],[90.8158,24.5814],[90.8155,24.5871],[90.8235,24.5881],[90.8398,24.5799],[90.8569,24.5995],[90.8632,24.5991],[90.8631,24.5944],[90.88,24.5925],[90.8848,24.6003],[90.904,24.5998],[90.9072,24.5946],[90.9159,24.6012],[90.9163,24.6137],[90.9132,24.6255],[90.903,24.6294],[90.9076,24.6494],[90.8936,24.6597],[90.8919,24.6819],[90.8837,24.6933],[90.8751,24.6955],[90.8772,24.7155],[90.8617,24.7142],[90.8609,24.7231],[90.856,24.721],[90.8488,24.7332],[90.8432,24.733],[90.8492,24.7439],[90.8446,24.7489],[90.8283,24.7481],[90.8145,24.7578],[90.8015,24.7595],[90.8016,24.765],[90.7958,24.7633],[90.7959,24.7782],[90.7793,24.7725]]]}},{"type":"Feature","id":"ADM3_Keraniganj","properties":{"id":"ADM3_Keraniganj","name":"Keraniganj","district":"Dhaka"},"geometry":{"type":"Polygon","coordinates":[[[90.3997,23.7108],[90.3852,23.7123],[90.3864,23.7088],[90.3674,23.7074],[90.3538,23.7385],[90.3421,23.7483],[90.3266,23.7428],[90.3171,23.7486],[90.3117,23.7576],[90.3108,23.7736],[90.2919,23.7706],[90.2863,23.7498],[90.2658,23.7446],[90.2566,23.7516],[90.2517,23.7706],[90.2365,23.7797],[90.2186,23.7483],[90.2236,23.7392],[90.2379,23.7357],[90.2542,23.7217],[90.2794,23.6801],[90.3315,23.6417],[90.3499,23.6372],[90.3683,23.6527],[90.3905,23.6499],[90.4302,23.6086],[90.4467,23.6239],[90.4699,23.6292],[90.472,23.6388],[90.449,23.6681],[90.4171,23.6997],[90.3997,23.7108]]]}},{"type":"Feature","id":"ADM3_Keshabpur","properties":{"id":"ADM3_Keshabpur","name":"Keshabpur","district":"Jessore"},"geometry":{"type":"Polygon","coordinates":[[[89.3412,22.9206],[89.3282,22.9167],[89.3083,22.921],[89.3009,22.9295],[89.3114,22.9331],[89.282,22.9321],[89.2786,22.9441],[89.2529,22.9392],[89.2419,22.943],[89.2462,22.9344],[89.2414,22.9317],[89.2265,22.9369],[89.2236,22.9456],[89.2125,22.9359],[89.204,22.9396],[89.1861,22.9333],[89.1739,22.936],[89.1683,22.9285],[89.1594,22.9379],[89.1578,22.929],[89.1477,22.9324],[89.1481,22.9207],[89.1301,22.9204],[89.1414,22.8994],[89.1405,22.8915],[89.1173,22.9039],[89.1104,22.8916],[89.1282,22.8726],[89.1228,22.8534],[89.1271,22.8385],[89.1368,22.8277],[89.1452,22.8267],[89.1477,22.836],[89.1578,22.8273],[89.1574,22.8107],[89.1417,22.8037],[89.1491,22.7953],[89.1632,22.8023],[89.1721,22.8202],[89.1788,22.8126],[89.1864,22.816],[89.2015,22.8124],[89.2066,22.8183],[89.2324,22.825],[89.2314,22.8304],[89.2467,22.8356],[89.2553,22.848],[89.2667,22.8413],[89.2669,22.8516],[89.2851,22.8495],[89.2886,22.8622],[89.2967,22.8539],[89.3096,22.8524],[89.2959,22.8467],[89.2963,22.8428],[89.3289,22.8379],[89.3292,22.8322],[89.3223,22.8278],[89.348,22.8307],[89.3534,22.837],[89.3506,22.8534],[89.3574,22.8629],[89.3448,22.8679],[89.347,22.8745],[89.3553,22.8764],[89.356,22.8847],[89.3461,22.908],[89.3394,22.9095],[89.3412,22.9206]]]}},{"type":"Feature","id":"ADM3_KhagrachhariSadar","properties":{"id":"ADM3_KhagrachhariSadar","name":"Khagrachhari Sadar","district":"Khagrachhari"},"geometry":{"type":"Polygon","coordinates":[[[91.9993,23.2677],[91.9538,23.2283],[91.9259,23.2231],[91.9134,23.1889],[91.8929,23.1716],[91.9089,23.1447],[91.9305,23.1266],[91.9527,23.0962],[91.9472,23.0616],[91.9666,23.0057],[92.0234,23.0242],[92.0548,23.0497],[92.0801,23.0549],[92.0145,23.202],[91.9993,23.2677]]]}},{"type":"Feature","id":"ADM3_Khaliajuri","properties":{"id":"ADM3_Khaliajuri","name":"Khaliajuri","district":"Netrakona"},"geometry":{"type":"Polygon","coordinates":[[[91.1716,24.8203],[91.1652,24.8326],[91.1538,24.8379],[91.1429,24.8264],[91.1528,24.8106],[91.1426,24.8006],[91.1446,24.7946],[91.1304,24.7928],[91.13,24.7992],[91.1162,24.8065],[91.1021,24.7809],[91.0869,24.7873],[91.0871,24.7777],[91.077,24.7758],[91.0754,24.7646],[91.064,24.7678],[91.0631,24.7719],[91.0549,24.7659],[91.0104,24.7651],[91.0078,24.7579],[91.0122,24.7541],[91.0016,24.7367],[91.0162,24.7398],[91.0355,24.7308],[91.035,24.7254],[91.0489,24.7177],[91.0496,24.7083],[91.0378,24.6973],[91.0475,24.6929],[91.0614,24.7028],[91.0723,24.6961],[91.0633,24.6745],[91.0656,24.6662],[91.0552,24.6654],[91.0387,24.6411],[91.0436,24.6354],[91.042,24.6302],[91.0502,24.6271],[91.0361,24.6193],[91.0382,24.611],[91.0732,24.619],[91.0931,24.6016],[91.0997,24.5999],[91.0996,24.605],[91.1055,24.6],[91.1047,24.608],[91.1177,24.606],[91.1289,24.61],[91.1347,24.6206],[91.1273,24.6292],[91.1299,24.6421],[91.1382,24.6346],[91.1543,24.639],[91.1638,24.6322],[91.1749,24.6431],[91.1851,24.6357],[91.1921,24.6384],[91.1952,24.6311],[91.2047,24.6318],[91.2099,24.6525],[91.2261,24.6506],[91.23,24.6547],[91.2327,24.6664],[91.2225,24.6694],[91.2238,24.6752],[91.2334,24.6723],[91.242,24.68],[91.2409,24.6921],[91.2309,24.6929],[91.2197,24.7024],[91.2266,24.7066],[91.2293,24.7237],[91.2253,24.7275],[91.2124,24.7131],[91.2066,24.7139],[91.2068,24.709],[91.1803,24.7241],[91.1689,24.725],[91.1631,24.7167],[91.1591,24.7177],[91.1587,24.7249],[91.1413,24.7242],[91.1518,24.73],[91.1473,24.7467],[91.1555,24.741],[91.1593,24.7481],[91.152,24.7472],[91.1489,24.7549],[91.1353,24.7574],[91.1514,24.7663],[91.1585,24.7648],[91.1664,24.7798],[91.1712,24.7799],[91.168,24.7919],[91.1605,24.7919],[91.1721,24.8096],[91.1716,24.8203]]]}},{"type":"Feature","id":"ADM3_Khalishpur","properties":{"id":"ADM3_Khalishpur","name":"Khalishpur","district":"Khulna"},"geometry":{"type":"Polygon","coordinates":[[[89.513,22.8487],[89.5172,22.8345],[89.5397,22.8373],[89.5493,22.8299],[89.555,22.8335],[89.551,22.8686],[89.5307,22.8693],[89.532,22.8585],[89.5189,22.8554],[89.513,22.8487]]]}},{"type":"Feature","id":"ADM3_KhanJahanAli","properties":{"id":"ADM3_KhanJahanAli","name":"Khan Jahan Ali","district":"Khulna"},"geometry":{"type":"Polygon","coordinates":[[[89.4853,22.9494],[89.4736,22.9468],[89.4608,22.9147],[89.4746,22.9084],[89.473,22.8994],[89.4814,22.8869],[89.4915,22.8873],[89.4982,22.8974],[89.5182,22.8946],[89.5145,22.9276],[89.4853,22.9494]]]}},{"type":"Feature","id":"ADM3_Khansama","properties":{"id":"ADM3_Khansama","name":"Khansama","district":"Dinajpur"},"geometry":{"type":"Polygon","coordinates":[[[88.7244,25.818],[88.7095,25.7882],[88.7515,25.7781],[88.7761,25.7794],[88.8062,25.7973],[88.8142,25.7888],[88.8245,25.7913],[88.8463,25.8054],[88.8422,25.8126],[88.8276,25.8132],[88.8274,25.8326],[88.8225,25.8406],[88.8277,25.8538],[88.8201,25.8555],[88.816,25.8772],[88.8015,25.9005],[88.8012,25.9224],[88.7786,25.9349],[88.7595,25.939],[88.7551,25.931],[88.7445,25.9382],[88.7515,25.9474],[88.7437,25.965],[88.7482,25.9773],[88.7375,25.9976],[88.7361,26.0129],[88.7301,26.0171],[88.7197,26.0082],[88.7105,26.0074],[88.7117,25.9998],[88.7024,25.9917],[88.7082,25.9859],[88.7175,25.9919],[88.7217,25.9883],[88.7184,25.9639],[88.7086,25.9616],[88.7187,25.9533],[88.716,25.9485],[88.7208,25.9362],[88.7137,25.9277],[88.7173,25.9271],[88.7149,25.9225],[88.7289,25.9216],[88.7271,25.9107],[88.7325,25.9098],[88.7216,25.8741],[88.729,25.8613],[88.725,25.8551],[88.7344,25.8385],[88.7355,25.8218],[88.7244,25.818]]]}},{"type":"Feature","id":"ADM3_Khetlal","properties":{"id":"ADM3_Khetlal","name":"Khetlal","district":"Joypurhat"},"geometry":{"type":"Polygon","coordinates":[[[89.1033,24.9709],[89.1275,24.9624],[89.1219,24.9498],[89.1791,24.953],[89.1854,24.9433],[89.1904,24.9451],[89.1869,24.947],[89.1871,24.9622],[89.1778,24.9696],[89.1863,24.9827],[89.18,24.9799],[89.1612,24.9839],[89.1614,24.9908],[89.1725,24.9977],[89.1659,24.999],[89.1597,25.0234],[89.1436,25.0246],[89.1386,25.0382],[89.1316,25.0366],[89.1265,25.0512],[89.1295,25.0611],[89.1491,25.0655],[89.1495,25.0751],[89.1581,25.0757],[89.1559,25.0785],[89.1657,25.0884],[89.1787,25.0898],[89.1784,25.102],[89.1702,25.0994],[89.1628,25.1049],[89.1579,25.0997],[89.1614,25.1132],[89.1578,25.1225],[89.1508,25.1178],[89.1475,25.1228],[89.1413,25.1153],[89.1305,25.1133],[89.1151,25.0834],[89.0959,25.0776],[89.0831,25.0531],[89.073,25.0468],[89.0762,25.0438],[89.0718,25.0376],[89.0457,25.0381],[89.0434,25.0318],[89.0359,25.0299],[89.0456,25.0147],[89.0453,24.9967],[89.0516,24.998],[89.0476,24.9893],[89.0595,24.9947],[89.057,24.9848],[89.0618,24.9815],[89.0743,24.9821],[89.0794,24.9765],[89.101,24.9779],[89.1033,24.9709]]]}},{"type":"Feature","id":"ADM3_Khilgaon","properties":{"id":"ADM3_Khilgaon","name":"Khilgaon","district":"Dhaka"},"geometry":{"type":"Polygon","coordinates":[[[90.4336,23.7632],[90.425,23.7507],[90.416,23.7495],[90.4266,23.744],[90.4417,23.7471],[90.4571,23.7408],[90.462,23.7522],[90.4723,23.754],[90.474,23.7615],[90.4825,23.7618],[90.4824,23.7734],[90.4654,23.7834],[90.4587,23.7757],[90.462,23.7736],[90.4521,23.766],[90.4545,23.7601],[90.446,23.7591],[90.4418,23.7663],[90.4336,23.7632]]]}},{"type":"Feature","id":"ADM3_Khilkhet","properties":{"id":"ADM3_Khilkhet","name":"Khilkhet","district":"Dhaka"},"geometry":{"type":"Polygon","coordinates":[[[90.4858,23.8213],[90.4839,23.8316],[90.4772,23.835],[90.4713,23.8473],[90.4657,23.8437],[90.4539,23.8488],[90.4239,23.8476],[90.4132,23.8336],[90.4167,23.8199],[90.4483,23.8281],[90.4858,23.8213]]]}},{"type":"Feature","id":"ADM3_Khoksa","properties":{"id":"ADM3_Khoksa","name":"Khoksa","district":"Kushtia"},"geometry":{"type":"Polygon","coordinates":[[[89.3554,23.8859],[89.3519,23.8826],[89.3471,23.8892],[89.3129,23.8721],[89.2926,23.8709],[89.3011,23.8678],[89.2846,23.8573],[89.2963,23.8534],[89.2899,23.8503],[89.2961,23.8415],[89.2888,23.8373],[89.2859,23.8261],[89.2606,23.8319],[89.2566,23.828],[89.2563,23.818],[89.2465,23.8071],[89.2497,23.8014],[89.2441,23.7951],[89.2438,23.7778],[89.2477,23.7742],[89.2452,23.7664],[89.2564,23.7585],[89.2667,23.7427],[89.2982,23.736],[89.3062,23.7452],[89.3158,23.748],[89.3231,23.7664],[89.3104,23.7685],[89.3111,23.7762],[89.3302,23.7785],[89.327,23.7953],[89.3368,23.819],[89.3365,23.8287],[89.3513,23.8411],[89.3515,23.8606],[89.3632,23.8701],[89.3582,23.875],[89.3608,23.8828],[89.3554,23.8859]]]}},{"type":"Feature","id":"ADM3_KhulnaSadar","properties":{"id":"ADM3_KhulnaSadar","name":"Khulna Sadar","district":"Khulna"},"geometry":{"type":"Polygon","coordinates":[[[89.5755,22.7691],[89.5843,22.7816],[89.5799,22.8105],[89.5746,22.8177],[89.5607,22.8227],[89.555,22.8335],[89.5492,22.8321],[89.5609,22.8133],[89.5571,22.8129],[89.5542,22.802],[89.5405,22.8005],[89.5561,22.7938],[89.5605,22.7988],[89.5646,22.7966],[89.5679,22.7775],[89.5755,22.7691]]]}},{"type":"Feature","id":"ADM3_Khulshi","properties":{"id":"ADM3_Khulshi","name":"Khulshi","district":"Chittagong"},"geometry":{"type":"Polygon","coordinates":[[[91.7903,22.3884],[91.7845,22.3891],[91.774,22.3807],[91.7757,22.3751],[91.7911,22.3574],[91.8148,22.3404],[91.8221,22.351],[91.823,22.3663],[91.8146,22.3738],[91.7944,22.373],[91.8034,22.3846],[91.7903,22.3884]]]}},{"type":"Feature","id":"ADM3_Kishoreganj","properties":{"id":"ADM3_Kishoreganj","name":"Kishoreganj","district":"Nilphamari"},"geometry":{"type":"Polygon","coordinates":[[[89.1076,25.9647],[89.07,25.9534],[89.0644,25.9591],[89.0359,25.965],[89.0349,25.9718],[89.0255,25.97],[89.0211,25.9737],[89.0218,25.9689],[89.0098,25.9671],[89.0107,25.9766],[89.0041,25.9732],[88.9975,25.9836],[88.9947,25.9806],[89.0009,25.9746],[88.9985,25.9651],[88.9879,25.9674],[88.9881,25.9574],[88.9679,25.9594],[88.9716,25.9464],[88.9767,25.9458],[88.9724,25.9428],[88.978,25.9417],[88.9629,25.9305],[88.9593,25.8996],[88.9514,25.8827],[88.956,25.8792],[88.9488,25.8706],[88.9532,25.8637],[88.968,25.8646],[88.9754,25.8589],[88.9788,25.8618],[88.9773,25.8569],[88.9854,25.8548],[88.9919,25.8452],[88.9902,25.8392],[88.9792,25.8349],[88.9895,25.8334],[88.9864,25.8301],[88.9879,25.8228],[88.9934,25.8235],[88.9907,25.8202],[89.0022,25.8238],[89.0085,25.816],[89.0137,25.8197],[89.033,25.8185],[89.0433,25.8164],[89.0432,25.8127],[89.062,25.8341],[89.0905,25.8268],[89.0873,25.8459],[89.1005,25.8514],[89.0963,25.8619],[89.1036,25.8675],[89.1026,25.8752],[89.1163,25.8861],[89.1056,25.8968],[89.0999,25.8969],[89.0976,25.9052],[89.1032,25.9112],[89.1002,25.928],[89.1042,25.9347],[89.0942,25.9367],[89.1021,25.9395],[89.1094,25.958],[89.1076,25.9647]]]}},{"type":"Feature","id":"ADM3_KishoreganjSadar","properties":{"id":"ADM3_KishoreganjSadar","name":"Kishoreganj Sadar","district":"Kishoreganj"},"geometry":{"type":"Polygon","coordinates":[[[90.7182,24.3919],[90.7129,24.3755],[90.7328,24.3838],[90.7402,24.3712],[90.7407,24.3592],[90.7358,24.3586],[90.7503,24.3438],[90.774,24.3452],[90.7724,24.3553],[90.7844,24.3702],[90.7908,24.3643],[90.7902,24.355],[90.8168,24.361],[90.8328,24.3455],[90.8475,24.361],[90.8573,24.3593],[90.8789,24.3683],[90.8623,24.3696],[90.8575,24.3827],[90.8407,24.3752],[90.8523,24.3819],[90.8486,24.3853],[90.8619,24.4163],[90.8512,24.4357],[90.8309,24.4281],[90.8171,24.4334],[90.8163,24.4376],[90.8229,24.4369],[90.8246,24.446],[90.8163,24.4528],[90.8144,24.442],[90.8045,24.4417],[90.8101,24.4536],[90.8018,24.466],[90.8072,24.4739],[90.8013,24.4744],[90.8208,24.5026],[90.8151,24.5056],[90.8144,24.5191],[90.8065,24.5209],[90.8041,24.5307],[90.7976,24.5192],[90.7924,24.5184],[90.7937,24.5078],[90.7575,24.5127],[90.7533,24.5032],[90.7428,24.5097],[90.7361,24.4861],[90.7227,24.4744],[90.7175,24.4607],[90.7281,24.45],[90.7235,24.443],[90.7134,24.4449],[90.7199,24.4425],[90.7209,24.4328],[90.7268,24.4291],[90.725,24.4234],[90.7316,24.4215],[90.7146,24.4061],[90.7182,24.3919]]]}},{"type":"Feature","id":"ADM3_KotaliPara","properties":{"id":"ADM3_KotaliPara","name":"Kotali Para","district":"Gopalganj"},"geometry":{"type":"Polygon","coordinates":[[[90.1431,23.0453],[90.1435,23.0489],[90.1331,23.0497],[90.1345,23.0431],[90.1262,23.0274],[90.1148,23.0339],[90.1104,23.0664],[90.1242,23.0651],[90.1316,23.0707],[90.1201,23.0775],[90.1084,23.0769],[90.1101,23.1028],[90.1187,23.1115],[90.1093,23.1129],[90.1093,23.1173],[90.0796,23.1132],[90.0801,23.1258],[90.0739,23.1192],[90.0621,23.1201],[90.0504,23.1065],[90.0424,23.1056],[90.0441,23.1213],[90.0137,23.1292],[90.0118,23.1388],[89.9928,23.1319],[89.9843,23.1105],[89.9684,23.1098],[89.961,23.0245],[89.9553,23.0152],[89.9403,23.0153],[89.9344,23.007],[89.9224,23.0054],[89.9192,23.0],[89.9208,22.9952],[89.9316,22.9929],[89.9457,22.9757],[89.9351,22.9524],[89.9254,22.9439],[89.9269,22.9355],[89.9319,22.9343],[89.932,22.9224],[89.9378,22.9235],[89.9482,22.9156],[89.9644,22.9352],[89.9729,22.9353],[89.9719,22.9161],[89.9624,22.9107],[89.9562,22.8972],[89.9562,22.8869],[89.9718,22.8729],[89.9699,22.8586],[90.0184,22.871],[90.0193,22.8886],[90.0348,22.9338],[90.057,22.9322],[90.0609,22.9427],[90.0568,22.9492],[90.0582,22.9713],[90.0688,22.9679],[90.0775,22.9828],[90.0838,22.9811],[90.0948,23.0068],[90.1267,23.0057],[90.127,23.0259],[90.1357,23.0432],[90.1431,23.0453]]]}},{"type":"Feature","id":"ADM3_Kotchandpur","properties":{"id":"ADM3_Kotchandpur","name":"Kotchandpur","district":"Jhenaidah"},"geometry":{"type":"Polygon","coordinates":[[[89.0413,23.3719],[89.052,23.3848],[89.0494,23.3951],[89.0573,23.3951],[89.0592,23.4057],[89.0654,23.4039],[89.0636,23.4121],[89.0824,23.4181],[89.0717,23.4257],[89.0702,23.4332],[89.0799,23.4309],[89.0887,23.4447],[89.0695,23.4643],[89.0521,23.4638],[89.0428,23.4796],[89.0227,23.4852],[89.0004,23.509],[88.9869,23.5108],[88.9818,23.504],[88.9794,23.5148],[88.9724,23.5178],[88.9698,23.5329],[88.9496,23.5445],[88.9442,23.5394],[88.9403,23.5428],[88.9339,23.5322],[88.9469,23.5127],[88.9446,23.4799],[88.9352,23.4694],[88.9363,23.4616],[88.9294,23.4616],[88.9304,23.448],[88.9192,23.4389],[88.937,23.4441],[88.9458,23.4381],[88.9438,23.4311],[88.9339,23.4315],[88.9328,23.4221],[88.9442,23.3997],[88.9562,23.4011],[88.9651,23.3929],[88.99,23.3983],[88.9831,23.3804],[88.9905,23.3783],[88.9986,23.4015],[89.0065,23.4066],[89.009,23.3819],[89.0192,23.3782],[89.0203,23.3693],[89.027,23.3744],[89.0413,23.3719]]]}},{"type":"Feature","id":"ADM3_Kotwali_226647","properties":{"id":"ADM3_Kotwali_226647","name":"Kotwali","district":"Chittagong"},"geometry":{"type":"Polygon","coordinates":[[[91.8432,22.3581],[91.8432,22.362],[91.8314,22.3636],[91.8197,22.3591],[91.8221,22.351],[91.8148,22.3404],[91.8241,22.3354],[91.8238,22.3247],[91.8466,22.3267],[91.8481,22.3355],[91.8402,22.3466],[91.8432,22.3581]]]}},{"type":"Feature","id":"ADM3_Kotwali_832933","properties":{"id":"ADM3_Kotwali_832933","name":"Kotwali","district":"Dhaka"},"geometry":{"type":"Polygon","coordinates":[[[90.402,23.7097],[90.4119,23.7035],[90.4115,23.7135],[90.4048,23.7145],[90.402,23.7097]]]}},{"type":"Feature","id":"ADM3_Kotwali_291187","properties":{"id":"ADM3_Kotwali_291187","name":"Kotwali","district":"Jessore"},"geometry":{"type":"Polygon","coordinates":[[[89.3853,23.0851],[89.3896,23.1065],[89.3782,23.1356],[89.3711,23.1382],[89.3569,23.133],[89.3456,23.1406],[89.3229,23.1461],[89.3285,23.1496],[89.3213,23.1662],[89.3336,23.1617],[89.3385,23.1651],[89.3289,23.1706],[89.333,23.1803],[89.3286,23.1841],[89.3233,23.1824],[89.3237,23.1766],[89.315,23.1673],[89.3113,23.1668],[89.3106,23.1731],[89.3005,23.1743],[89.3035,23.1827],[89.3003,23.1865],[89.3057,23.1934],[89.3007,23.1921],[89.288,23.2099],[89.2966,23.2153],[89.3016,23.234],[89.2658,23.2388],[89.2677,23.2475],[89.2608,23.2508],[89.2627,23.2648],[89.2521,23.2706],[89.2502,23.2797],[89.2423,23.2754],[89.2371,23.2779],[89.2454,23.2839],[89.2469,23.297],[89.2347,23.31],[89.2146,23.3157],[89.2101,23.3259],[89.2038,23.3102],[89.2072,23.3024],[89.1995,23.2914],[89.1708,23.2906],[89.1689,23.2843],[89.16,23.2829],[89.1464,23.2869],[89.1445,23.2761],[89.1331,23.2777],[89.1305,23.2741],[89.1295,23.2608],[89.1073,23.2528],[89.1032,23.2438],[89.1161,23.2151],[89.1111,23.2113],[89.1097,23.1933],[89.113,23.1903],[89.1011,23.1802],[89.1009,23.1634],[89.1054,23.1602],[89.1095,23.1376],[89.117,23.1381],[89.1241,23.1308],[89.1362,23.131],[89.1394,23.1275],[89.1276,23.1206],[89.1398,23.1126],[89.1527,23.1109],[89.1491,23.1052],[89.1551,23.093],[89.1521,23.0846],[89.1708,23.0968],[89.183,23.0875],[89.185,23.0931],[89.1975,23.0954],[89.1986,23.0907],[89.2033,23.0926],[89.2085,23.0878],[89.2048,23.078],[89.2106,23.0711],[89.2202,23.0862],[89.2284,23.0905],[89.2334,23.0875],[89.2336,23.0927],[89.2606,23.0959],[89.2676,23.1068],[89.2737,23.1047],[89.278,23.0914],[89.29,23.0924],[89.2977,23.0866],[89.3074,23.0973],[89.3222,23.0926],[89.3207,23.0963],[89.3433,23.0943],[89.355,23.1109],[89.3654,23.1096],[89.3695,23.098],[89.3826,23.0965],[89.3778,23.0877],[89.3853,23.0851]]]}},{"type":"Feature","id":"ADM3_Koyra","properties":{"id":"ADM3_Koyra","name":"Koyra","district":"Khulna"},"geometry":{"type":"MultiPolygon","coordinates":[[[[89.3401,21.6963],[89.3489,21.704],[89.3368,21.7183],[89.3304,21.7014],[89.3401,21.6963]]],[[[89.3842,21.8729],[89.3816,21.8777],[89.3647,21.847],[89.3626,21.8315],[89.3485,21.8056],[89.3549,21.7969],[89.3608,21.7551],[89.3795,21.7645],[89.387,21.78],[89.3861,21.7893],[89.3947,21.7983],[89.3863,21.7886],[89.388,21.7806],[89.3799,21.7626],[89.3601,21.7518],[89.3655,21.7429],[89.3717,21.7435],[89.3772,21.7313],[89.3979,21.7215],[89.4143,21.7258],[89.4264,21.736],[89.4249,21.7435],[89.4065,21.7555],[89.4265,21.7442],[89.4381,21.75],[89.4472,21.7681],[89.4548,21.7659],[89.4728,21.7895],[89.4733,21.8078],[89.4637,21.8182],[89.4367,21.8078],[89.431,21.8177],[89.4153,21.8165],[89.4313,21.8192],[89.4361,21.8088],[89.4635,21.8188],[89.456,21.8419],[89.4484,21.8475],[89.4011,21.85],[89.3907,21.8629],[89.3975,21.8684],[89.3959,21.8742],[89.3842,21.8729]]],[[[89.3358,21.7895],[89.3373,21.8171],[89.3503,21.8343],[89.3571,21.8646],[89.3656,21.8769],[89.364,21.8836],[89.311,21.8527],[89.3093,21.8414],[89.3142,21.8281],[89.3358,21.7895]]],[[[89.3218,21.8615],[89.3574,21.8837],[89.3335,21.8759],[89.3186,21.8629],[89.3218,21.8615]]],[[[89.4036,21.9217],[89.4078,21.9299],[89.3814,21.9224],[89.3853,21.9041],[89.382,21.879],[89.3866,21.8734],[89.3971,21.8738],[89.3985,21.8688],[89.3918,21.8621],[89.4036,21.8502],[89.4235,21.8479],[89.4184,21.8561],[89.4202,21.8627],[89.4456,21.869],[89.4501,21.8742],[89.4202,21.8907],[89.4025,21.9141],[89.4036,21.9217]]],[[[89.4154,21.9861],[89.401,21.9808],[89.4021,21.9643],[89.3885,21.9591],[89.3808,21.964],[89.3746,21.953],[89.3969,21.9448],[89.4,21.9392],[89.3892,21.9321],[89.3939,21.9286],[89.4084,21.9312],[89.4034,21.9159],[89.4198,21.8936],[89.4514,21.8746],[89.4457,21.8674],[89.4218,21.8623],[89.4222,21.8508],[89.4564,21.8524],[89.4601,21.8603],[89.4677,21.8575],[89.4643,21.8804],[89.4675,21.8891],[89.4715,21.8849],[89.4717,21.8993],[89.4683,21.8998],[89.4713,21.9024],[89.4545,21.9019],[89.4461,21.9079],[89.4467,21.9194],[89.4569,21.9342],[89.431,21.9464],[89.4169,21.9699],[89.4245,21.9846],[89.4154,21.9861]]],[[[89.489,21.998],[89.4877,22.008],[89.4735,22.0292],[89.4712,22.0463],[89.4543,22.0506],[89.4423,22.0624],[89.4331,22.0526],[89.4305,22.043],[89.4388,21.9901],[89.4219,21.9702],[89.4376,21.95],[89.4608,21.9387],[89.462,21.9278],[89.4528,21.9154],[89.4538,21.9089],[89.4863,21.9087],[89.5044,21.915],[89.5084,21.929],[89.477,21.9343],[89.4689,21.9415],[89.4727,21.9484],[89.4556,21.9497],[89.4677,21.9616],[89.4642,21.966],[89.4688,21.9612],[89.4569,21.9498],[89.4739,21.949],[89.4706,21.9411],[89.4764,21.9373],[89.4836,21.9412],[89.482,21.9582],[89.4861,21.9525],[89.4849,21.9413],[89.4772,21.9353],[89.5013,21.9292],[89.5075,21.9344],[89.5099,21.9467],[89.506,21.9622],[89.4654,21.9964],[89.502,21.9686],[89.489,21.998]]],[[[89.3902,22.0557],[89.3766,22.0635],[89.3537,22.0322],[89.3637,21.9776],[89.3626,21.9597],[89.3855,21.9233],[89.3914,21.9268],[89.389,21.9347],[89.398,21.9401],[89.3755,21.9499],[89.3728,21.9559],[89.3798,21.9653],[89.3922,21.9609],[89.4023,21.9708],[89.4,21.9795],[89.3919,21.9855],[89.3929,21.9953],[89.3842,21.9994],[89.3847,22.0058],[89.3991,21.9825],[89.4151,21.9935],[89.4096,22.0032],[89.4194,22.0168],[89.4083,22.0159],[89.4176,22.0191],[89.4205,22.0156],[89.4109,22.0034],[89.4159,21.9942],[89.4119,21.9886],[89.4272,21.9857],[89.4328,21.9888],[89.4273,22.0265],[89.4018,22.0545],[89.3902,22.0557]]],[[[89.4958,22.0301],[89.517,22.0599],[89.5201,22.0727],[89.5154,22.0799],[89.5004,22.0621],[89.4787,22.0503],[89.4808,22.0407],[89.4958,22.0301]]],[[[89.473,22.0488],[89.5129,22.0806],[89.4892,22.0906],[89.4727,22.0774],[89.4512,22.0712],[89.4442,22.0641],[89.4483,22.0579],[89.4612,22.0494],[89.473,22.0488]]],[[[89.3073,22.1071],[89.2773,22.1131],[89.2625,22.09],[89.2884,22.0992],[89.2991,22.0985],[89.3074,22.0912],[89.307,22.077],[89.3282,22.0603],[89.3419,22.058],[89.3232,22.0854],[89.3182,22.1053],[89.3073,22.1071]]],[[[89.5066,22.0923],[89.4957,22.1306],[89.4828,22.1442],[89.4736,22.1413],[89.4718,22.1219],[89.4853,22.0971],[89.5093,22.0876],[89.5066,22.0923]]],[[[89.4431,22.1599],[89.435,22.1632],[89.4172,22.1589],[89.4082,22.1494],[89.4116,22.1372],[89.4083,22.1275],[89.3835,22.1162],[89.3839,22.1011],[89.3918,22.0844],[89.3772,22.0661],[89.4088,22.0511],[89.4275,22.0289],[89.4278,22.0533],[89.4486,22.075],[89.4355,22.0938],[89.4177,22.101],[89.4132,22.1107],[89.4134,22.1148],[89.4237,22.1183],[89.43,22.1391],[89.4242,22.1174],[89.4146,22.1146],[89.4189,22.1015],[89.438,22.0939],[89.4504,22.0758],[89.4854,22.0899],[89.4589,22.1206],[89.4628,22.1431],[89.4431,22.1599]]],[[[89.3334,22.1244],[89.3254,22.133],[89.3373,22.1515],[89.3336,22.1745],[89.3318,22.1818],[89.3232,22.1845],[89.3117,22.1667],[89.2894,22.1505],[89.2782,22.1173],[89.3183,22.1085],[89.3273,22.085],[89.3445,22.0644],[89.3443,22.0568],[89.3331,22.0546],[89.3044,22.0721],[89.2895,22.0615],[89.325,21.9928],[89.347,21.9722],[89.3496,21.9831],[89.3427,22.0315],[89.3628,22.0521],[89.3655,22.0631],[89.3846,22.0903],[89.3698,22.0955],[89.3601,22.108],[89.3486,22.1131],[89.3493,22.1322],[89.3334,22.1244]]],[[[89.4575,22.2239],[89.4614,22.2434],[89.4579,22.2466],[89.4184,22.2316],[89.4196,22.226],[89.4107,22.2193],[89.3945,22.2205],[89.4059,22.2103],[89.3942,22.2014],[89.4125,22.1975],[89.4179,22.1833],[89.4331,22.1664],[89.4438,22.165],[89.4622,22.1482],[89.4635,22.1526],[89.4459,22.1659],[89.4343,22.1832],[89.437,22.1871],[89.4424,22.1707],[89.459,22.1549],[89.4639,22.1535],[89.4712,22.1615],[89.4591,22.1967],[89.4575,22.2239]]],[[[89.4574,22.2515],[89.4789,22.2725],[89.4488,22.3231],[89.4227,22.3466],[89.4256,22.3271],[89.4097,22.3043],[89.4301,22.2896],[89.4339,22.2786],[89.4191,22.2559],[89.4148,22.2382],[89.4249,22.238],[89.4446,22.251],[89.4574,22.2515]]],[[[89.2513,22.3444],[89.2536,22.3347],[89.2757,22.3098],[89.2816,22.2874],[89.3144,22.2837],[89.3124,22.2757],[89.292,22.2566],[89.3114,22.2316],[89.3028,22.2166],[89.3188,22.2111],[89.33,22.2006],[89.3267,22.2119],[89.3319,22.2166],[89.3348,22.1989],[89.325,22.1954],[89.3245,22.1903],[89.3372,22.1794],[89.3407,22.1533],[89.33,22.136],[89.3322,22.1298],[89.3517,22.1364],[89.3548,22.1293],[89.3508,22.1184],[89.3645,22.1098],[89.3697,22.0998],[89.3799,22.1005],[89.382,22.1204],[89.4052,22.1303],[89.3766,22.1381],[89.384,22.1571],[89.3688,22.1624],[89.3826,22.1809],[89.3761,22.1842],[89.3578,22.1816],[89.3601,22.1908],[89.3593,22.1823],[89.3741,22.185],[89.3836,22.1816],[89.3703,22.1623],[89.3857,22.1573],[89.379,22.1383],[89.4064,22.1339],[89.4062,22.1522],[89.429,22.1665],[89.4106,22.1954],[89.3878,22.1986],[89.3791,22.2112],[89.3665,22.2097],[89.3653,22.2148],[89.3803,22.2117],[89.3888,22.1993],[89.4022,22.209],[89.392,22.2204],[89.4028,22.2274],[89.3949,22.2258],[89.3951,22.2361],[89.3895,22.2421],[89.3965,22.2359],[89.3963,22.2259],[89.4028,22.2289],[89.4029,22.2236],[89.41,22.22],[89.4191,22.2267],[89.4089,22.2414],[89.412,22.2584],[89.3941,22.262],[89.3852,22.2689],[89.3784,22.2574],[89.3692,22.2687],[89.3461,22.2635],[89.36,22.2705],[89.3702,22.2696],[89.3782,22.2586],[89.384,22.2704],[89.3936,22.263],[89.4141,22.2592],[89.4258,22.2749],[89.4087,22.2776],[89.4055,22.2715],[89.401,22.2784],[89.3948,22.2753],[89.3902,22.2909],[89.3942,22.2766],[89.4024,22.2793],[89.4053,22.273],[89.4074,22.2786],[89.4177,22.2746],[89.4267,22.2774],[89.4242,22.2863],[89.4128,22.2922],[89.4071,22.2887],[89.3951,22.2969],[89.3833,22.2966],[89.3764,22.3044],[89.3767,22.3147],[89.3618,22.3215],[89.3618,22.3254],[89.3658,22.3193],[89.3787,22.3158],[89.3777,22.3055],[89.3846,22.2971],[89.3955,22.2978],[89.4066,22.2896],[89.4111,22.2938],[89.4192,22.2906],[89.4059,22.3058],[89.4162,22.3213],[89.3958,22.3353],[89.4001,22.3477],[89.3825,22.35],[89.3826,22.3723],[89.3649,22.3717],[89.3617,22.3766],[89.3665,22.3928],[89.3688,22.3848],[89.3647,22.3746],[89.3843,22.3734],[89.3841,22.3507],[89.4006,22.3501],[89.3987,22.3343],[89.4213,22.3244],[89.4239,22.3276],[89.4199,22.3423],[89.4227,22.3502],[89.4085,22.365],[89.4088,22.3773],[89.3994,22.3928],[89.3882,22.3987],[89.4008,22.3931],[89.4102,22.3767],[89.409,22.3664],[89.4225,22.3542],[89.426,22.3678],[89.4388,22.3859],[89.4245,22.4115],[89.4344,22.4137],[89.4364,22.4227],[89.4298,22.4626],[89.4245,22.461],[89.423,22.4767],[89.4055,22.4794],[89.3947,22.4761],[89.3915,22.4656],[89.3532,22.4778],[89.3428,22.4709],[89.3413,22.4776],[89.3533,22.4943],[89.3279,22.5033],[89.33,22.5167],[89.3256,22.5222],[89.3033,22.5133],[89.2947,22.5032],[89.2791,22.5039],[89.2596,22.4961],[89.2851,22.4771],[89.2584,22.4668],[89.2552,22.4631],[89.2587,22.4526],[89.2471,22.4501],[89.2413,22.4373],[89.2428,22.4221],[89.2549,22.4002],[89.2403,22.3734],[89.2474,22.37],[89.2639,22.378],[89.2731,22.3479],[89.2682,22.3425],[89.2513,22.3444]]]]}},{"type":"Feature","id":"ADM3_Kulaura","properties":{"id":"ADM3_Kulaura","name":"Kulaura","district":"Maulvibazar"},"geometry":{"type":"Polygon","coordinates":[[[92.0312,24.6561],[92.0205,24.6511],[92.0161,24.6547],[92.0166,24.6507],[91.9951,24.6551],[91.9838,24.6439],[91.9679,24.6403],[91.9665,24.6249],[91.9485,24.6259],[91.9478,24.6127],[91.9545,24.5997],[91.9466,24.5962],[91.942,24.5862],[91.9365,24.5864],[91.9305,24.5584],[91.9347,24.5418],[91.9198,24.5421],[91.9263,24.5251],[91.9241,24.5173],[91.9338,24.5167],[91.9334,24.5096],[91.9375,24.5093],[91.9374,24.4915],[91.922,24.4932],[91.927,24.4805],[91.9091,24.4703],[91.9114,24.4635],[91.911,24.4699],[91.9174,24.466],[91.9157,24.4609],[91.8993,24.4594],[91.9037,24.4559],[91.9023,24.4453],[91.9152,24.4357],[91.913,24.4304],[91.9192,24.4286],[91.9197,24.4171],[91.914,24.4149],[91.9215,24.3984],[91.9324,24.3949],[91.9252,24.3758],[91.9297,24.3633],[91.9215,24.336],[91.9413,24.3427],[91.9433,24.3491],[91.9567,24.3568],[91.9689,24.3503],[91.9658,24.3469],[91.977,24.3276],[91.9959,24.3222],[91.9963,24.3381],[91.9781,24.3575],[91.9846,24.361],[91.9775,24.3729],[91.9738,24.3708],[91.9699,24.3749],[91.9722,24.3797],[91.9669,24.3798],[91.9719,24.3849],[91.9857,24.377],[91.992,24.3877],[91.9895,24.3903],[91.9949,24.3882],[91.9965,24.3939],[92.0069,24.3817],[92.02,24.3867],[92.0268,24.3798],[92.044,24.375],[92.0851,24.3757],[92.0903,24.3718],[92.1001,24.3759],[92.1085,24.39],[92.1064,24.4076],[92.1124,24.4128],[92.1118,24.4281],[92.1188,24.4305],[92.1214,24.438],[92.1159,24.4409],[92.1205,24.4445],[92.1163,24.4504],[92.1197,24.4541],[92.1053,24.4666],[92.1128,24.4803],[92.1281,24.4872],[92.1237,24.4895],[92.1232,24.5026],[92.1178,24.4952],[92.1123,24.4999],[92.1155,24.5035],[92.1085,24.5047],[92.1163,24.5165],[92.1185,24.5376],[92.1045,24.5345],[92.1136,24.5477],[92.1065,24.5611],[92.101,24.5575],[92.0839,24.5678],[92.0768,24.5661],[92.0531,24.5751],[92.051,24.5908],[92.0622,24.5924],[92.0609,24.6071],[92.0677,24.6071],[92.0678,24.6161],[92.0592,24.6176],[92.0655,24.6281],[92.0642,24.6311],[92.0412,24.6284],[92.0384,24.6235],[92.0284,24.6294],[92.0248,24.6449],[92.0312,24.6561]]]}},{"type":"Feature","id":"ADM3_KuliarChar","properties":{"id":"ADM3_KuliarChar","name":"Kuliar Char","district":"Kishoreganj"},"geometry":{"type":"Polygon","coordinates":[[[90.8346,24.2114],[90.8408,24.2084],[90.8426,24.1977],[90.8245,24.1797],[90.821,24.1651],[90.8252,24.1571],[90.845,24.1426],[90.8649,24.1438],[90.871,24.14],[90.8687,24.129],[90.8487,24.1206],[90.846,24.1116],[90.8942,24.0942],[90.8971,24.0979],[90.9264,24.0961],[90.9246,24.1034],[90.9314,24.1124],[90.9318,24.1051],[90.9421,24.1049],[90.9301,24.1331],[90.9341,24.1489],[90.943,24.1559],[90.9616,24.1556],[90.9547,24.1734],[90.9451,24.177],[90.9483,24.1817],[90.9383,24.1786],[90.9361,24.1716],[90.934,24.1759],[90.9253,24.1737],[90.9215,24.1792],[90.924,24.1922],[90.919,24.1892],[90.9081,24.2002],[90.9004,24.2009],[90.8849,24.1884],[90.8835,24.2004],[90.877,24.1951],[90.8591,24.1925],[90.8488,24.2088],[90.8398,24.214],[90.8346,24.2114]]]}},{"type":"Feature","id":"ADM3_Kumarkhali","properties":{"id":"ADM3_Kumarkhali","name":"Kumarkhali","district":"Kushtia"},"geometry":{"type":"Polygon","coordinates":[[[89.3173,23.8755],[89.3112,23.875],[89.3039,23.8888],[89.2837,23.8971],[89.2791,23.9061],[89.2735,23.9013],[89.271,23.8765],[89.2649,23.878],[89.2586,23.8847],[89.2625,23.9097],[89.2549,23.9182],[89.2513,23.9338],[89.2365,23.944],[89.237,23.9729],[89.2301,23.976],[89.2165,23.9715],[89.2164,23.9884],[89.1777,23.9874],[89.1775,23.9673],[89.1922,23.9608],[89.1946,23.9501],[89.167,23.9363],[89.1664,23.9254],[89.1402,23.9104],[89.1569,23.9023],[89.1538,23.8914],[89.16,23.8807],[89.1502,23.8682],[89.1534,23.8681],[89.1519,23.8536],[89.1595,23.847],[89.1571,23.8391],[89.1609,23.8348],[89.1506,23.823],[89.144,23.8221],[89.1445,23.8178],[89.1495,23.8197],[89.1426,23.7965],[89.1539,23.7878],[89.1445,23.7786],[89.1356,23.7823],[89.1328,23.7595],[89.1365,23.7537],[89.1734,23.741],[89.18,23.7501],[89.197,23.744],[89.2138,23.7539],[89.2157,23.7597],[89.2319,23.7563],[89.2472,23.7638],[89.2441,23.7951],[89.2488,23.7966],[89.245,23.798],[89.2497,23.8014],[89.2465,23.8071],[89.2563,23.818],[89.2566,23.828],[89.2606,23.8319],[89.2859,23.8261],[89.2888,23.8373],[89.2961,23.8415],[89.2899,23.8503],[89.2963,23.8534],[89.2846,23.8573],[89.3011,23.8678],[89.2926,23.8709],[89.3173,23.8755]]]}},{"type":"Feature","id":"ADM3_KurigramSadar","properties":{"id":"ADM3_KurigramSadar","name":"Kurigram Sadar","district":"Kurigram"},"geometry":{"type":"Polygon","coordinates":[[[89.8341,25.8541],[89.8055,25.8556],[89.7869,25.8451],[89.7825,25.8492],[89.7566,25.8458],[89.7465,25.8613],[89.7367,25.8632],[89.7331,25.8731],[89.7272,25.8729],[89.727,25.8798],[89.7001,25.8831],[89.702,25.8916],[89.7077,25.8927],[89.7062,25.8974],[89.6981,25.8957],[89.7004,25.8911],[89.6943,25.8891],[89.6986,25.8872],[89.6976,25.8807],[89.6816,25.8762],[89.6737,25.8865],[89.6902,25.8943],[89.6816,25.8971],[89.6829,25.9049],[89.6762,25.9125],[89.6682,25.9069],[89.6708,25.9157],[89.665,25.9177],[89.6593,25.9111],[89.6586,25.8999],[89.6521,25.9033],[89.6351,25.8901],[89.6435,25.8901],[89.6473,25.8852],[89.6334,25.8781],[89.6143,25.874],[89.6116,25.8881],[89.6176,25.9037],[89.6108,25.9051],[89.6027,25.887],[89.5834,25.8683],[89.5882,25.8591],[89.5822,25.855],[89.5817,25.8455],[89.5711,25.8492],[89.5804,25.8386],[89.5746,25.827],[89.585,25.8244],[89.5837,25.8157],[89.5796,25.8156],[89.5836,25.8097],[89.599,25.8044],[89.5954,25.7799],[89.6012,25.7768],[89.6111,25.7807],[89.6176,25.7619],[89.6245,25.7678],[89.6362,25.7673],[89.6289,25.764],[89.6308,25.7591],[89.6487,25.7629],[89.6527,25.7543],[89.6617,25.7542],[89.6698,25.7479],[89.6845,25.7532],[89.6884,25.7746],[89.7008,25.7811],[89.7265,25.7825],[89.7341,25.7742],[89.7415,25.7774],[89.7447,25.7706],[89.7608,25.7673],[89.7922,25.7733],[89.8014,25.7932],[89.8109,25.801],[89.8136,25.8164],[89.8352,25.8408],[89.8341,25.8541]]]}},{"type":"Feature","id":"ADM3_KushtiaSadar","properties":{"id":"ADM3_KushtiaSadar","name":"Kushtia Sadar","district":"Kushtia"},"geometry":{"type":"Polygon","coordinates":[[[89.0173,23.7087],[89.0248,23.6956],[89.0374,23.6922],[89.052,23.7145],[89.0374,23.723],[89.0472,23.7279],[89.0599,23.7189],[89.0756,23.7267],[89.0646,23.7342],[89.0517,23.7586],[89.0637,23.7714],[89.0706,23.768],[89.0687,23.7562],[89.0828,23.758],[89.0828,23.7449],[89.0947,23.7416],[89.0982,23.7262],[89.1164,23.7341],[89.1185,23.7251],[89.1118,23.7086],[89.1185,23.6938],[89.1238,23.7027],[89.1209,23.7128],[89.1279,23.7167],[89.1278,23.7216],[89.1405,23.7252],[89.1581,23.7223],[89.1588,23.7356],[89.1673,23.7367],[89.1622,23.7454],[89.1365,23.7537],[89.1328,23.7595],[89.1356,23.7823],[89.1445,23.7786],[89.1539,23.7878],[89.1426,23.7965],[89.1495,23.8197],[89.1445,23.8178],[89.144,23.8221],[89.1506,23.823],[89.1609,23.8348],[89.1571,23.8391],[89.1595,23.847],[89.1519,23.8536],[89.1534,23.8681],[89.1502,23.8682],[89.16,23.8807],[89.1538,23.8914],[89.1569,23.9023],[89.1402,23.9104],[89.1664,23.9254],[89.167,23.9363],[89.1946,23.9501],[89.1922,23.9608],[89.184,23.9674],[89.1792,23.9669],[89.1703,23.9511],[89.1635,23.9498],[89.1393,23.9535],[89.128,23.962],[89.0986,23.9599],[89.1047,23.9547],[89.1041,23.9477],[89.0879,23.9452],[89.0849,23.9313],[89.0855,23.9208],[89.0968,23.9103],[89.0783,23.897],[89.0929,23.8803],[89.0611,23.8792],[89.062,23.8641],[89.0501,23.864],[89.0253,23.8518],[89.0211,23.8338],[89.0135,23.8321],[89.0145,23.8252],[89.0054,23.8229],[88.9883,23.7863],[88.9996,23.782],[89.0062,23.7863],[88.9896,23.7523],[89.0063,23.7479],[89.0076,23.7228],[89.0173,23.7087]]]}},{"type":"Feature","id":"ADM3_Kutubdia","properties":{"id":"ADM3_Kutubdia","name":"Kutubdia","district":"Cox's Bazar"},"geometry":{"type":"Polygon","coordinates":[[[91.8702,21.9231],[91.8463,21.8994],[91.8475,21.8805],[91.8426,21.8754],[91.8408,21.8587],[91.8518,21.8279],[91.8421,21.8051],[91.8447,21.7754],[91.8331,21.7603],[91.8294,21.7427],[91.8294,21.7232],[91.8336,21.7211],[91.8457,21.7243],[91.8452,21.7406],[91.8507,21.7451],[91.8946,21.8608],[91.8927,21.8958],[91.8798,21.9211],[91.8702,21.9231]]]}},{"type":"Feature","id":"ADM3_Lakhai","properties":{"id":"ADM3_Lakhai","name":"Lakhai","district":"Habiganj"},"geometry":{"type":"Polygon","coordinates":[[[91.1736,24.2652],[91.1949,24.2398],[91.2201,24.2381],[91.2205,24.2343],[91.2353,24.2361],[91.267,24.2233],[91.2722,24.228],[91.286,24.2234],[91.2861,24.2305],[91.2808,24.2317],[91.293,24.2595],[91.3073,24.268],[91.3297,24.2643],[91.3382,24.269],[91.3407,24.2879],[91.3359,24.2955],[91.3459,24.3206],[91.3411,24.3374],[91.3464,24.3494],[91.3441,24.3538],[91.3366,24.3484],[91.3231,24.3517],[91.3084,24.3673],[91.2947,24.3673],[91.2888,24.3595],[91.2727,24.3604],[91.2685,24.3528],[91.258,24.3526],[91.252,24.3625],[91.2397,24.3668],[91.2455,24.3722],[91.2407,24.3766],[91.2305,24.3659],[91.2193,24.3665],[91.2126,24.3587],[91.2346,24.3326],[91.2374,24.3211],[91.2283,24.3151],[91.1978,24.3217],[91.1766,24.321],[91.1596,24.2929],[91.1586,24.2827],[91.1851,24.2928],[91.1965,24.2903],[91.1931,24.2798],[91.1736,24.2652]]]}},{"type":"Feature","id":"ADM3_Laksam","properties":{"id":"ADM3_Laksam","name":"Laksam","district":"Comilla"},"geometry":{"type":"Polygon","coordinates":[[[91.03,23.2294],[91.0265,23.2191],[91.0419,23.2135],[91.0392,23.2019],[91.0552,23.2001],[91.0669,23.2175],[91.0777,23.2186],[91.0768,23.2072],[91.0827,23.2055],[91.0863,23.193],[91.0957,23.1892],[91.0898,23.1843],[91.0867,23.1695],[91.1301,23.1747],[91.1347,23.1665],[91.1357,23.1759],[91.1543,23.1786],[91.1684,23.1911],[91.1677,23.1953],[91.1774,23.1997],[91.1834,23.2266],[91.1713,23.2395],[91.1753,23.2428],[91.1742,23.2507],[91.151,23.2483],[91.151,23.2545],[91.1411,23.2548],[91.1455,23.2668],[91.1262,23.2632],[91.1227,23.271],[91.1227,23.2673],[91.1167,23.2669],[91.1219,23.3199],[91.0932,23.3292],[91.0912,23.3169],[91.0775,23.3157],[91.0804,23.3024],[91.0669,23.3005],[91.07,23.2939],[91.0649,23.2829],[91.0434,23.2724],[91.0437,23.2523],[91.0375,23.2522],[91.0378,23.2448],[91.031,23.243],[91.03,23.2294]]]}},{"type":"Feature","id":"ADM3_Lakshmichhari","properties":{"id":"ADM3_Lakshmichhari","name":"Lakshmichhari","district":"Khagrachhari"},"geometry":{"type":"Polygon","coordinates":[[[91.9276,22.6887],[91.9625,22.691],[91.9666,22.7178],[91.9858,22.7183],[92.0014,22.7268],[91.9752,22.7907],[91.9757,22.8135],[91.9846,22.8486],[91.9762,22.8667],[91.9762,22.8803],[91.9699,22.8831],[91.9429,22.8839],[91.9084,22.8635],[91.907,22.8766],[91.889,22.8683],[91.8765,22.8499],[91.8847,22.8449],[91.8841,22.8378],[91.8519,22.7816],[91.8603,22.7695],[91.8562,22.7571],[91.8787,22.7682],[91.887,22.7658],[91.8893,22.7564],[91.8953,22.7528],[91.8936,22.7497],[91.8839,22.7526],[91.8777,22.7244],[91.8837,22.6966],[91.8977,22.6923],[91.9212,22.7003],[91.9279,22.6955],[91.9276,22.6887]]]}},{"type":"Feature","id":"ADM3_LakshmipurSadar","properties":{"id":"ADM3_LakshmipurSadar","name":"Lakshmipur Sadar","district":"Lakshmipur"},"geometry":{"type":"MultiPolygon","coordinates":[[[[90.7704,22.8094],[90.7738,22.8294],[90.7614,22.8362],[90.752,22.8323],[90.7704,22.8094]]],[[[90.6563,22.8448],[90.6514,22.8481],[90.6439,22.8367],[90.6563,22.8448]]],[[[90.7009,22.8654],[90.7013,22.8675],[90.6992,22.8682],[90.699,22.8661],[90.7009,22.8654]]],[[[90.7557,22.8698],[90.7539,22.8732],[90.7431,22.8695],[90.7393,22.8563],[90.7507,22.8348],[90.7609,22.8375],[90.7765,22.8287],[90.7612,22.8515],[90.7557,22.8698]]],[[[90.7247,22.8734],[90.7186,22.8784],[90.7218,22.8728],[90.7249,22.8725],[90.7247,22.8734]]],[[[90.7494,22.8722],[90.7527,22.8747],[90.7397,22.8869],[90.7329,22.8735],[90.7364,22.863],[90.7494,22.8722]]],[[[90.7108,22.8937],[90.7145,22.8858],[90.7119,22.8944],[90.7108,22.8937]]],[[[90.7138,22.8955],[90.7249,22.8786],[90.728,22.8797],[90.7215,22.8912],[90.7291,22.8817],[90.7361,22.8904],[90.7249,22.9035],[90.7138,22.8955]]],[[[90.6846,22.9032],[90.684,22.8952],[90.6916,22.8995],[90.6846,22.9032]]],[[[90.7258,22.9042],[90.7288,22.8986],[90.7339,22.8949],[90.7277,22.9056],[90.7258,22.9042]]],[[[90.9988,22.9774],[90.9885,22.9786],[90.9864,22.972],[90.9767,22.9841],[90.966,22.9794],[90.9599,22.9869],[90.9518,22.9878],[90.954,22.9944],[90.9443,22.9981],[90.9437,22.9904],[90.9334,22.9867],[90.9266,23.006],[90.919,23.0065],[90.9207,23.014],[90.8978,23.0117],[90.8872,23.0248],[90.8848,23.0199],[90.8747,23.024],[90.8726,23.0129],[90.8594,23.013],[90.8631,23.0228],[90.8474,23.0258],[90.8495,23.0346],[90.8434,23.0438],[90.8349,23.042],[90.8317,23.0461],[90.8302,23.0356],[90.8117,23.0266],[90.807,23.006],[90.7953,22.9971],[90.7951,22.9907],[90.7726,22.9907],[90.7633,22.9812],[90.7568,22.9875],[90.7512,22.9862],[90.7577,22.9746],[90.7554,22.97],[90.7467,22.9773],[90.743,22.9651],[90.7349,22.9642],[90.7593,22.9473],[90.7583,22.9316],[90.7677,22.9234],[90.7323,22.9067],[90.7611,22.8701],[90.7682,22.8496],[90.7788,22.8405],[90.7833,22.8131],[90.7921,22.8341],[90.7916,22.8438],[90.8077,22.8613],[90.8861,22.8122],[90.9267,22.8139],[90.9319,22.8283],[90.9386,22.8299],[90.9399,22.8381],[90.9454,22.8377],[90.9395,22.8563],[90.9429,22.8622],[90.9548,22.8591],[90.9565,22.8661],[90.9691,22.8647],[90.9762,22.8743],[90.9859,22.8771],[90.9814,22.892],[90.9913,22.9031],[90.9825,22.9103],[90.987,22.9154],[90.9813,22.9162],[90.9914,22.9309],[90.9889,22.9397],[90.9999,22.9494],[90.9974,22.9552],[91.0012,22.9593],[90.9947,22.9614],[90.9988,22.9774]]]]}},{"type":"Feature","id":"ADM3_Lalbagh","properties":{"id":"ADM3_Lalbagh","name":"Lalbagh","district":"Dhaka"},"geometry":{"type":"Polygon","coordinates":[[[90.3995,23.724],[90.3871,23.7326],[90.3756,23.7296],[90.3757,23.7217],[90.3586,23.7277],[90.3603,23.7205],[90.3735,23.7104],[90.3911,23.7189],[90.39,23.7242],[90.3995,23.724]]]}},{"type":"Feature","id":"ADM3_Lalmohan","properties":{"id":"ADM3_Lalmohan","name":"Lalmohan","district":"Bhola"},"geometry":{"type":"MultiPolygon","coordinates":[[[[90.6644,22.259],[90.6721,22.2718],[90.6738,22.2903],[90.6644,22.259]]],[[[90.8735,22.2884],[90.8742,22.2923],[90.8697,22.293],[90.8735,22.2884]]],[[[90.874,22.2978],[90.8793,22.3058],[90.8742,22.3041],[90.874,22.2978]]],[[[90.8539,22.3362],[90.8584,22.3403],[90.8572,22.3437],[90.856,22.3434],[90.8539,22.3362]]],[[[90.6741,22.2926],[90.6795,22.33],[90.6775,22.3542],[90.6707,22.2942],[90.6741,22.2926]]],[[[90.6789,22.3551],[90.6761,22.362],[90.6765,22.3561],[90.6789,22.3551]]],[[[90.6607,22.3558],[90.6669,22.3525],[90.669,22.3424],[90.6678,22.3782],[90.664,22.3818],[90.6602,22.3818],[90.6607,22.3558]]],[[[90.6678,22.3886],[90.6609,22.4039],[90.6608,22.3949],[90.6678,22.3886]]],[[[90.6609,22.4077],[90.673,22.3864],[90.6702,22.4131],[90.6609,22.4077]]],[[[90.6736,22.4146],[90.678,22.3922],[90.6745,22.3677],[90.68,22.3599],[90.6813,22.3703],[90.6844,22.3302],[90.6773,22.2751],[90.6684,22.2562],[90.6725,22.2482],[90.6924,22.2502],[90.7061,22.2457],[90.7141,22.2485],[90.7117,22.2519],[90.7214,22.2518],[90.7391,22.2612],[90.7434,22.2523],[90.7495,22.2537],[90.7496,22.2585],[90.7594,22.2556],[90.7584,22.2672],[90.763,22.268],[90.7674,22.2616],[90.7773,22.2612],[90.7759,22.2499],[90.783,22.2536],[90.7967,22.2474],[90.7923,22.2398],[90.8045,22.2222],[90.8032,22.2054],[90.819,22.2051],[90.8263,22.1943],[90.843,22.2862],[90.8364,22.3439],[90.8242,22.3453],[90.7953,22.3656],[90.7859,22.3582],[90.7688,22.3741],[90.7647,22.4042],[90.7534,22.3961],[90.7443,22.3955],[90.7277,22.405],[90.7309,22.4272],[90.7164,22.4091],[90.6922,22.4167],[90.6791,22.4111],[90.6736,22.4146]]]]}},{"type":"Feature","id":"ADM3_LalmonirhatSadar","properties":{"id":"ADM3_LalmonirhatSadar","name":"Lalmonirhat Sadar","district":"Lalmonirhat"},"geometry":{"type":"Polygon","coordinates":[[[89.335,25.8496],[89.3346,25.8373],[89.3466,25.829],[89.3475,25.8211],[89.3706,25.8175],[89.3757,25.8049],[89.3884,25.7969],[89.4189,25.7923],[89.4294,25.7952],[89.4296,25.7883],[89.447,25.7842],[89.4507,25.7879],[89.4552,25.7839],[89.4609,25.7892],[89.4594,25.8122],[89.4719,25.8129],[89.4628,25.8229],[89.4518,25.8175],[89.4548,25.825],[89.4637,25.8295],[89.4704,25.8249],[89.4775,25.8348],[89.4828,25.834],[89.4886,25.8132],[89.4968,25.813],[89.4923,25.8091],[89.519,25.8055],[89.5211,25.8145],[89.5168,25.8203],[89.5224,25.8141],[89.5294,25.8141],[89.5357,25.8239],[89.5299,25.8656],[89.5327,25.8685],[89.5523,25.8616],[89.5544,25.8773],[89.5661,25.879],[89.5711,25.8854],[89.5463,25.8886],[89.5443,25.8967],[89.5334,25.9002],[89.5295,25.9153],[89.5175,25.9175],[89.5177,25.9261],[89.5098,25.9334],[89.5116,25.9441],[89.4966,25.9544],[89.5037,25.959],[89.4987,25.9662],[89.501,25.9702],[89.482,25.9618],[89.4725,25.9762],[89.4819,25.9905],[89.4812,25.9975],[89.4599,25.9998],[89.4403,25.9916],[89.4427,25.9884],[89.4373,25.9773],[89.4407,25.9667],[89.4321,25.961],[89.4376,25.9509],[89.4365,25.9246],[89.4262,25.9143],[89.4206,25.9228],[89.4163,25.9223],[89.4226,25.916],[89.4165,25.9141],[89.4162,25.9035],[89.402,25.8989],[89.4007,25.8946],[89.3904,25.8958],[89.3922,25.8852],[89.3852,25.8798],[89.3772,25.8812],[89.3802,25.8746],[89.3522,25.8748],[89.3468,25.8788],[89.3463,25.8639],[89.3494,25.8668],[89.3505,25.8622],[89.3353,25.8584],[89.335,25.8496]]]}},{"type":"Feature","id":"ADM3_Lalpur","properties":{"id":"ADM3_Lalpur","name":"Lalpur","district":"Natore"},"geometry":{"type":"Polygon","coordinates":[[[88.9176,24.251],[88.9153,24.2406],[88.9058,24.2369],[88.8999,24.2401],[88.896,24.2289],[88.8798,24.2253],[88.8786,24.2358],[88.8721,24.2272],[88.8747,24.2136],[88.8688,24.2089],[88.8762,24.2005],[88.8655,24.1857],[88.8726,24.18],[88.8605,24.166],[88.8928,24.162],[88.8924,24.1516],[88.9011,24.1522],[88.8909,24.1493],[88.8825,24.1301],[88.8712,24.13],[88.8659,24.1229],[88.8621,24.1071],[88.8811,24.1152],[88.8832,24.1066],[88.874,24.0991],[88.9117,24.113],[88.9074,24.1215],[88.9106,24.1256],[88.9225,24.1291],[88.9203,24.1184],[88.9397,24.1321],[88.9499,24.1251],[89.0067,24.1181],[89.0103,24.1297],[89.003,24.1424],[89.0126,24.1394],[89.0157,24.1437],[88.9971,24.1443],[89.0145,24.1475],[88.9975,24.1559],[89.0181,24.1616],[89.025,24.1693],[89.0328,24.1653],[89.0341,24.1472],[89.0462,24.1391],[89.0519,24.1411],[89.0506,24.1469],[89.056,24.1509],[89.0808,24.1547],[89.0804,24.1663],[89.0952,24.1569],[89.1062,24.1604],[89.1038,24.1729],[89.1109,24.1987],[89.1059,24.1996],[89.0974,24.2158],[89.1076,24.2391],[89.1173,24.2418],[89.1104,24.2511],[89.0983,24.2556],[89.1093,24.2695],[89.1041,24.276],[89.0893,24.273],[89.0878,24.26],[89.0723,24.2499],[89.068,24.2574],[89.0606,24.256],[89.0611,24.251],[89.0473,24.2583],[89.0328,24.2472],[89.0208,24.2612],[89.0297,24.2718],[89.0282,24.2836],[89.0045,24.2698],[88.9836,24.2744],[88.9619,24.294],[88.9461,24.2885],[88.9494,24.2874],[88.9473,24.2812],[88.9377,24.2801],[88.9427,24.26],[88.9361,24.2472],[88.9246,24.2496],[88.921,24.2558],[88.9176,24.251]]]}},{"type":"Feature","id":"ADM3_Lama","properties":{"id":"ADM3_Lama","name":"Lama","district":"Bandarban"},"geometry":{"type":"Polygon","coordinates":[[[92.3623,21.8355],[92.3262,21.88],[92.3048,21.9671],[92.2705,21.9449],[92.259,21.9435],[92.2414,21.957],[92.2411,21.9883],[92.2035,21.997],[92.2011,21.9887],[92.2099,21.9841],[92.2141,21.9748],[92.1944,21.9617],[92.1917,21.9533],[92.1959,21.952],[92.1867,21.9505],[92.1807,21.943],[92.1744,21.9419],[92.1738,21.9464],[92.1666,21.948],[92.1594,21.9444],[92.1745,21.9098],[92.1468,21.9091],[92.1297,21.9016],[92.1119,21.9167],[92.1185,21.9346],[92.099,21.9218],[92.0955,21.9256],[92.0944,21.9221],[92.0883,21.926],[92.081,21.9208],[92.0758,21.9236],[92.06,21.9078],[92.0597,21.902],[92.0709,21.9008],[92.0804,21.8895],[92.0795,21.8769],[92.0834,21.8767],[92.0819,21.8578],[92.0898,21.8402],[92.0778,21.8257],[92.0805,21.8099],[92.1029,21.8083],[92.1081,21.7925],[92.124,21.7943],[92.1307,21.7999],[92.1481,21.7773],[92.1576,21.7798],[92.1653,21.7746],[92.1797,21.7914],[92.1825,21.7788],[92.1897,21.7762],[92.1856,21.7999],[92.1802,21.8049],[92.1799,21.8215],[92.1672,21.8403],[92.1687,21.8452],[92.1803,21.8478],[92.1845,21.8397],[92.183,21.8328],[92.1791,21.8335],[92.185,21.8292],[92.1866,21.8192],[92.1959,21.8253],[92.2046,21.8167],[92.2035,21.8045],[92.2124,21.7865],[92.1944,21.7852],[92.1887,21.7739],[92.1809,21.7786],[92.1807,21.7892],[92.1764,21.7892],[92.1751,21.7826],[92.1609,21.7694],[92.1551,21.7455],[92.1616,21.7386],[92.1582,21.7346],[92.1398,21.7329],[92.1389,21.7365],[92.1158,21.7411],[92.1214,21.7327],[92.1096,21.731],[92.1188,21.7182],[92.107,21.719],[92.1142,21.7057],[92.1042,21.7049],[92.1036,21.6962],[92.0923,21.6887],[92.1007,21.6843],[92.1001,21.6732],[92.1066,21.6737],[92.112,21.6667],[92.1016,21.6586],[92.113,21.6562],[92.1131,21.6501],[92.1253,21.6528],[92.1456,21.6488],[92.1762,21.6665],[92.1981,21.6645],[92.2038,21.6515],[92.1879,21.6331],[92.1839,21.607],[92.2407,21.6242],[92.2229,21.6791],[92.2513,21.7078],[92.2726,21.7554],[92.3024,21.7725],[92.321,21.804],[92.3623,21.8355]]]}},{"type":"Feature","id":"ADM3_Langadu","properties":{"id":"ADM3_Langadu","name":"Langadu","district":"Rangamati"},"geometry":{"type":"Polygon","coordinates":[[[92.1811,23.102],[92.1426,23.0893],[92.1385,23.0955],[92.1153,23.0802],[92.072,23.0718],[92.106,23.0004],[92.1287,22.9118],[92.1843,22.8105],[92.1879,22.7965],[92.2094,22.8061],[92.2319,22.83],[92.2499,22.8124],[92.2804,22.829],[92.3149,22.824],[92.3187,22.8349],[92.3015,22.8705],[92.2953,22.9154],[92.3126,22.9164],[92.3207,22.9689],[92.3181,22.994],[92.3054,23.037],[92.3158,23.069],[92.2911,23.0669],[92.2686,23.0277],[92.2357,23.0092],[92.1981,22.9718],[92.1995,22.9851],[92.1812,23.0193],[92.1882,23.0373],[92.2061,23.0479],[92.1811,23.102]]]}},{"type":"Feature","id":"ADM3_Lohagara_836566","properties":{"id":"ADM3_Lohagara_836566","name":"Lohagara","district":"Chittagong"},"geometry":{"type":"Polygon","coordinates":[[[92.1644,22.0671],[92.1549,22.0614],[92.147,22.0635],[92.1391,22.0738],[92.1256,22.0713],[92.1114,22.0777],[92.1035,22.0698],[92.1066,22.064],[92.0971,22.0599],[92.0939,22.044],[92.0761,22.0344],[92.0702,22.0381],[92.0787,22.0135],[92.0685,22.0126],[92.0489,22.0378],[92.0269,22.0293],[92.0267,22.0191],[91.9963,22.0143],[92.0051,22.0066],[92.0103,21.9898],[92.0166,21.9841],[92.0137,21.9759],[92.0214,21.9514],[92.0269,21.9511],[92.0292,21.9406],[92.0358,21.9383],[92.0393,21.9237],[92.051,21.9182],[92.0572,21.9241],[92.06,21.9078],[92.0758,21.9236],[92.081,21.9208],[92.0883,21.926],[92.0944,21.9221],[92.0955,21.9256],[92.099,21.9218],[92.1185,21.9346],[92.1119,21.9167],[92.1297,21.9016],[92.1468,21.9091],[92.1745,21.9098],[92.1594,21.9444],[92.1666,21.948],[92.1738,21.9464],[92.1744,21.9419],[92.1807,21.943],[92.1867,21.9505],[92.1959,21.952],[92.1917,21.9533],[92.1944,21.9617],[92.2141,21.9748],[92.2099,21.9841],[92.2011,21.9887],[92.2031,22.0],[92.2147,22.0007],[92.2162,22.0054],[92.2016,22.0082],[92.2024,22.0186],[92.1957,22.0187],[92.1926,22.0248],[92.1822,22.0289],[92.1776,22.0243],[92.1732,22.0354],[92.1613,22.0431],[92.1767,22.0616],[92.1644,22.0671]]]}},{"type":"Feature","id":"ADM3_Lohagara_691580","properties":{"id":"ADM3_Lohagara_691580","name":"Lohagara","district":"Narail"},"geometry":{"type":"Polygon","coordinates":[[[89.6177,23.3044],[89.6045,23.3122],[89.6046,23.321],[89.5785,23.3234],[89.5601,23.3204],[89.556,23.3085],[89.5344,23.3033],[89.5236,23.278],[89.4981,23.2953],[89.4804,23.2996],[89.4768,23.2946],[89.4803,23.2849],[89.486,23.2755],[89.5141,23.2625],[89.5304,23.2364],[89.5447,23.2339],[89.5554,23.2211],[89.578,23.2173],[89.5958,23.2046],[89.5861,23.1918],[89.592,23.181],[89.5979,23.18],[89.5918,23.16],[89.6046,23.1602],[89.6131,23.1526],[89.6126,23.1445],[89.6053,23.1373],[89.6091,23.132],[89.5967,23.12],[89.59,23.0967],[89.582,23.0917],[89.5852,23.0859],[89.5902,23.0826],[89.6037,23.0914],[89.6145,23.0898],[89.6191,23.0971],[89.6373,23.105],[89.6584,23.0822],[89.6759,23.0954],[89.6784,23.0879],[89.6862,23.0837],[89.7245,23.081],[89.6906,23.0987],[89.6761,23.1153],[89.6728,23.1279],[89.6784,23.1332],[89.6874,23.1323],[89.7049,23.1135],[89.7395,23.1306],[89.7417,23.1423],[89.7302,23.1585],[89.7323,23.1682],[89.7385,23.1733],[89.7624,23.175],[89.7644,23.1807],[89.7537,23.1877],[89.7335,23.1865],[89.7133,23.1777],[89.6966,23.1622],[89.6911,23.1626],[89.679,23.1833],[89.688,23.2104],[89.6843,23.2122],[89.6874,23.2241],[89.665,23.2459],[89.6418,23.2325],[89.6332,23.2371],[89.6368,23.2616],[89.6488,23.273],[89.6691,23.2783],[89.6529,23.2888],[89.6303,23.29],[89.6177,23.3044]]]}},{"type":"Feature","id":"ADM3_Lohajang","properties":{"id":"ADM3_Lohajang","name":"Lohajang","district":"Munshiganj"},"geometry":{"type":"Polygon","coordinates":[[[90.4198,23.5307],[90.4094,23.5308],[90.4059,23.5179],[90.406,23.5311],[90.3927,23.5285],[90.3885,23.5034],[90.3836,23.5006],[90.3605,23.5045],[90.3653,23.5193],[90.3715,23.5181],[90.3664,23.5269],[90.3542,23.5287],[90.3474,23.5208],[90.3477,23.5093],[90.3405,23.5036],[90.3452,23.4984],[90.3432,23.4941],[90.3329,23.4948],[90.3267,23.5028],[90.3119,23.4942],[90.3063,23.4994],[90.2924,23.4962],[90.2893,23.5004],[90.2804,23.4928],[90.2722,23.4987],[90.2553,23.4958],[90.2386,23.5008],[90.228,23.4945],[90.2177,23.4779],[90.2814,23.4465],[90.3024,23.4515],[90.318,23.4395],[90.3599,23.4301],[90.3903,23.414],[90.3886,23.4106],[90.4097,23.4144],[90.4078,23.4187],[90.4155,23.4146],[90.4193,23.4189],[90.4105,23.4288],[90.412,23.4357],[90.4176,23.4428],[90.4307,23.4425],[90.4245,23.4507],[90.4321,23.4649],[90.4022,23.4723],[90.3923,23.4656],[90.3899,23.4698],[90.4079,23.4953],[90.4155,23.4995],[90.4121,23.5135],[90.4198,23.5307]]]}},{"type":"Feature","id":"ADM3_Madan","properties":{"id":"ADM3_Madan","name":"Madan","district":"Netrakona"},"geometry":{"type":"Polygon","coordinates":[[[90.8498,24.7303],[90.856,24.721],[90.8609,24.7231],[90.8617,24.7142],[90.8772,24.7155],[90.8751,24.6955],[90.8837,24.6933],[90.8919,24.6819],[90.8936,24.6597],[90.9076,24.6494],[90.903,24.6294],[90.9132,24.6255],[90.9163,24.6137],[90.9279,24.6158],[90.9331,24.6122],[90.9356,24.6035],[90.9535,24.6024],[90.9629,24.6115],[90.9769,24.5995],[90.9845,24.6052],[90.9928,24.6014],[91.0102,24.6057],[91.0183,24.6031],[91.0273,24.6288],[91.0413,24.6244],[91.0502,24.6271],[91.042,24.6302],[91.0436,24.6354],[91.0387,24.6411],[91.0552,24.6654],[91.0656,24.6662],[91.0633,24.6745],[91.0723,24.6961],[91.0614,24.7028],[91.0475,24.6929],[91.0378,24.6973],[91.0496,24.7083],[91.0489,24.7177],[91.0262,24.7358],[91.0162,24.7398],[91.0016,24.7367],[90.9896,24.742],[90.9559,24.7241],[90.9448,24.7318],[90.9291,24.7312],[90.9206,24.7468],[90.9005,24.7459],[90.9012,24.7533],[90.898,24.7423],[90.8773,24.7484],[90.8792,24.7406],[90.8708,24.7339],[90.8688,24.7374],[90.8583,24.7295],[90.8498,24.7303]]]}},{"type":"Feature","id":"ADM3_Madarganj","properties":{"id":"ADM3_Madarganj","name":"Madarganj","district":"Jamalpur"},"geometry":{"type":"Polygon","coordinates":[[[89.6726,24.9753],[89.6784,24.9477],[89.6724,24.9285],[89.6762,24.9178],[89.6834,24.9157],[89.6861,24.9028],[89.6781,24.903],[89.6737,24.8943],[89.6608,24.8881],[89.6849,24.8284],[89.71,24.807],[89.7303,24.7984],[89.7497,24.7948],[89.7592,24.8001],[89.7626,24.8111],[89.7975,24.7969],[89.8019,24.7893],[89.8093,24.8002],[89.822,24.7968],[89.825,24.8044],[89.8293,24.8045],[89.8263,24.8101],[89.8349,24.8116],[89.8367,24.8287],[89.8314,24.8447],[89.8254,24.8477],[89.8234,24.8426],[89.8175,24.8427],[89.8048,24.8566],[89.8048,24.8646],[89.7899,24.8659],[89.7858,24.8709],[89.7794,24.8676],[89.778,24.8717],[89.7791,24.8828],[89.7875,24.8878],[89.79,24.9023],[89.7863,24.906],[89.7926,24.9149],[89.7901,24.925],[89.7991,24.9223],[89.7992,24.9358],[89.7897,24.937],[89.7887,24.9437],[89.7746,24.9517],[89.7746,24.9573],[89.7641,24.9638],[89.7653,24.971],[89.7588,24.9748],[89.7462,24.9694],[89.7366,24.9776],[89.7266,24.9753],[89.7201,24.9678],[89.7195,24.9757],[89.677,24.9792],[89.6726,24.9753]]]}},{"type":"Feature","id":"ADM3_MadaripurSadar","properties":{"id":"ADM3_MadaripurSadar","name":"Madaripur Sadar","district":"Madaripur"},"geometry":{"type":"Polygon","coordinates":[[[90.2885,23.1671],[90.2838,23.1972],[90.2757,23.1996],[90.2736,23.1959],[90.2659,23.2097],[90.2542,23.2105],[90.2472,23.2165],[90.2503,23.235],[90.2418,23.2311],[90.2419,23.2473],[90.2341,23.2606],[90.2278,23.2628],[90.2302,23.27],[90.2183,23.27],[90.2089,23.2622],[90.19,23.275],[90.1854,23.2602],[90.1755,23.2558],[90.1699,23.2612],[90.1684,23.2727],[90.1585,23.2645],[90.1365,23.2825],[90.12,23.2743],[90.1329,23.2877],[90.129,23.3004],[90.0941,23.2978],[90.0953,23.2925],[90.0886,23.2854],[90.0955,23.2774],[90.0837,23.2727],[90.0948,23.261],[90.0914,23.2523],[90.0962,23.2513],[90.0988,23.2563],[90.1049,23.2527],[90.1085,23.2459],[90.1032,23.2375],[90.1056,23.2333],[90.1213,23.228],[90.0939,23.2141],[90.0965,23.1946],[90.0885,23.1805],[90.0962,23.1721],[90.1041,23.1728],[90.0981,23.1667],[90.0982,23.153],[90.0852,23.1501],[90.0796,23.1132],[90.1065,23.1179],[90.1093,23.1129],[90.1187,23.1115],[90.1215,23.1159],[90.156,23.1107],[90.1505,23.1265],[90.162,23.1282],[90.1638,23.1394],[90.171,23.1388],[90.1728,23.1318],[90.1827,23.1309],[90.189,23.1396],[90.196,23.1235],[90.2041,23.1235],[90.2075,23.1141],[90.219,23.1155],[90.2199,23.1062],[90.2275,23.1033],[90.2377,23.1159],[90.2496,23.1169],[90.2528,23.1216],[90.2446,23.1285],[90.2482,23.1314],[90.2468,23.141],[90.254,23.141],[90.2581,23.1486],[90.2648,23.1424],[90.269,23.1518],[90.2618,23.1553],[90.2769,23.1556],[90.2885,23.1671]]]}},{"type":"Feature","id":"ADM3_Madhabpur","properties":{"id":"ADM3_Madhabpur","name":"Madhabpur","district":"Habiganj"},"geometry":{"type":"Polygon","coordinates":[[[91.3031,23.9971],[91.3149,23.9906],[91.33,23.9926],[91.3412,23.9821],[91.3616,23.9864],[91.3736,23.9754],[91.3795,23.9755],[91.379,23.9912],[91.3732,24.0028],[91.3908,24.0259],[91.3965,24.0498],[91.3771,24.08],[91.3745,24.1079],[91.4015,24.1116],[91.4282,24.1075],[91.4411,24.1244],[91.4142,24.141],[91.4144,24.1626],[91.3865,24.1636],[91.3819,24.1828],[91.3616,24.2003],[91.3811,24.2456],[91.3818,24.2559],[91.3765,24.2565],[91.3751,24.2676],[91.3736,24.2613],[91.3468,24.2585],[91.3461,24.265],[91.3382,24.269],[91.321,24.2644],[91.3289,24.2495],[91.324,24.2295],[91.3087,24.2279],[91.3061,24.2204],[91.2985,24.223],[91.2981,24.2137],[91.2838,24.2176],[91.2847,24.2102],[91.2773,24.2032],[91.2854,24.1954],[91.2969,24.1982],[91.2975,24.2034],[91.3052,24.1984],[91.3047,24.2028],[91.3127,24.2035],[91.3127,24.1827],[91.3052,24.1907],[91.2772,24.1815],[91.2753,24.1566],[91.267,24.1581],[91.2683,24.1485],[91.2618,24.1465],[91.2636,24.1401],[91.2717,24.141],[91.2716,24.1237],[91.2925,24.1171],[91.2835,24.1171],[91.2842,24.1114],[91.2708,24.1125],[91.2676,24.0937],[91.275,24.094],[91.2794,24.0889],[91.282,24.0936],[91.2931,24.0935],[91.2834,24.0718],[91.287,24.0664],[91.2841,24.0608],[91.3041,24.0563],[91.3036,24.0437],[91.3116,24.0396],[91.3124,24.0287],[91.304,24.026],[91.3075,24.0162],[91.2943,24.0013],[91.3031,23.9971]]]}},{"type":"Feature","id":"ADM3_Madhukhali","properties":{"id":"ADM3_Madhukhali","name":"Madhukhali","district":"Faridpur"},"geometry":{"type":"Polygon","coordinates":[[[89.4973,23.5791],[89.4995,23.5578],[89.5066,23.5524],[89.523,23.5505],[89.5375,23.5361],[89.5326,23.5288],[89.521,23.53],[89.5,23.5193],[89.4893,23.4946],[89.4903,23.4822],[89.4972,23.4747],[89.5073,23.4778],[89.5084,23.5068],[89.5271,23.513],[89.5806,23.4931],[89.6049,23.4745],[89.6072,23.4587],[89.6107,23.4591],[89.6219,23.4619],[89.6176,23.4789],[89.6239,23.4937],[89.6392,23.4866],[89.6462,23.4965],[89.6475,23.4926],[89.6552,23.4939],[89.6724,23.4868],[89.6717,23.5063],[89.6795,23.5069],[89.6923,23.4995],[89.7059,23.5058],[89.715,23.5024],[89.7332,23.5201],[89.7429,23.5232],[89.7072,23.5499],[89.6889,23.5506],[89.7054,23.5824],[89.6983,23.5901],[89.6697,23.5852],[89.6727,23.5963],[89.6665,23.6088],[89.6547,23.6096],[89.6466,23.591],[89.6298,23.5877],[89.6268,23.5918],[89.6192,23.5889],[89.605,23.5951],[89.5977,23.6084],[89.5939,23.6051],[89.5989,23.5978],[89.5902,23.5938],[89.5723,23.6045],[89.564,23.6038],[89.5644,23.5949],[89.5485,23.5913],[89.5492,23.5825],[89.5422,23.5768],[89.5431,23.5711],[89.5538,23.5708],[89.5464,23.5599],[89.5418,23.5686],[89.5294,23.5709],[89.5204,23.587],[89.5084,23.5903],[89.4973,23.5791]]]}},{"type":"Feature","id":"ADM3_Madhupur","properties":{"id":"ADM3_Madhupur","name":"Madhupur","district":"Tangail"},"geometry":{"type":"Polygon","coordinates":[[[89.947,24.6247],[89.9414,24.6179],[89.9455,24.6073],[89.9397,24.6087],[89.945,24.5987],[89.9537,24.6001],[89.9541,24.5952],[89.9564,24.603],[89.9626,24.6061],[89.9682,24.5993],[89.9813,24.5978],[89.9821,24.59],[89.9927,24.5869],[89.984,24.5725],[90.002,24.5579],[90.0042,24.5622],[90.0163,24.5613],[90.0092,24.5491],[90.0206,24.542],[90.041,24.5464],[90.0436,24.5525],[90.0491,24.5458],[90.0566,24.5492],[90.0711,24.5431],[90.0728,24.5511],[90.0788,24.5495],[90.0813,24.5559],[90.0985,24.5587],[90.1091,24.5421],[90.107,24.5194],[90.1196,24.5325],[90.1524,24.55],[90.146,24.5676],[90.1508,24.5747],[90.1397,24.5757],[90.1246,24.5967],[90.1304,24.6176],[90.1442,24.6236],[90.148,24.6338],[90.1474,24.6512],[90.1405,24.6589],[90.1421,24.6718],[90.1319,24.6915],[90.1341,24.7009],[90.1266,24.7179],[90.1327,24.7344],[90.1273,24.7385],[90.0904,24.7372],[90.0885,24.7518],[90.098,24.7563],[90.092,24.7577],[90.0916,24.7685],[90.0758,24.7879],[90.0694,24.7811],[90.0488,24.774],[90.0322,24.777],[90.0242,24.7723],[90.0204,24.7547],[89.9922,24.7369],[89.9901,24.7114],[89.9941,24.6942],[90.0027,24.6924],[90.0095,24.6813],[89.9766,24.6715],[89.987,24.6691],[89.9857,24.6649],[89.9945,24.6649],[89.9966,24.6701],[90.0,24.6676],[89.9993,24.6589],[89.9883,24.6593],[89.9899,24.6541],[89.9848,24.6558],[89.9797,24.6476],[89.9719,24.6468],[89.9761,24.6344],[89.9824,24.6341],[89.9781,24.63],[89.9846,24.6299],[89.9877,24.6239],[89.9686,24.6255],[89.9633,24.632],[89.9558,24.6239],[89.947,24.6247]]]}},{"type":"Feature","id":"ADM3_MaguraSadar","properties":{"id":"ADM3_MaguraSadar","name":"Magura Sadar","district":"Magura"},"geometry":{"type":"Polygon","coordinates":[[[89.2876,23.4434],[89.2949,23.443],[89.2941,23.4345],[89.3045,23.4393],[89.3159,23.4309],[89.3255,23.4323],[89.3283,23.4162],[89.3537,23.4105],[89.3648,23.3923],[89.365,23.3804],[89.3884,23.3836],[89.3915,23.3953],[89.3983,23.3947],[89.3954,23.376],[89.4024,23.3664],[89.4159,23.3602],[89.4221,23.3635],[89.4218,23.3496],[89.4412,23.3354],[89.4461,23.3338],[89.4471,23.3378],[89.4525,23.333],[89.4511,23.3118],[89.4624,23.3101],[89.4765,23.3234],[89.4865,23.3225],[89.4902,23.3171],[89.4979,23.3224],[89.495,23.3329],[89.5009,23.3422],[89.5171,23.3392],[89.5163,23.3595],[89.5269,23.3787],[89.5174,23.3933],[89.5078,23.3938],[89.5037,23.4077],[89.5065,23.4156],[89.4942,23.4198],[89.4957,23.4287],[89.4878,23.4373],[89.4979,23.441],[89.4869,23.4424],[89.5087,23.4723],[89.5073,23.4778],[89.4945,23.4762],[89.4893,23.4946],[89.4923,23.5068],[89.5098,23.5257],[89.5097,23.5321],[89.4978,23.5355],[89.4875,23.5239],[89.471,23.5317],[89.4579,23.5163],[89.4657,23.5309],[89.4527,23.5418],[89.4419,23.5373],[89.4174,23.5413],[89.4123,23.544],[89.4138,23.553],[89.3972,23.5589],[89.3858,23.5565],[89.3838,23.5611],[89.3788,23.5583],[89.3588,23.5648],[89.3568,23.5605],[89.3344,23.5689],[89.3251,23.5664],[89.314,23.5532],[89.3143,23.5448],[89.3054,23.5402],[89.307,23.5178],[89.3032,23.5124],[89.3092,23.5067],[89.3068,23.5023],[89.3011,23.5038],[89.298,23.4973],[89.3041,23.4944],[89.307,23.4823],[89.3062,23.4692],[89.3012,23.4655],[89.3031,23.4552],[89.2876,23.4434]]]}},{"type":"Feature","id":"ADM3_Mahadebpur","properties":{"id":"ADM3_Mahadebpur","name":"Mahadebpur","district":"Naogaon"},"geometry":{"type":"Polygon","coordinates":[[[88.8747,24.9964],[88.8767,25.0052],[88.8583,25.0099],[88.8577,25.005],[88.8461,25.0067],[88.8382,25.0009],[88.8066,25.0034],[88.8013,25.0117],[88.7781,25.0084],[88.7784,25.0128],[88.7698,25.0104],[88.7676,25.0139],[88.763,25.009],[88.7636,24.9965],[88.7549,24.995],[88.7355,24.9984],[88.7286,25.0104],[88.7181,25.0046],[88.7196,25.0097],[88.7127,25.0131],[88.7114,24.9956],[88.6988,25.0006],[88.6855,24.9985],[88.6812,24.9839],[88.6761,24.9889],[88.6647,24.9867],[88.6431,24.9967],[88.6442,24.9782],[88.6393,24.9737],[88.645,24.9654],[88.6353,24.9594],[88.6419,24.9437],[88.6391,24.9411],[88.6512,24.9392],[88.6493,24.9315],[88.6552,24.9315],[88.6559,24.9235],[88.663,24.9187],[88.6573,24.8982],[88.6616,24.8948],[88.6567,24.8914],[88.657,24.8832],[88.6499,24.8851],[88.6522,24.8796],[88.6468,24.8752],[88.669,24.8632],[88.6743,24.8653],[88.6774,24.8748],[88.7208,24.8652],[88.7176,24.8534],[88.7244,24.85],[88.7057,24.8378],[88.706,24.8226],[88.7156,24.8199],[88.7177,24.8128],[88.7264,24.8073],[88.7315,24.8103],[88.7288,24.8192],[88.7322,24.8285],[88.7334,24.8203],[88.7501,24.8185],[88.7618,24.844],[88.7789,24.8435],[88.7881,24.8381],[88.7995,24.8497],[88.8036,24.8613],[88.8113,24.8645],[88.8172,24.8619],[88.8118,24.8341],[88.8346,24.8285],[88.8396,24.8179],[88.8344,24.814],[88.843,24.8173],[88.8454,24.8105],[88.8555,24.8122],[88.8642,24.8241],[88.873,24.8279],[88.8712,24.8338],[88.8807,24.8484],[88.8815,24.8605],[88.8656,24.8646],[88.8636,24.8695],[88.8725,24.8718],[88.8788,24.8777],[88.8742,24.8829],[88.8808,24.8842],[88.8621,24.8867],[88.8619,24.9088],[88.8682,24.9114],[88.8615,24.9163],[88.8668,24.9237],[88.8555,24.9315],[88.8646,24.9429],[88.8538,24.9636],[88.8545,24.9685],[88.8615,24.97],[88.8627,24.9779],[88.8524,24.9798],[88.8543,24.9854],[88.8641,24.9844],[88.8673,24.9985],[88.8747,24.9964]]]}},{"type":"Feature","id":"ADM3_Mahalchhari","properties":{"id":"ADM3_Mahalchhari","name":"Mahalchhari","district":"Khagrachhari"},"geometry":{"type":"Polygon","coordinates":[[[91.9666,23.0057],[91.9829,22.964],[91.9756,22.9535],[91.9724,22.9313],[91.961,22.9252],[91.9458,22.9307],[91.9453,22.9088],[91.91,22.8973],[91.9022,22.8925],[91.8996,22.8822],[91.907,22.8766],[91.9084,22.8635],[91.9429,22.8839],[91.9762,22.8803],[91.9762,22.8667],[91.9846,22.8486],[91.9799,22.8331],[92.0007,22.8423],[92.0189,22.884],[92.04,22.8844],[92.0538,22.8943],[92.0701,22.9335],[92.1176,22.9582],[92.106,23.0004],[92.0801,23.0549],[92.0548,23.0497],[92.0234,23.0242],[91.9666,23.0057]]]}},{"type":"Feature","id":"ADM3_Maheshkhali","properties":{"id":"ADM3_Maheshkhali","name":"Maheshkhali","district":"Cox's Bazar"},"geometry":{"type":"MultiPolygon","coordinates":[[[[91.9714,21.5022],[91.9726,21.503],[91.9717,21.5052],[91.9657,21.5041],[91.9673,21.5019],[91.9714,21.5022]]],[[[91.8511,21.5235],[91.847,21.5293],[91.8465,21.5252],[91.8511,21.5235]]],[[[91.8413,21.5277],[91.8417,21.5388],[91.8406,21.5398],[91.838,21.5349],[91.8413,21.5277]]],[[[91.9921,21.594],[91.9983,21.6007],[91.9964,21.6076],[91.9921,21.594]]],[[[91.8633,21.6006],[91.866,21.6225],[91.8466,21.6101],[91.8529,21.598],[91.8507,21.5817],[91.8599,21.5857],[91.8633,21.6006]]],[[[92.0064,21.6016],[92.0084,21.6116],[92.0004,21.6237],[92.0064,21.6016]]],[[[91.8832,21.6435],[91.8859,21.646],[91.8817,21.6435],[91.8832,21.6435]]],[[[91.9487,21.7227],[91.9439,21.7233],[91.9417,21.7323],[91.9238,21.7224],[91.9094,21.7265],[91.9064,21.7326],[91.9136,21.7522],[91.885,21.7652],[91.8718,21.7189],[91.8557,21.6862],[91.857,21.6703],[91.8825,21.6473],[91.8874,21.6491],[91.888,21.6552],[91.8777,21.6742],[91.8781,21.6849],[91.886,21.6938],[91.9053,21.6986],[91.8837,21.6901],[91.8798,21.6837],[91.892,21.6448],[91.8863,21.6259],[91.882,21.6301],[91.869,21.615],[91.8654,21.5952],[91.8686,21.5924],[91.8788,21.603],[91.8835,21.6161],[91.8794,21.599],[91.8823,21.5942],[91.8719,21.5844],[91.8744,21.5741],[91.8615,21.5745],[91.8592,21.5665],[91.8649,21.5584],[91.8699,21.5603],[91.8712,21.5541],[91.8907,21.5453],[91.8843,21.5455],[91.8852,21.5397],[91.8614,21.5431],[91.8505,21.5308],[91.8653,21.5207],[91.8532,21.5225],[91.8626,21.5057],[91.8919,21.4805],[91.9099,21.474],[91.9146,21.4779],[91.9111,21.4707],[91.9162,21.4697],[91.922,21.4817],[91.9314,21.4823],[91.9377,21.4883],[91.9193,21.4899],[91.9034,21.5025],[91.9218,21.491],[91.9394,21.4917],[91.9383,21.5031],[91.976,21.5088],[91.9849,21.5961],[91.9901,21.6155],[91.989,21.6029],[91.993,21.6054],[91.989,21.6296],[91.9777,21.6507],[91.9605,21.6692],[91.9458,21.7157],[91.9631,21.6695],[92.0006,21.6259],[92.0031,21.636],[92.0036,21.661],[91.9877,21.6597],[91.9718,21.67],[91.9527,21.7004],[91.9487,21.7227]]]]}},{"type":"Feature","id":"ADM3_Maheshpur","properties":{"id":"ADM3_Maheshpur","name":"Maheshpur","district":"Jhenaidah"},"geometry":{"type":"Polygon","coordinates":[[[89.0203,23.3693],[89.0192,23.3782],[89.009,23.3819],[89.0065,23.4066],[88.9986,23.4015],[88.9905,23.3783],[88.9831,23.3804],[88.99,23.3983],[88.9651,23.3929],[88.9562,23.4011],[88.9442,23.3997],[88.9349,23.413],[88.9211,23.4128],[88.9152,23.4194],[88.9104,23.4134],[88.9184,23.4122],[88.9165,23.4059],[88.8958,23.4103],[88.8891,23.4058],[88.8776,23.4067],[88.8759,23.3925],[88.8551,23.3746],[88.856,23.3832],[88.8525,23.3751],[88.8412,23.3793],[88.834,23.3907],[88.8271,23.3746],[88.8147,23.3889],[88.8079,23.3868],[88.8065,23.3789],[88.7973,23.3708],[88.7906,23.3719],[88.7898,23.3781],[88.7842,23.3806],[88.7722,23.3628],[88.7756,23.3756],[88.7648,23.3704],[88.7589,23.3603],[88.7476,23.3624],[88.7436,23.3542],[88.746,23.349],[88.7322,23.3526],[88.7391,23.3433],[88.7328,23.3279],[88.7437,23.3281],[88.7498,23.3214],[88.745,23.3071],[88.7375,23.3051],[88.7301,23.3096],[88.7306,23.3199],[88.725,23.3181],[88.7269,23.2998],[88.7192,23.2979],[88.72,23.3037],[88.7064,23.3041],[88.7128,23.3109],[88.7086,23.3128],[88.6962,23.3022],[88.6976,23.2918],[88.7076,23.291],[88.7115,23.2782],[88.7244,23.2719],[88.7188,23.2549],[88.7539,23.2403],[88.7605,23.2464],[88.7695,23.245],[88.778,23.2352],[88.7732,23.2311],[88.7785,23.2211],[88.7911,23.2183],[88.7914,23.2217],[88.8114,23.2217],[88.8059,23.2381],[88.811,23.2562],[88.8282,23.2452],[88.8242,23.2338],[88.8368,23.2438],[88.8448,23.2307],[88.8537,23.2365],[88.8612,23.2321],[88.8746,23.2343],[88.8863,23.2261],[88.8905,23.2448],[88.9074,23.2462],[88.9129,23.2509],[88.905,23.2543],[88.9056,23.2603],[88.9143,23.2616],[88.9156,23.2714],[88.8996,23.2785],[88.921,23.2769],[88.9322,23.2811],[88.9335,23.2872],[88.9527,23.2846],[88.9651,23.2892],[88.9667,23.2981],[88.9612,23.3039],[88.9675,23.3105],[88.9605,23.3292],[88.9796,23.3435],[89.0046,23.3441],[89.0095,23.3401],[89.0335,23.3504],[89.0347,23.3545],[89.0127,23.3675],[89.0203,23.3693]]]}},{"type":"Feature","id":"ADM3_Manda","properties":{"id":"ADM3_Manda","name":"Manda","district":"Naogaon"},"geometry":{"type":"Polygon","coordinates":[[[88.8466,24.6995],[88.8439,24.7087],[88.8457,24.713],[88.8516,24.7117],[88.8506,24.726],[88.8432,24.7239],[88.8349,24.7348],[88.8285,24.7332],[88.8261,24.7405],[88.8171,24.7366],[88.8152,24.7513],[88.8212,24.7525],[88.8158,24.7648],[88.8058,24.7721],[88.7968,24.7724],[88.8053,24.7818],[88.795,24.7834],[88.7938,24.7895],[88.7937,24.7953],[88.8,24.7962],[88.8032,24.8165],[88.7948,24.831],[88.7962,24.8361],[88.7789,24.8435],[88.7618,24.844],[88.7501,24.8185],[88.7334,24.8203],[88.7322,24.8285],[88.7288,24.8192],[88.7315,24.8103],[88.7264,24.8073],[88.7177,24.8128],[88.7156,24.8199],[88.706,24.8226],[88.7057,24.8378],[88.7244,24.85],[88.7176,24.8534],[88.7208,24.8652],[88.6863,24.8751],[88.6774,24.8748],[88.6743,24.8653],[88.669,24.8632],[88.6587,24.8721],[88.6519,24.8706],[88.6533,24.8558],[88.6642,24.8476],[88.6664,24.8297],[88.662,24.8288],[88.6549,24.8431],[88.6379,24.8444],[88.639,24.8302],[88.6314,24.8248],[88.6296,24.8153],[88.6388,24.8022],[88.6326,24.7971],[88.6272,24.7998],[88.6274,24.7909],[88.6213,24.7928],[88.6185,24.7875],[88.6195,24.7808],[88.6241,24.7809],[88.6183,24.7651],[88.6303,24.7517],[88.6189,24.7366],[88.6072,24.7311],[88.5982,24.7338],[88.5919,24.7251],[88.5971,24.7192],[88.5984,24.7055],[88.5935,24.6984],[88.6157,24.7047],[88.6245,24.6956],[88.6302,24.6516],[88.6236,24.645],[88.6295,24.6317],[88.6361,24.6325],[88.6309,24.6277],[88.6352,24.6255],[88.6326,24.6214],[88.639,24.6172],[88.6459,24.6212],[88.6491,24.6313],[88.6565,24.6241],[88.6827,24.637],[88.6926,24.6356],[88.6915,24.6282],[88.6958,24.6253],[88.698,24.6309],[88.7061,24.6284],[88.7026,24.6382],[88.6952,24.6398],[88.7033,24.6467],[88.7014,24.6619],[88.72,24.6679],[88.7231,24.6601],[88.7288,24.6664],[88.7353,24.6638],[88.7427,24.6835],[88.7561,24.6709],[88.7681,24.6675],[88.795,24.6862],[88.8036,24.6844],[88.8054,24.6757],[88.8141,24.6746],[88.833,24.6792],[88.8359,24.6853],[88.8451,24.6797],[88.8466,24.6995]]]}},{"type":"Feature","id":"ADM3_Manikchhari","properties":{"id":"ADM3_Manikchhari","name":"Manikchhari","district":"Khagrachhari"},"geometry":{"type":"Polygon","coordinates":[[[91.854,22.7758],[91.8519,22.7816],[91.8668,22.8128],[91.8841,22.8378],[91.8847,22.8449],[91.8765,22.8499],[91.889,22.8683],[91.8659,22.8711],[91.8558,22.8857],[91.8479,22.8865],[91.8368,22.9072],[91.7845,22.8951],[91.7682,22.8728],[91.7591,22.8681],[91.7472,22.8702],[91.755,22.8616],[91.7554,22.8436],[91.7651,22.832],[91.7639,22.8219],[91.7753,22.7944],[91.7902,22.7833],[91.793,22.7686],[91.8117,22.7933],[91.8348,22.7903],[91.8306,22.7844],[91.8326,22.7756],[91.8375,22.7822],[91.8521,22.7699],[91.854,22.7758]]]}},{"type":"Feature","id":"ADM3_ManikganjSadar","properties":{"id":"ADM3_ManikganjSadar","name":"Manikganj Sadar","district":"Manikganj"},"geometry":{"type":"Polygon","coordinates":[[[90.0829,23.9109],[90.0849,23.9017],[90.0721,23.8951],[90.0724,23.8894],[90.0507,23.886],[90.0474,23.8868],[90.0543,23.8921],[90.0528,23.8967],[90.0086,23.9061],[89.9938,23.922],[89.9892,23.9187],[89.9817,23.9222],[89.9808,23.9123],[89.9763,23.9165],[89.9605,23.9164],[89.9582,23.9124],[89.9484,23.9148],[89.9429,23.9083],[89.9448,23.9041],[89.9486,23.9063],[89.954,23.8911],[89.9524,23.8689],[89.9584,23.8636],[89.9612,23.8664],[89.9585,23.8426],[89.9757,23.8439],[89.9673,23.838],[89.9716,23.8314],[89.9654,23.8297],[89.966,23.8183],[89.961,23.8138],[89.9842,23.8142],[89.9878,23.7936],[89.9808,23.7855],[89.983,23.7788],[89.9928,23.776],[89.9959,23.7693],[90.0146,23.7738],[90.0172,23.762],[90.0102,23.7556],[90.0235,23.7501],[90.0432,23.7291],[90.0272,23.7189],[90.0453,23.7113],[90.051,23.7128],[90.0512,23.7258],[90.0696,23.7268],[90.0809,23.717],[90.0837,23.7283],[90.074,23.7299],[90.0783,23.7511],[90.0704,23.7597],[90.0767,23.7601],[90.0724,23.77],[90.0664,23.7741],[90.0513,23.7713],[90.0514,23.783],[90.062,23.7902],[90.0598,23.803],[90.0727,23.8124],[90.0688,23.8288],[90.092,23.8333],[90.1098,23.8466],[90.1132,23.8446],[90.1149,23.8521],[90.1213,23.8472],[90.1183,23.8558],[90.1267,23.8665],[90.116,23.8756],[90.1085,23.8953],[90.0829,23.9109]]]}},{"type":"Feature","id":"ADM3_Manirampur","properties":{"id":"ADM3_Manirampur","name":"Manirampur","district":"Jessore"},"geometry":{"type":"Polygon","coordinates":[[[89.3059,23.0922],[89.2977,23.0866],[89.29,23.0924],[89.278,23.0914],[89.2737,23.1047],[89.2676,23.1068],[89.2606,23.0959],[89.2336,23.0927],[89.2334,23.0875],[89.2284,23.0905],[89.2202,23.0862],[89.2106,23.0711],[89.2048,23.078],[89.2085,23.0878],[89.2033,23.0926],[89.1986,23.0907],[89.1975,23.0954],[89.185,23.0931],[89.183,23.0875],[89.1708,23.0968],[89.1521,23.0846],[89.1443,23.0905],[89.1118,23.0881],[89.1135,23.0667],[89.0952,23.045],[89.1029,23.0308],[89.0943,23.0292],[89.0757,23.0082],[89.0692,22.9892],[89.0771,22.9768],[89.1027,22.9917],[89.1196,22.989],[89.121,22.9764],[89.109,22.9719],[89.1096,22.9634],[89.093,22.9641],[89.0957,22.9547],[89.08,22.9425],[89.0806,22.9339],[89.1016,22.9227],[89.1076,22.9308],[89.1008,22.9384],[89.1147,22.944],[89.1094,22.9375],[89.1116,22.9332],[89.1251,22.9282],[89.1301,22.9204],[89.1481,22.9207],[89.1477,22.9324],[89.1578,22.929],[89.1594,22.9379],[89.1683,22.9285],[89.1739,22.936],[89.1861,22.9333],[89.204,22.9396],[89.2125,22.9359],[89.2236,22.9456],[89.2265,22.9369],[89.2414,22.9317],[89.2462,22.9344],[89.2419,22.943],[89.2529,22.9392],[89.2786,22.9441],[89.282,22.9321],[89.3114,22.9331],[89.3009,22.9295],[89.3083,22.921],[89.3282,22.9167],[89.3321,22.9207],[89.3585,22.923],[89.3539,22.9349],[89.3613,22.9382],[89.3602,22.947],[89.3679,22.9657],[89.3555,22.9843],[89.3565,23.0139],[89.3489,23.016],[89.3453,23.01],[89.3395,23.0107],[89.3392,22.9954],[89.3335,22.9912],[89.3372,23.0236],[89.3281,23.0299],[89.3317,23.04],[89.3264,23.0451],[89.3265,23.0529],[89.3176,23.0562],[89.3136,23.0679],[89.3198,23.0698],[89.3107,23.0815],[89.3133,23.0866],[89.3059,23.0922]]]}},{"type":"Feature","id":"ADM3_Manohardi","properties":{"id":"ADM3_Manohardi","name":"Manohardi","district":"Narsingdi"},"geometry":{"type":"Polygon","coordinates":[[[90.8041,24.1847],[90.7861,24.1931],[90.7934,24.2193],[90.7833,24.2266],[90.7815,24.2427],[90.7706,24.2505],[90.7518,24.2516],[90.7222,24.2353],[90.683,24.2443],[90.6854,24.2356],[90.6726,24.2226],[90.6717,24.2048],[90.6863,24.1895],[90.685,24.1501],[90.6953,24.14],[90.6763,24.1155],[90.6845,24.1128],[90.6955,24.1165],[90.703,24.1066],[90.6997,24.1013],[90.6681,24.0997],[90.6566,24.0923],[90.6405,24.107],[90.6411,24.0762],[90.6371,24.0739],[90.6456,24.0699],[90.6658,24.0757],[90.6701,24.0724],[90.6893,24.0825],[90.6911,24.0778],[90.7006,24.08],[90.7263,24.0636],[90.7238,24.0857],[90.7452,24.0805],[90.7352,24.0853],[90.7373,24.0984],[90.73,24.106],[90.7384,24.1052],[90.743,24.0932],[90.7572,24.0903],[90.7567,24.0844],[90.7626,24.0798],[90.7688,24.0815],[90.7819,24.0934],[90.7797,24.0979],[90.7921,24.0996],[90.789,24.1031],[90.7934,24.1089],[90.7882,24.1144],[90.7824,24.1116],[90.778,24.115],[90.7809,24.1215],[90.7754,24.1448],[90.7658,24.1501],[90.7782,24.1634],[90.7838,24.1584],[90.7832,24.1674],[90.7868,24.1638],[90.8034,24.1674],[90.7978,24.1688],[90.8068,24.1791],[90.8041,24.1847]]]}},{"type":"Feature","id":"ADM3_Manoharganj","properties":{"id":"ADM3_Manoharganj","name":"Manoharganj","district":"Comilla"},"geometry":{"type":"Polygon","coordinates":[[[91.0394,23.1006],[91.0507,23.0835],[91.0804,23.0768],[91.0794,23.0716],[91.1265,23.0767],[91.14,23.0743],[91.1459,23.0812],[91.144,23.0945],[91.1365,23.0939],[91.1437,23.0967],[91.1393,23.1004],[91.1429,23.1015],[91.1323,23.1085],[91.1313,23.1188],[91.1264,23.12],[91.12,23.1364],[91.1249,23.158],[91.1344,23.1589],[91.1347,23.1665],[91.1301,23.1747],[91.0867,23.1695],[91.0898,23.1843],[91.0957,23.1892],[91.0863,23.193],[91.0827,23.2055],[91.0768,23.2072],[91.0777,23.2186],[91.0669,23.2175],[91.0552,23.2001],[91.0392,23.2019],[91.0419,23.2135],[91.0287,23.2185],[91.0154,23.213],[91.0141,23.1962],[91.0187,23.1951],[91.0082,23.1917],[91.0116,23.1867],[91.0,23.1817],[91.0059,23.1752],[91.0057,23.1548],[91.012,23.1536],[91.0095,23.1425],[90.9817,23.1374],[90.9845,23.1178],[91.0135,23.1161],[91.0232,23.1063],[91.0356,23.1147],[91.0394,23.1006]]]}},{"type":"Feature","id":"ADM3_Manpura","properties":{"id":"ADM3_Manpura","name":"Manpura","district":"Bhola"},"geometry":{"type":"MultiPolygon","coordinates":[[[[90.8909,22.0498],[90.8979,22.0646],[90.8953,22.0845],[90.8859,22.0918],[90.88,22.0835],[90.8786,22.0605],[90.8835,22.051],[90.8909,22.0498]]],[[[90.8956,22.0888],[90.8898,22.0985],[90.8864,22.0933],[90.8956,22.0888]]],[[[90.8794,22.1001],[90.8916,22.108],[90.8944,22.1254],[90.8761,22.1023],[90.8794,22.1001]]],[[[91.0175,22.187],[91.0151,22.1757],[91.0173,22.1797],[91.0175,22.187]]],[[[91.0137,22.2698],[91.0094,22.2568],[91.0134,22.2412],[91.0137,22.2698]]],[[[90.9233,22.2315],[90.9362,22.2616],[90.9376,22.2877],[90.9313,22.2844],[90.9194,22.2352],[90.9233,22.2315]]],[[[90.8987,22.2074],[90.9116,22.2648],[90.9101,22.2973],[90.8938,22.2471],[90.8987,22.2074]]],[[[90.9651,22.3],[90.9669,22.3095],[90.9653,22.315],[90.9634,22.3164],[90.9611,22.3121],[90.9634,22.3013],[90.9651,22.3]]],[[[91.0106,22.2835],[91.0159,22.297],[90.9995,22.3244],[91.0012,22.3061],[91.0106,22.2835]]],[[[90.9289,22.298],[90.94,22.3081],[90.9366,22.3277],[90.9258,22.299],[90.9289,22.298]]],[[[90.8885,22.3189],[90.8888,22.3279],[90.8775,22.3163],[90.8885,22.3189]]],[[[91.019,22.3323],[91.0077,22.3339],[91.0194,22.2928],[91.024,22.3167],[91.019,22.3323]]],[[[90.9914,22.3291],[90.9872,22.3456],[90.9698,22.3431],[90.972,22.3022],[90.9587,22.2528],[90.9194,22.1722],[90.8951,22.0992],[90.8949,22.0938],[90.8986,22.0995],[90.9016,22.0792],[90.9098,22.0724],[90.9198,22.0749],[90.9334,22.1088],[90.977,22.1715],[90.9891,22.1998],[91.0009,22.278],[90.9914,22.3291]]],[[[90.918,22.2855],[90.9369,22.3333],[90.9317,22.3472],[90.9107,22.3038],[90.918,22.2855]]],[[[90.8737,22.3342],[90.8861,22.3412],[90.8975,22.3567],[90.889,22.3559],[90.8883,22.3615],[90.8826,22.3562],[90.8737,22.3342]]],[[[90.9898,22.391],[90.9496,22.388],[90.9629,22.3661],[90.9899,22.3649],[90.9942,22.3707],[90.9898,22.391]]]]}},{"type":"Feature","id":"ADM3_Mathbaria","properties":{"id":"ADM3_Mathbaria","name":"Mathbaria","district":"Pirojpur"},"geometry":{"type":"MultiPolygon","coordinates":[[[[89.8893,22.1582],[89.8909,22.1583],[89.8877,22.1652],[89.8893,22.1582]]],[[[90.0509,22.3369],[90.0559,22.3568],[90.0463,22.3604],[90.036,22.3752],[90.0337,22.3631],[90.0191,22.3714],[90.0228,22.3945],[90.0078,22.3956],[90.0015,22.4022],[90.0005,22.3962],[89.982,22.3942],[89.9741,22.4048],[89.9628,22.4014],[89.975,22.3827],[89.9684,22.3708],[89.9619,22.371],[89.9551,22.3856],[89.9426,22.3878],[89.9335,22.3647],[89.9036,22.3818],[89.8956,22.3469],[89.8676,22.3046],[89.8576,22.2618],[89.8619,22.2335],[89.8805,22.1995],[89.8859,22.1773],[89.8976,22.1783],[89.9014,22.1634],[89.9072,22.1588],[89.9308,22.1626],[89.9421,22.1764],[89.9576,22.1714],[89.9588,22.1827],[89.9693,22.1917],[89.9639,22.208],[89.9675,22.2206],[89.9753,22.2036],[89.9836,22.2064],[89.9908,22.1987],[89.9927,22.2112],[90.0005,22.2138],[89.9978,22.2287],[90.0188,22.2307],[90.0292,22.2598],[90.0202,22.2753],[90.024,22.2931],[90.0329,22.3039],[90.0392,22.3047],[90.0422,22.3177],[90.0532,22.315],[90.0509,22.3369]]]]}},{"type":"Feature","id":"ADM3_Matihar","properties":{"id":"ADM3_Matihar","name":"Matihar","district":"Rajshahi"},"geometry":{"type":"Polygon","coordinates":[[[88.6216,24.3582],[88.6502,24.3502],[88.654,24.3612],[88.6651,24.3658],[88.6631,24.3717],[88.669,24.3741],[88.661,24.3762],[88.6532,24.3929],[88.6476,24.3757],[88.6318,24.3734],[88.6328,24.3644],[88.6216,24.3582]]]}},{"type":"Feature","id":"ADM3_Matiranga","properties":{"id":"ADM3_Matiranga","name":"Matiranga","district":"Khagrachhari"},"geometry":{"type":"Polygon","coordinates":[[[91.8929,23.1716],[91.8499,23.2099],[91.8411,23.2233],[91.8365,23.2418],[91.8346,23.3052],[91.8221,23.3515],[91.8154,23.3441],[91.8095,23.3441],[91.8052,23.3329],[91.7832,23.3245],[91.7643,23.3094],[91.7605,23.2914],[91.7613,23.2772],[91.777,23.2694],[91.7749,23.257],[91.7803,23.2471],[91.7761,23.2434],[91.7796,23.2394],[91.7835,23.2434],[91.7844,23.2323],[91.791,23.2269],[91.7918,23.2183],[91.7878,23.2153],[91.7926,23.2094],[91.7888,23.2045],[91.7988,23.1937],[91.7946,23.1869],[91.8062,23.1793],[91.8046,23.1684],[91.81,23.1652],[91.806,23.1574],[91.8142,23.1453],[91.808,23.1358],[91.8146,23.1336],[91.8109,23.1219],[91.818,23.1122],[91.8134,23.0994],[91.8357,23.0932],[91.8227,23.0867],[91.8197,23.08],[91.8147,23.0807],[91.8183,23.0729],[91.8131,23.0736],[91.8123,23.0664],[91.8059,23.0671],[91.806,23.0632],[91.794,23.0624],[91.7957,23.0675],[91.7895,23.0718],[91.7889,23.0673],[91.7847,23.0716],[91.7745,23.0697],[91.7839,23.0375],[91.7789,23.0367],[91.7805,23.0292],[91.7747,23.027],[91.7744,23.0386],[91.7685,23.0411],[91.772,23.0334],[91.7575,23.0245],[91.7587,23.0112],[91.7632,23.0027],[91.7885,22.9934],[91.7887,22.9795],[91.7957,22.9684],[91.8048,22.9647],[91.8249,22.9746],[91.8347,22.9581],[91.8607,22.9429],[91.8706,22.9469],[91.8913,22.9696],[91.974,22.9845],[91.9472,23.0616],[91.9527,23.0962],[91.9305,23.1266],[91.9089,23.1447],[91.8929,23.1716]]]}},{"type":"Feature","id":"ADM3_MatlabDakshin","properties":{"id":"ADM3_MatlabDakshin","name":"Matlab Dakshin","district":"Chandpur"},"geometry":{"type":"MultiPolygon","coordinates":[[[[90.6814,23.3256],[90.6685,23.336],[90.6653,23.333],[90.664,23.3273],[90.6814,23.3256]]],[[[90.7608,23.2604],[90.7616,23.2861],[90.7491,23.29],[90.7426,23.2872],[90.7383,23.2947],[90.7435,23.3012],[90.7409,23.3108],[90.7458,23.3069],[90.7549,23.3115],[90.7481,23.3319],[90.7552,23.3287],[90.7551,23.3323],[90.7719,23.3336],[90.7824,23.3275],[90.8021,23.3278],[90.8096,23.3304],[90.8073,23.3477],[90.8148,23.346],[90.8006,23.3844],[90.7922,23.3911],[90.799,23.3957],[90.79,23.423],[90.7944,23.4337],[90.7865,23.435],[90.7926,23.439],[90.7835,23.4387],[90.771,23.4493],[90.77,23.4368],[90.7608,23.4282],[90.7567,23.416],[90.7492,23.4144],[90.7453,23.4031],[90.7538,23.3971],[90.7521,23.3827],[90.7474,23.3776],[90.7388,23.3834],[90.73,23.3801],[90.727,23.3682],[90.7367,23.3627],[90.7306,23.3553],[90.7201,23.3539],[90.7243,23.3646],[90.7204,23.3701],[90.7074,23.3731],[90.704,23.3703],[90.7046,23.3523],[90.6678,23.3555],[90.665,23.3478],[90.6672,23.3423],[90.6734,23.3504],[90.6691,23.3374],[90.6775,23.3319],[90.6777,23.3359],[90.6841,23.3227],[90.6818,23.3149],[90.6905,23.3103],[90.6934,23.294],[90.7034,23.2972],[90.7039,23.2879],[90.7132,23.2947],[90.7151,23.2855],[90.7251,23.2769],[90.7434,23.2745],[90.7434,23.2661],[90.7608,23.2604]]]]}},{"type":"Feature","id":"ADM3_MatlabUttar","properties":{"id":"ADM3_MatlabUttar","name":"Matlab Uttar","district":"Chandpur"},"geometry":{"type":"MultiPolygon","coordinates":[[[[90.6269,23.3199],[90.6283,23.3214],[90.622,23.3319],[90.6202,23.3324],[90.6231,23.3288],[90.6222,23.3244],[90.6269,23.3199]]],[[[90.6378,23.3204],[90.635,23.3315],[90.625,23.3357],[90.6337,23.3154],[90.6378,23.3204]]],[[[90.6551,23.333],[90.6495,23.337],[90.6393,23.3343],[90.6406,23.3281],[90.6551,23.333]]],[[[90.5907,23.3359],[90.5906,23.3432],[90.607,23.3409],[90.6112,23.3475],[90.6324,23.3365],[90.6263,23.3556],[90.6381,23.3371],[90.6502,23.3386],[90.6646,23.3304],[90.6685,23.336],[90.665,23.3478],[90.6678,23.3555],[90.7046,23.3523],[90.704,23.3703],[90.7074,23.3731],[90.7204,23.3701],[90.7243,23.3646],[90.7201,23.3539],[90.7306,23.3553],[90.7367,23.3627],[90.727,23.3682],[90.73,23.3801],[90.7388,23.3834],[90.7474,23.3776],[90.7521,23.3827],[90.7538,23.3971],[90.7453,23.4031],[90.7519,23.4158],[90.7499,23.4228],[90.7366,23.4276],[90.733,23.424],[90.7383,23.4167],[90.7342,23.4156],[90.7287,23.4266],[90.7108,23.4352],[90.7096,23.4547],[90.6878,23.4925],[90.671,23.4907],[90.6413,23.5037],[90.613,23.4904],[90.6014,23.4981],[90.577,23.496],[90.5772,23.4851],[90.5843,23.4802],[90.5775,23.4704],[90.5776,23.4515],[90.5419,23.3992],[90.5387,23.3793],[90.5468,23.3674],[90.5761,23.358],[90.5907,23.3359]]]]}},{"type":"Feature","id":"ADM3_MaulviBazarSadar","properties":{"id":"ADM3_MaulviBazarSadar","name":"Maulvi Bazar Sadar","district":"Maulvibazar"},"geometry":{"type":"Polygon","coordinates":[[[91.6609,24.6259],[91.6676,24.6071],[91.6614,24.5924],[91.6541,24.5966],[91.6331,24.5953],[91.6356,24.5897],[91.6316,24.5885],[91.6212,24.6019],[91.6083,24.5859],[91.6098,24.583],[91.6224,24.5901],[91.6297,24.5874],[91.6242,24.5781],[91.6315,24.5775],[91.6348,24.5648],[91.6439,24.5662],[91.6412,24.5565],[91.6545,24.5463],[91.6455,24.5414],[91.6352,24.5439],[91.64,24.5356],[91.6382,24.5283],[91.632,24.5262],[91.6354,24.5198],[91.6205,24.5174],[91.6229,24.5136],[91.6102,24.4923],[91.6118,24.4717],[91.6332,24.4658],[91.6385,24.4495],[91.6341,24.4503],[91.6337,24.4451],[91.6426,24.4408],[91.6426,24.4342],[91.6493,24.4339],[91.6503,24.4246],[91.6565,24.4191],[91.6439,24.4144],[91.6498,24.405],[91.6678,24.409],[91.6711,24.4046],[91.6787,24.4047],[91.6891,24.4137],[91.6885,24.4029],[91.6928,24.4011],[91.7083,24.4072],[91.7147,24.3996],[91.7557,24.4012],[91.7722,24.4085],[91.7752,24.4029],[91.7874,24.4028],[91.7904,24.4178],[91.7825,24.4276],[91.7865,24.4306],[91.7943,24.4267],[91.795,24.4423],[91.7863,24.4452],[91.7876,24.4651],[91.8036,24.4597],[91.8027,24.4501],[91.8087,24.458],[91.8166,24.4566],[91.8218,24.4676],[91.8305,24.4609],[91.8288,24.4729],[91.8342,24.4757],[91.8217,24.484],[91.825,24.4964],[91.8137,24.4926],[91.8148,24.4997],[91.806,24.5022],[91.8127,24.514],[91.8038,24.5151],[91.7979,24.538],[91.7877,24.5384],[91.7876,24.5448],[91.7667,24.5505],[91.7628,24.5739],[91.7465,24.5696],[91.7522,24.5772],[91.7512,24.5857],[91.7394,24.5868],[91.7431,24.5897],[91.7379,24.5901],[91.7366,24.5978],[91.7252,24.5935],[91.6872,24.6046],[91.675,24.6312],[91.6609,24.6259]]]}},{"type":"Feature","id":"ADM3_Meghna","properties":{"id":"ADM3_Meghna","name":"Meghna","district":"Comilla"},"geometry":{"type":"Polygon","coordinates":[[[90.6645,23.6733],[90.6397,23.6742],[90.63,23.6208],[90.64,23.6172],[90.6531,23.6204],[90.6662,23.5963],[90.6666,23.5889],[90.6467,23.5886],[90.6472,23.5757],[90.6694,23.5711],[90.6876,23.5566],[90.6996,23.5633],[90.7006,23.5761],[90.7035,23.5784],[90.7056,23.57],[90.7093,23.5706],[90.7287,23.5916],[90.7395,23.625],[90.7353,23.6276],[90.7472,23.6339],[90.7583,23.6317],[90.7652,23.6448],[90.7562,23.6532],[90.741,23.6554],[90.7332,23.6679],[90.7219,23.6618],[90.708,23.6625],[90.6756,23.6801],[90.6645,23.6733]]]}},{"type":"Feature","id":"ADM3_Mehendiganj","properties":{"id":"ADM3_Mehendiganj","name":"Mehendiganj","district":"Barisal"},"geometry":{"type":"MultiPolygon","coordinates":[[[[90.5053,22.6855],[90.502,22.6959],[90.491,22.6873],[90.5053,22.6855]]],[[[90.5252,22.6839],[90.5388,22.6854],[90.5439,22.6911],[90.5533,22.6865],[90.5602,22.6992],[90.5291,22.7055],[90.5189,22.6938],[90.5195,22.6865],[90.5252,22.6839]]],[[[90.5377,22.7102],[90.5292,22.7254],[90.5265,22.7083],[90.5377,22.7102]]],[[[90.4926,22.693],[90.5036,22.7],[90.5035,22.71],[90.4783,22.737],[90.4814,22.7306],[90.4686,22.7231],[90.4697,22.7145],[90.4926,22.693]]],[[[90.4742,22.7542],[90.4912,22.7388],[90.4803,22.7508],[90.4803,22.7588],[90.4742,22.7542]]],[[[90.5599,22.7688],[90.5495,22.76],[90.5428,22.7403],[90.5487,22.703],[90.5612,22.7062],[90.5596,22.7203],[90.5647,22.7392],[90.5608,22.7217],[90.5635,22.7057],[90.5723,22.7212],[90.5704,22.7446],[90.5599,22.7688]]],[[[90.4838,22.7669],[90.4908,22.7692],[90.4965,22.7822],[90.4928,22.7898],[90.4763,22.7977],[90.461,22.7881],[90.4917,22.7817],[90.4853,22.7787],[90.4838,22.7669]]],[[[90.5247,22.7214],[90.5213,22.7596],[90.5293,22.7864],[90.5145,22.8015],[90.5017,22.7922],[90.5016,22.7748],[90.4849,22.7537],[90.4952,22.744],[90.4977,22.7312],[90.5074,22.7179],[90.521,22.7105],[90.5247,22.7214]]],[[[90.5822,22.8034],[90.5547,22.792],[90.535,22.7761],[90.5291,22.7652],[90.5391,22.776],[90.5281,22.7544],[90.5299,22.7504],[90.5365,22.7573],[90.5288,22.7493],[90.5331,22.736],[90.5413,22.7349],[90.5393,22.7426],[90.5459,22.7571],[90.5603,22.7699],[90.5683,22.792],[90.5798,22.7893],[90.5822,22.8034]]],[[[90.4931,22.8081],[90.5052,22.8143],[90.507,22.8199],[90.4934,22.8188],[90.4931,22.8081]]],[[[90.5023,22.8725],[90.4824,22.8541],[90.4862,22.8453],[90.5149,22.8726],[90.5023,22.8725]]],[[[90.6439,22.8367],[90.6514,22.8481],[90.6213,22.8708],[90.5929,22.8758],[90.5841,22.8733],[90.5842,22.8661],[90.5682,22.8668],[90.5614,22.8756],[90.5451,22.8804],[90.5441,22.8881],[90.5275,22.881],[90.5272,22.8766],[90.4934,22.8513],[90.4875,22.8396],[90.4857,22.7993],[90.4941,22.7994],[90.4901,22.8116],[90.5007,22.8225],[90.4963,22.8278],[90.4972,22.8392],[90.4977,22.8276],[90.5091,22.8189],[90.4944,22.8039],[90.5141,22.8045],[90.5406,22.7944],[90.5712,22.81],[90.6024,22.8138],[90.6104,22.824],[90.6334,22.8293],[90.6349,22.8355],[90.6439,22.8367]]],[[[90.4408,22.7838],[90.462,22.8012],[90.4442,22.8071],[90.4433,22.7944],[90.4377,22.7944],[90.4537,22.863],[90.4388,22.8813],[90.4476,22.8769],[90.4548,22.8652],[90.4518,22.8163],[90.4664,22.8028],[90.4765,22.8219],[90.4753,22.8654],[90.4823,22.8771],[90.5018,22.8882],[90.5004,22.9038],[90.4504,22.918],[90.4459,22.9153],[90.4469,22.9079],[90.4182,22.9034],[90.3939,22.8675],[90.3977,22.8434],[90.4015,22.8414],[90.3969,22.8377],[90.4028,22.8247],[90.3989,22.8097],[90.409,22.7937],[90.4071,22.7905],[90.4337,22.781],[90.4408,22.7838]]],[[[90.6471,22.9195],[90.6465,22.9181],[90.6478,22.9182],[90.6471,22.9195]]]]}},{"type":"Feature","id":"ADM3_MeherpurSadar","properties":{"id":"ADM3_MeherpurSadar","name":"Meherpur Sadar","district":"Meherpur"},"geometry":{"type":"Polygon","coordinates":[[[88.7799,23.7364],[88.7706,23.7403],[88.7606,23.737],[88.7577,23.7462],[88.7424,23.7462],[88.7398,23.755],[88.729,23.7509],[88.7109,23.762],[88.7029,23.7596],[88.7034,23.7858],[88.6937,23.7889],[88.693,23.8079],[88.699,23.8061],[88.7041,23.815],[88.6933,23.8395],[88.6992,23.8425],[88.6945,23.8538],[88.6746,23.8558],[88.6684,23.8524],[88.6748,23.8497],[88.6712,23.8471],[88.6737,23.8408],[88.6695,23.8437],[88.6614,23.8362],[88.6587,23.8404],[88.6452,23.8414],[88.6502,23.8588],[88.6422,23.8688],[88.6374,23.8716],[88.6259,23.8653],[88.6221,23.8767],[88.6087,23.8729],[88.6085,23.8631],[88.5874,23.8716],[88.5825,23.8626],[88.5753,23.8624],[88.5781,23.8512],[88.5841,23.8551],[88.5912,23.8529],[88.587,23.8295],[88.602,23.8165],[88.5942,23.809],[88.5851,23.8137],[88.5961,23.8056],[88.5916,23.7976],[88.5813,23.7972],[88.5825,23.7916],[88.5775,23.7864],[88.5558,23.7845],[88.5797,23.7731],[88.5804,23.758],[88.5697,23.747],[88.5743,23.7398],[88.572,23.7339],[88.5753,23.7384],[88.5766,23.7331],[88.5687,23.7241],[88.5813,23.7192],[88.5778,23.7224],[88.5808,23.7292],[88.5828,23.7247],[88.5888,23.7301],[88.5912,23.7244],[88.5972,23.7255],[88.596,23.7316],[88.5988,23.7285],[88.6034,23.7354],[88.5994,23.7346],[88.6029,23.738],[88.6008,23.7454],[88.6064,23.7407],[88.6031,23.7292],[88.6192,23.7242],[88.6212,23.7168],[88.6294,23.7191],[88.6323,23.7149],[88.6297,23.7036],[88.635,23.6956],[88.6296,23.6927],[88.6345,23.6869],[88.6263,23.6838],[88.6375,23.6811],[88.6373,23.668],[88.6493,23.6689],[88.6535,23.6798],[88.6631,23.6781],[88.6747,23.6884],[88.6466,23.6987],[88.6496,23.7051],[88.6655,23.7072],[88.6671,23.6958],[88.6858,23.7023],[88.6941,23.699],[88.6948,23.6917],[88.701,23.6875],[88.708,23.6912],[88.7031,23.6677],[88.738,23.684],[88.7465,23.6949],[88.7738,23.6998],[88.7841,23.7174],[88.779,23.7218],[88.7799,23.7364]]]}},{"type":"Feature","id":"ADM3_Melandaha","properties":{"id":"ADM3_Melandaha","name":"Melandaha","district":"Jamalpur"},"geometry":{"type":"Polygon","coordinates":[[[89.7049,24.9772],[89.7195,24.9757],[89.7201,24.9678],[89.7266,24.9753],[89.7366,24.9776],[89.7462,24.9694],[89.7588,24.9748],[89.7653,24.971],[89.7641,24.9638],[89.7746,24.9573],[89.7746,24.9517],[89.7887,24.9437],[89.7897,24.937],[89.7992,24.9358],[89.7991,24.9223],[89.7901,24.925],[89.7926,24.9149],[89.7863,24.906],[89.79,24.9023],[89.7875,24.8878],[89.7791,24.8828],[89.7794,24.8676],[89.7858,24.8709],[89.7899,24.8659],[89.8048,24.8646],[89.8048,24.8566],[89.8144,24.8489],[89.842,24.8617],[89.8722,24.8555],[89.8923,24.8608],[89.8938,24.9245],[89.8985,24.9324],[89.9056,24.934],[89.8948,24.9662],[89.9056,24.964],[89.9047,24.985],[89.8999,24.9906],[89.8931,24.9876],[89.8959,24.9947],[89.8853,24.9965],[89.8822,25.0031],[89.867,25.006],[89.8676,25.0176],[89.8372,25.0256],[89.8286,25.0609],[89.8173,25.0666],[89.8037,25.0835],[89.7994,25.0708],[89.783,25.0603],[89.7773,25.0495],[89.7788,25.0394],[89.7736,25.0368],[89.7691,25.0211],[89.7647,25.0237],[89.7445,25.0114],[89.7447,25.0043],[89.7225,25.0032],[89.7069,24.9912],[89.7049,24.9772]]]}},{"type":"Feature","id":"ADM3_Mirpur_169518","properties":{"id":"ADM3_Mirpur_169518","name":"Mirpur","district":"Dhaka"},"geometry":{"type":"Polygon","coordinates":[[[90.362,23.7774],[90.3765,23.7886],[90.3676,23.8105],[90.3516,23.806],[90.3553,23.7999],[90.3491,23.7963],[90.3489,23.783],[90.3574,23.7843],[90.3577,23.7766],[90.362,23.7774]]]}},{"type":"Feature","id":"ADM3_Mirpur_956594","properties":{"id":"ADM3_Mirpur_956594","name":"Mirpur","district":"Kushtia"},"geometry":{"type":"Polygon","coordinates":[[[88.9883,23.7863],[89.0054,23.8229],[89.0145,23.8252],[89.0135,23.8321],[89.0211,23.8338],[89.0253,23.8518],[89.0501,23.864],[89.062,23.8641],[89.0611,23.8792],[89.0929,23.8803],[89.0783,23.897],[89.0968,23.9103],[89.0855,23.9208],[89.0879,23.9452],[89.1028,23.9466],[89.1047,23.9547],[89.0981,23.9577],[89.096,23.9728],[89.0712,23.9788],[89.0593,23.9987],[89.0385,23.9912],[89.0231,23.9938],[89.0164,23.9875],[88.9953,23.9874],[88.9826,24.0012],[88.9642,24.0071],[88.965,23.9947],[88.9722,23.9893],[88.9722,23.9821],[88.9611,23.9763],[88.9486,23.9594],[88.963,23.9369],[88.9605,23.9219],[88.93,23.9078],[88.8911,23.9028],[88.8896,23.8969],[88.8935,23.895],[88.881,23.8809],[88.8848,23.874],[88.8824,23.867],[88.8645,23.8537],[88.859,23.8327],[88.864,23.8294],[88.8785,23.8334],[88.8929,23.8273],[88.9032,23.8397],[88.9187,23.824],[88.9222,23.8164],[88.9107,23.784],[88.9221,23.7864],[88.9333,23.7981],[88.9389,23.7964],[88.9376,23.804],[88.9475,23.8011],[88.9576,23.809],[88.9742,23.8015],[88.9767,23.789],[88.9883,23.7863]]]}},{"type":"Feature","id":"ADM3_Mirsharai","properties":{"id":"ADM3_Mirsharai","name":"Mirsharai","district":"Chittagong"},"geometry":{"type":"Polygon","coordinates":[[[91.4979,22.9033],[91.4587,22.902],[91.4654,22.8959],[91.4611,22.8909],[91.4624,22.8775],[91.4745,22.8756],[91.4663,22.8613],[91.4653,22.8549],[91.4679,22.8623],[91.4711,22.8611],[91.4606,22.8264],[91.4431,22.8022],[91.4563,22.7526],[91.4643,22.7591],[91.4625,22.7469],[91.4802,22.7148],[91.5242,22.6904],[91.5445,22.6731],[91.5809,22.6872],[91.5835,22.6816],[91.5921,22.6797],[91.5987,22.665],[91.6163,22.6703],[91.6129,22.6753],[91.6075,22.6738],[91.6022,22.6818],[91.6053,22.6868],[91.6139,22.6824],[91.6302,22.6834],[91.6341,22.6921],[91.6529,22.6996],[91.6149,22.7776],[91.6196,22.7869],[91.6286,22.7868],[91.6146,22.829],[91.6191,22.8381],[91.6169,22.8544],[91.6292,22.8848],[91.6283,22.9035],[91.6209,22.9134],[91.6214,22.9241],[91.615,22.93],[91.6191,22.9385],[91.6127,22.9472],[91.6158,22.9516],[91.6071,22.9502],[91.6084,22.9573],[91.6003,22.9545],[91.6049,22.9624],[91.6137,22.9586],[91.6118,22.9625],[91.6053,22.9658],[91.606,22.972],[91.5992,22.9761],[91.5928,22.9728],[91.5904,22.9771],[91.5667,22.9538],[91.5659,22.9471],[91.5592,22.9536],[91.5527,22.9515],[91.5429,22.9567],[91.5398,22.9538],[91.5451,22.9522],[91.5389,22.9419],[91.5305,22.9481],[91.5248,22.9433],[91.5389,22.9321],[91.5308,22.9253],[91.5316,22.914],[91.5139,22.9071],[91.5117,22.9016],[91.4979,22.9033]]]}},{"type":"Feature","id":"ADM3_Mirzaganj","properties":{"id":"ADM3_Mirzaganj","name":"Mirzaganj","district":"Patuakhali"},"geometry":{"type":"Polygon","coordinates":[[[90.2304,22.4533],[90.2211,22.4485],[90.2238,22.4395],[90.2113,22.4182],[90.1949,22.4136],[90.1877,22.3951],[90.1866,22.3663],[90.1805,22.3619],[90.1818,22.3474],[90.1779,22.3394],[90.1684,22.3386],[90.1759,22.3243],[90.1383,22.3431],[90.1505,22.322],[90.1563,22.3256],[90.1594,22.3216],[90.1564,22.3104],[90.1456,22.3123],[90.1434,22.2897],[90.1587,22.2493],[90.2083,22.2221],[90.215,22.2242],[90.2113,22.2836],[90.2062,22.3011],[90.2099,22.3061],[90.2088,22.3239],[90.223,22.3454],[90.2501,22.3438],[90.2651,22.3505],[90.2635,22.3718],[90.2702,22.4057],[90.3029,22.4525],[90.3091,22.4714],[90.2949,22.4742],[90.2858,22.4667],[90.2795,22.4733],[90.2739,22.4694],[90.2726,22.4746],[90.2614,22.4611],[90.2304,22.4533]]]}},{"type":"Feature","id":"ADM3_Mirzapur","properties":{"id":"ADM3_Mirzapur","name":"Mirzapur","district":"Tangail"},"geometry":{"type":"Polygon","coordinates":[[[90.0236,24.1672],[90.0301,24.163],[90.0227,24.153],[90.0051,24.1488],[90.0026,24.1381],[90.0073,24.1359],[90.0032,24.1259],[89.9866,24.1169],[89.9745,24.1179],[89.9761,24.1095],[89.9667,24.0992],[89.9776,24.0957],[89.9748,24.0821],[89.9836,24.0814],[89.9766,24.0709],[89.9799,24.0551],[89.9895,24.0513],[89.9919,24.0573],[89.997,24.0575],[90.0074,24.0389],[90.0173,24.0443],[90.0174,24.0361],[90.0272,24.0339],[90.0196,24.0287],[90.0247,24.021],[90.0407,24.0284],[90.0636,24.0293],[90.0659,24.0374],[90.0698,24.0324],[90.0745,24.0338],[90.0751,24.0412],[90.0898,24.035],[90.1022,24.019],[90.1082,24.0176],[90.1099,24.0265],[90.1202,24.0254],[90.1289,24.0332],[90.1476,24.0335],[90.1504,24.0522],[90.1618,24.0551],[90.1578,24.0643],[90.177,24.0748],[90.1791,24.0875],[90.1723,24.0963],[90.1734,24.108],[90.1858,24.098],[90.1986,24.0988],[90.2009,24.0938],[90.2098,24.094],[90.2149,24.101],[90.2302,24.1056],[90.23,24.114],[90.2177,24.1261],[90.2199,24.1427],[90.2258,24.1508],[90.2262,24.1629],[90.242,24.1843],[90.2482,24.1863],[90.2484,24.1917],[90.2385,24.1834],[90.2361,24.2029],[90.2287,24.2002],[90.2151,24.2053],[90.2145,24.2134],[90.2199,24.2141],[90.2209,24.2201],[90.2052,24.221],[90.2019,24.2124],[90.1677,24.2096],[90.1516,24.1996],[90.1319,24.1972],[90.1157,24.1827],[90.1192,24.1789],[90.114,24.1757],[90.122,24.1786],[90.1212,24.1748],[90.1165,24.1753],[90.116,24.1684],[90.1071,24.1642],[90.0986,24.17],[90.0997,24.163],[90.0883,24.1603],[90.0799,24.1751],[90.0621,24.1735],[90.0591,24.164],[90.052,24.1875],[90.0425,24.1844],[90.0433,24.1734],[90.0335,24.1684],[90.0288,24.1729],[90.0236,24.1672]]]}},{"type":"Feature","id":"ADM3_MithaPukur","properties":{"id":"ADM3_MithaPukur","name":"Mitha Pukur","district":"Rangpur"},"geometry":{"type":"Polygon","coordinates":[[[89.1049,25.5339],[89.1039,25.5162],[89.1108,25.5139],[89.1044,25.5125],[89.1149,25.5062],[89.1069,25.5084],[89.1111,25.5029],[89.1039,25.4998],[89.1029,25.4897],[89.1082,25.4869],[89.104,25.4844],[89.1117,25.4811],[89.1046,25.4743],[89.1128,25.4705],[89.1151,25.4614],[89.1234,25.4688],[89.1216,25.4605],[89.1303,25.4582],[89.1153,25.4535],[89.1252,25.4517],[89.1299,25.4449],[89.13,25.4482],[89.138,25.4469],[89.1325,25.441],[89.1485,25.4339],[89.1543,25.4631],[89.1427,25.4826],[89.1451,25.4909],[89.1672,25.4961],[89.1741,25.5072],[89.1829,25.5037],[89.1999,25.5103],[89.2156,25.5036],[89.2353,25.5036],[89.2449,25.5097],[89.2487,25.5208],[89.263,25.5193],[89.2636,25.5125],[89.2711,25.5098],[89.274,25.5207],[89.2947,25.5052],[89.3031,25.515],[89.32,25.5104],[89.3166,25.4997],[89.3331,25.5037],[89.336,25.4973],[89.3415,25.5018],[89.3414,25.4972],[89.3432,25.5015],[89.3651,25.4954],[89.3781,25.5013],[89.3895,25.4884],[89.4049,25.4834],[89.4011,25.4725],[89.415,25.4628],[89.4256,25.4759],[89.4301,25.4742],[89.4334,25.4869],[89.442,25.4881],[89.4394,25.5013],[89.4443,25.504],[89.4398,25.5122],[89.4505,25.5178],[89.434,25.5205],[89.4432,25.5276],[89.4378,25.5271],[89.4379,25.5385],[89.4285,25.5316],[89.4276,25.5372],[89.4243,25.5362],[89.4186,25.5286],[89.4118,25.5364],[89.403,25.5333],[89.4035,25.5389],[89.4057,25.5357],[89.4118,25.5416],[89.4045,25.5443],[89.4132,25.549],[89.4047,25.5501],[89.4083,25.5596],[89.3979,25.5524],[89.3886,25.5637],[89.3913,25.5711],[89.3775,25.5777],[89.3777,25.5807],[89.3808,25.5757],[89.385,25.5773],[89.388,25.5817],[89.3846,25.585],[89.3941,25.5882],[89.3859,25.5932],[89.3967,25.5968],[89.3829,25.6104],[89.3929,25.6091],[89.3918,25.6155],[89.3856,25.6153],[89.3896,25.6256],[89.3773,25.629],[89.3846,25.6396],[89.3764,25.6386],[89.373,25.6306],[89.3745,25.6395],[89.36,25.6377],[89.3647,25.6582],[89.3554,25.6553],[89.3534,25.6505],[89.3582,25.651],[89.3548,25.6469],[89.3499,25.6526],[89.3545,25.6587],[89.3507,25.6618],[89.3457,25.6553],[89.3384,25.6661],[89.3351,25.6574],[89.3222,25.6571],[89.3157,25.6676],[89.3063,25.6666],[89.2999,25.6735],[89.2925,25.6703],[89.2933,25.676],[89.2827,25.6823],[89.2786,25.6724],[89.2762,25.6796],[89.2633,25.6785],[89.2586,25.6696],[89.2434,25.6674],[89.2422,25.6766],[89.2334,25.6732],[89.232,25.6615],[89.2271,25.6665],[89.2173,25.657],[89.1818,25.6522],[89.1621,25.6651],[89.1404,25.665],[89.1396,25.6501],[89.1354,25.6512],[89.1302,25.6307],[89.1451,25.6267],[89.1337,25.6129],[89.1461,25.5818],[89.1407,25.5852],[89.1415,25.5728],[89.1276,25.5666],[89.1197,25.5531],[89.1113,25.5513],[89.1077,25.5402],[89.1033,25.5391],[89.1049,25.5339]]]}},{"type":"Feature","id":"ADM3_Mithamain","properties":{"id":"ADM3_Mithamain","name":"Mithamain","district":"Kishoreganj"},"geometry":{"type":"Polygon","coordinates":[[[91.1537,24.4764],[91.1332,24.4787],[91.1206,24.4903],[91.1186,24.4865],[91.1177,24.4938],[91.1096,24.4865],[91.0911,24.4903],[91.0884,24.4952],[91.0609,24.4948],[91.0493,24.4866],[91.0663,24.4744],[91.0603,24.4725],[91.0543,24.4579],[91.0417,24.4646],[91.0316,24.4479],[91.0275,24.4489],[91.0296,24.4611],[91.0246,24.4677],[90.9958,24.4524],[90.9995,24.4249],[90.9956,24.4171],[91.0116,24.4156],[91.0109,24.4088],[91.0248,24.4131],[91.0207,24.4069],[91.0295,24.4033],[91.0296,24.3977],[91.0214,24.3834],[91.0361,24.3835],[91.0393,24.379],[91.0351,24.3764],[91.0419,24.3707],[91.0499,24.3789],[91.0727,24.3598],[91.0912,24.3798],[91.0975,24.3636],[91.1085,24.3619],[91.1195,24.3641],[91.12,24.3827],[91.1402,24.3881],[91.1518,24.376],[91.1592,24.3893],[91.1828,24.4115],[91.1834,24.4211],[91.195,24.4246],[91.196,24.4293],[91.2262,24.4346],[91.2421,24.4273],[91.2371,24.4604],[91.226,24.4827],[91.2147,24.4822],[91.2198,24.4748],[91.2053,24.4809],[91.1961,24.4661],[91.1841,24.4712],[91.1879,24.4774],[91.1953,24.4781],[91.1916,24.4817],[91.1668,24.4855],[91.1537,24.4764]]]}},{"type":"Feature","id":"ADM3_Mohammadpur_517929","properties":{"id":"ADM3_Mohammadpur_517929","name":"Mohammadpur","district":"Dhaka"},"geometry":{"type":"Polygon","coordinates":[[[90.3442,23.7686],[90.3297,23.751],[90.3333,23.7492],[90.3515,23.7581],[90.3565,23.754],[90.3534,23.7455],[90.375,23.7569],[90.3782,23.7513],[90.3825,23.753],[90.3818,23.7586],[90.3742,23.7582],[90.3656,23.7749],[90.3592,23.7706],[90.3589,23.7624],[90.3495,23.7622],[90.3442,23.7686]]]}},{"type":"Feature","id":"ADM3_Mohammadpur_792291","properties":{"id":"ADM3_Mohammadpur_792291","name":"Mohammadpur","district":"Magura"},"geometry":{"type":"Polygon","coordinates":[[[89.6176,23.3868],[89.6069,23.4206],[89.6049,23.4745],[89.5708,23.4988],[89.5271,23.513],[89.5115,23.5107],[89.5074,23.4677],[89.4935,23.4558],[89.4869,23.4424],[89.4979,23.441],[89.4878,23.4373],[89.4957,23.4287],[89.4942,23.4198],[89.5065,23.4156],[89.5037,23.4077],[89.5078,23.3938],[89.5174,23.3933],[89.5269,23.3787],[89.5163,23.3595],[89.5171,23.3392],[89.5009,23.3422],[89.495,23.3329],[89.4979,23.3224],[89.4841,23.3131],[89.4804,23.2996],[89.4981,23.2953],[89.5236,23.278],[89.5344,23.3033],[89.556,23.3085],[89.5601,23.3204],[89.5785,23.3234],[89.6046,23.321],[89.6045,23.3122],[89.6177,23.3044],[89.621,23.3077],[89.6333,23.2977],[89.6454,23.2985],[89.6224,23.3092],[89.6037,23.3394],[89.608,23.3698],[89.5994,23.3792],[89.6142,23.3816],[89.6176,23.3868]]]}},{"type":"Feature","id":"ADM3_Mohanganj","properties":{"id":"ADM3_Mohanganj","name":"Mohanganj","district":"Netrakona"},"geometry":{"type":"Polygon","coordinates":[[[90.9896,24.742],[91.0027,24.7381],[91.0061,24.7416],[91.0122,24.7541],[91.0078,24.7579],[91.012,24.7671],[91.0407,24.7641],[91.0631,24.7719],[91.064,24.7678],[91.0754,24.7646],[91.077,24.7758],[91.0871,24.7777],[91.0869,24.7873],[91.1021,24.7809],[91.1162,24.8065],[91.1125,24.8171],[91.1186,24.8344],[91.1304,24.8406],[91.1235,24.8487],[91.1138,24.8475],[91.1035,24.8637],[91.1089,24.8716],[91.0984,24.8896],[91.0888,24.8876],[91.0784,24.9],[91.0538,24.9006],[91.0451,24.9081],[91.0388,24.9052],[91.0293,24.883],[91.0253,24.8885],[91.0165,24.8857],[91.0205,24.8906],[91.0156,24.8986],[90.992,24.8883],[90.9742,24.87],[90.9663,24.8775],[90.9569,24.8663],[90.9421,24.8713],[90.9405,24.8627],[90.9306,24.8645],[90.9346,24.8514],[90.9446,24.8538],[90.9464,24.834],[90.9277,24.8321],[90.9147,24.8223],[90.9152,24.8058],[90.9323,24.7968],[90.9362,24.789],[90.9332,24.7731],[90.9461,24.7664],[90.9553,24.7753],[90.9804,24.7842],[90.9775,24.7797],[90.9815,24.7697],[90.9753,24.7555],[90.9819,24.7536],[90.9896,24.742]]]}},{"type":"Feature","id":"ADM3_Mohanpur","properties":{"id":"ADM3_Mohanpur","name":"Mohanpur","district":"Rajshahi"},"geometry":{"type":"Polygon","coordinates":[[[88.6805,24.6333],[88.6699,24.6328],[88.6565,24.6241],[88.6491,24.6313],[88.6459,24.6212],[88.639,24.6172],[88.6326,24.6214],[88.6352,24.6255],[88.6266,24.6276],[88.6299,24.6119],[88.6057,24.6199],[88.6045,24.6259],[88.5931,24.6092],[88.5932,24.585],[88.5866,24.5753],[88.5957,24.5615],[88.586,24.5419],[88.5747,24.5357],[88.5745,24.5222],[88.568,24.5174],[88.5788,24.5139],[88.5775,24.4978],[88.5815,24.4903],[88.603,24.4892],[88.606,24.4825],[88.6294,24.4848],[88.6419,24.4765],[88.6458,24.4966],[88.6631,24.5024],[88.6731,24.5132],[88.6941,24.5154],[88.7026,24.5234],[88.7157,24.5221],[88.7106,24.5428],[88.7053,24.544],[88.7119,24.5541],[88.7082,24.5649],[88.7121,24.5645],[88.6964,24.5687],[88.7008,24.5809],[88.6915,24.5878],[88.6913,24.598],[88.6738,24.6048],[88.6796,24.6155],[88.6805,24.6333]]]}},{"type":"Feature","id":"ADM3_Mollahat","properties":{"id":"ADM3_Mollahat","name":"Mollahat","district":"Bagerhat"},"geometry":{"type":"Polygon","coordinates":[[[89.8487,22.8908],[89.8631,22.8965],[89.8656,22.9021],[89.838,22.9168],[89.8169,22.9364],[89.7961,22.9452],[89.7838,22.9724],[89.7876,22.9821],[89.7733,22.9817],[89.7608,22.9648],[89.7492,22.9639],[89.7511,22.9457],[89.7263,22.9176],[89.7412,22.9188],[89.7214,22.9029],[89.7283,22.8958],[89.7115,22.8918],[89.7193,22.885],[89.7148,22.8778],[89.7087,22.8821],[89.6953,22.8742],[89.6987,22.8649],[89.7114,22.858],[89.7178,22.8484],[89.7085,22.8233],[89.7129,22.8205],[89.7119,22.815],[89.7275,22.801],[89.7517,22.7941],[89.7505,22.8091],[89.7571,22.8078],[89.7571,22.8146],[89.7657,22.8245],[89.7749,22.8228],[89.7788,22.8273],[89.8153,22.8205],[89.8278,22.8297],[89.8372,22.8298],[89.8366,22.8407],[89.8289,22.8517],[89.8226,22.8529],[89.8055,22.872],[89.809,22.8783],[89.8192,22.8733],[89.8156,22.8812],[89.8201,22.879],[89.8302,22.889],[89.8344,22.8823],[89.8445,22.8846],[89.8487,22.8908]]]}},{"type":"Feature","id":"ADM3_Mongla","properties":{"id":"ADM3_Mongla","name":"Mongla","district":"Bagerhat"},"geometry":{"type":"MultiPolygon","coordinates":[[[[89.545,21.8495],[89.5403,21.8494],[89.5309,21.823],[89.5421,21.8029],[89.5489,21.8006],[89.5498,21.7926],[89.5397,21.7817],[89.5478,21.7716],[89.5365,21.7724],[89.5446,21.7458],[89.5554,21.7253],[89.5686,21.7154],[89.5897,21.7136],[89.6056,21.7185],[89.6051,21.7278],[89.5892,21.7475],[89.5866,21.7643],[89.6022,21.7772],[89.6037,21.8011],[89.545,21.8495]]],[[[89.6541,21.8574],[89.6606,21.8697],[89.6443,21.8978],[89.6327,21.8865],[89.6311,21.8757],[89.638,21.8649],[89.6541,21.8574]]],[[[89.5707,21.9295],[89.5729,21.9333],[89.5711,21.9353],[89.5707,21.9295]]],[[[89.6148,21.9467],[89.5884,21.9465],[89.5734,21.9352],[89.5753,21.9319],[89.5528,21.8944],[89.5487,21.8757],[89.5576,21.8598],[89.5752,21.8629],[89.5937,21.8737],[89.5801,21.8922],[89.5923,21.8988],[89.6009,21.8911],[89.5973,21.8899],[89.5914,21.8979],[89.5812,21.8918],[89.5943,21.8719],[89.5774,21.8622],[89.5546,21.8576],[89.5562,21.852],[89.6148,21.8016],[89.6183,21.784],[89.6096,21.7648],[89.636,21.7565],[89.647,21.7636],[89.6519,21.7545],[89.6672,21.7543],[89.6815,21.7611],[89.6837,21.768],[89.6878,21.7638],[89.6989,21.7728],[89.6968,21.7939],[89.6607,21.8215],[89.6257,21.8637],[89.6258,21.883],[89.6463,21.9099],[89.6216,21.945],[89.6148,21.9467]]],[[[89.5455,21.8811],[89.5694,21.9339],[89.5434,21.9606],[89.5478,21.9155],[89.5455,21.8811]]],[[[89.7145,21.9767],[89.7038,21.9861],[89.7047,22.0063],[89.6962,22.0053],[89.6865,21.9926],[89.6873,21.9773],[89.6944,21.9611],[89.6931,21.9428],[89.6784,21.9049],[89.6585,21.8867],[89.6693,21.8701],[89.6661,21.8487],[89.673,21.8369],[89.6819,21.8467],[89.7063,21.8455],[89.6883,21.8548],[89.6974,21.8573],[89.6945,21.865],[89.7013,21.8641],[89.7036,21.8815],[89.7117,21.8827],[89.7124,21.888],[89.7124,21.882],[89.7054,21.8816],[89.7025,21.8631],[89.6961,21.8641],[89.6988,21.8577],[89.6905,21.8546],[89.7093,21.8473],[89.7006,21.8421],[89.7082,21.8342],[89.7277,21.8336],[89.7418,21.84],[89.7409,21.8659],[89.7289,21.8894],[89.7156,21.895],[89.7113,21.9016],[89.713,21.9122],[89.7272,21.9286],[89.7109,21.9571],[89.7137,21.9657],[89.722,21.9704],[89.7217,21.9769],[89.7145,21.9767]]],[[[89.5736,21.9417],[89.5823,21.9488],[89.5819,21.9541],[89.5616,21.9752],[89.5929,21.9922],[89.6032,22.0029],[89.6075,22.0159],[89.6008,22.0251],[89.5685,22.0375],[89.5508,21.985],[89.5483,21.9619],[89.565,21.9433],[89.5736,21.9417]]],[[[89.7605,22.0306],[89.7668,22.0344],[89.7754,22.0606],[89.7702,22.0768],[89.7529,22.0654],[89.7503,22.0542],[89.742,22.052],[89.7457,22.036],[89.7562,22.0367],[89.7605,22.0306]]],[[[89.6366,22.0975],[89.6294,22.1011],[89.6292,22.0959],[89.5997,22.0855],[89.597,22.091],[89.5718,22.0489],[89.5914,22.039],[89.5896,22.0528],[89.6035,22.0539],[89.6009,22.0654],[89.6044,22.0544],[89.5908,22.0526],[89.593,22.0384],[89.5743,22.0457],[89.5691,22.0387],[89.5956,22.0283],[89.6063,22.0334],[89.6157,22.0265],[89.6346,22.0301],[89.6374,22.0325],[89.6194,22.0416],[89.6238,22.0602],[89.6327,22.0639],[89.6246,22.0591],[89.6209,22.0402],[89.6389,22.0323],[89.6175,22.0252],[89.6083,22.0318],[89.5996,22.0288],[89.6088,22.0167],[89.6044,22.0014],[89.5881,21.9856],[89.5629,21.9745],[89.5867,21.9503],[89.6071,21.9525],[89.6259,21.9484],[89.6446,21.965],[89.6447,21.9826],[89.6252,21.979],[89.6203,21.9991],[89.6282,22.0039],[89.6401,21.992],[89.6548,22.0041],[89.66,22.0186],[89.6521,22.0372],[89.6564,22.0519],[89.6664,22.0551],[89.6592,22.0723],[89.646,22.0711],[89.649,22.0989],[89.6366,22.0975]]],[[[89.7694,22.079],[89.7455,22.1344],[89.7249,22.1329],[89.7129,22.1284],[89.7107,22.0739],[89.7027,22.0636],[89.686,22.0597],[89.6777,22.0517],[89.7045,22.0342],[89.6979,22.0091],[89.7068,22.0072],[89.7082,21.9864],[89.7139,21.9791],[89.7239,21.9798],[89.7274,21.9691],[89.746,21.9755],[89.7335,21.9908],[89.7494,21.9991],[89.7419,22.0177],[89.7557,22.0241],[89.758,22.0323],[89.743,22.0354],[89.7391,22.0521],[89.7498,22.0564],[89.7506,22.0659],[89.7694,22.079]]],[[[89.6186,22.1667],[89.6119,22.1616],[89.6142,22.1487],[89.6037,22.1253],[89.5984,22.0877],[89.6277,22.0966],[89.6286,22.1021],[89.6491,22.1004],[89.6521,22.0839],[89.6473,22.0717],[89.6594,22.0738],[89.668,22.0558],[89.6576,22.0515],[89.654,22.0376],[89.6618,22.0188],[89.6554,22.0023],[89.6394,21.9905],[89.6237,21.9998],[89.6263,21.981],[89.642,21.9859],[89.6484,21.9811],[89.6452,21.9594],[89.6285,21.9449],[89.6572,21.9028],[89.6698,21.9086],[89.6769,21.9227],[89.6857,21.9565],[89.6763,21.9882],[89.699,22.0325],[89.6786,22.0409],[89.6724,22.0486],[89.6728,22.0577],[89.6812,22.066],[89.6669,22.088],[89.683,22.0958],[89.6638,22.0997],[89.6776,22.1213],[89.6802,22.1321],[89.6754,22.1413],[89.6582,22.1374],[89.6554,22.1411],[89.6592,22.1483],[89.6485,22.148],[89.6341,22.1649],[89.6186,22.1667]]],[[[89.6198,22.2776],[89.6137,22.281],[89.6236,22.2929],[89.6126,22.2975],[89.5937,22.2759],[89.5994,22.2525],[89.5931,22.2277],[89.5833,22.2184],[89.5541,22.2095],[89.559,22.1905],[89.6043,22.1282],[89.6129,22.1488],[89.6134,22.1676],[89.6056,22.1806],[89.6181,22.1985],[89.6035,22.2096],[89.6002,22.2263],[89.6041,22.2315],[89.6204,22.2154],[89.6131,22.2414],[89.6039,22.2471],[89.6196,22.2571],[89.6084,22.2686],[89.6198,22.2711],[89.6242,22.277],[89.6198,22.2776]]],[[[89.6288,22.3659],[89.6366,22.3427],[89.6149,22.3001],[89.6255,22.2944],[89.615,22.2802],[89.6249,22.2761],[89.6177,22.2683],[89.6098,22.27],[89.621,22.2576],[89.6051,22.2476],[89.6153,22.2414],[89.6219,22.2156],[89.616,22.2154],[89.6028,22.2295],[89.6045,22.2116],[89.6196,22.1983],[89.6069,22.179],[89.6147,22.1687],[89.6418,22.1619],[89.6496,22.1491],[89.6615,22.149],[89.6583,22.1389],[89.6705,22.145],[89.6776,22.1418],[89.6818,22.1331],[89.6789,22.121],[89.6655,22.0998],[89.684,22.0984],[89.6818,22.0917],[89.669,22.0878],[89.6851,22.067],[89.6957,22.0685],[89.7045,22.0716],[89.7045,22.0934],[89.7104,22.1048],[89.7089,22.1296],[89.6896,22.1786],[89.6956,22.1909],[89.7094,22.1879],[89.7098,22.1995],[89.6893,22.1927],[89.6921,22.214],[89.6873,22.2172],[89.6728,22.2083],[89.676,22.2381],[89.6368,22.2484],[89.665,22.251],[89.6747,22.2569],[89.652,22.2607],[89.6659,22.2716],[89.643,22.2878],[89.6696,22.2758],[89.652,22.2617],[89.674,22.2585],[89.6736,22.2538],[89.6378,22.2492],[89.6769,22.2387],[89.6786,22.224],[89.6741,22.2082],[89.6866,22.2183],[89.6943,22.2145],[89.7183,22.2457],[89.7348,22.2772],[89.7037,22.273],[89.7,22.2764],[89.7048,22.3073],[89.692,22.316],[89.6768,22.3367],[89.6664,22.3639],[89.6598,22.368],[89.6398,22.3647],[89.6615,22.3698],[89.6669,22.3666],[89.6822,22.3332],[89.7014,22.3122],[89.7056,22.3415],[89.7142,22.3503],[89.7068,22.3293],[89.7056,22.3144],[89.7103,22.3034],[89.7036,22.2784],[89.7289,22.283],[89.7377,22.2799],[89.7332,22.2633],[89.6978,22.2127],[89.6921,22.1968],[89.7075,22.2035],[89.714,22.1983],[89.7111,22.1856],[89.6941,22.1832],[89.7135,22.1306],[89.7416,22.1365],[89.7403,22.1619],[89.7451,22.1856],[89.7296,22.197],[89.7375,22.2123],[89.7337,22.2212],[89.74,22.2119],[89.7382,22.2476],[89.7546,22.275],[89.7489,22.2834],[89.75,22.2918],[89.7698,22.2955],[89.767,22.3024],[89.7762,22.3089],[89.7698,22.3185],[89.7632,22.3541],[89.7762,22.3683],[89.7584,22.399],[89.7518,22.3997],[89.7422,22.3861],[89.7312,22.4009],[89.7096,22.4139],[89.7257,22.4193],[89.7002,22.4446],[89.7138,22.4519],[89.7115,22.4724],[89.6967,22.4655],[89.6972,22.4738],[89.704,22.4737],[89.6937,22.4797],[89.6981,22.4836],[89.7042,22.4777],[89.7169,22.4779],[89.7147,22.4941],[89.7096,22.4998],[89.7121,22.5044],[89.7062,22.5019],[89.7053,22.5072],[89.6954,22.5063],[89.692,22.5122],[89.6972,22.5131],[89.6828,22.5226],[89.6816,22.5281],[89.6698,22.5253],[89.6612,22.5299],[89.6528,22.515],[89.6471,22.5171],[89.6498,22.5252],[89.6442,22.534],[89.633,22.5367],[89.6328,22.5275],[89.6254,22.5363],[89.6079,22.5347],[89.5876,22.567],[89.5749,22.5631],[89.5673,22.577],[89.5551,22.5719],[89.5676,22.556],[89.5821,22.515],[89.5962,22.4467],[89.6027,22.4469],[89.6062,22.4301],[89.623,22.4058],[89.6288,22.3659]]]]}},{"type":"Feature","id":"ADM3_Morrelganj","properties":{"id":"ADM3_Morrelganj","name":"Morrelganj","district":"Bagerhat"},"geometry":{"type":"Polygon","coordinates":[[[89.7852,22.5719],[89.7733,22.5549],[89.773,22.5366],[89.7621,22.5345],[89.7251,22.5043],[89.7096,22.4998],[89.7147,22.4941],[89.7169,22.4779],[89.7042,22.4777],[89.6981,22.4836],[89.6937,22.4797],[89.704,22.4737],[89.6972,22.4738],[89.6967,22.4655],[89.7115,22.4724],[89.7138,22.4519],[89.7002,22.4446],[89.7257,22.4193],[89.7096,22.4139],[89.7312,22.4009],[89.7422,22.3861],[89.7518,22.3997],[89.7584,22.399],[89.7744,22.3731],[89.7941,22.3758],[89.7924,22.3851],[89.8089,22.39],[89.81,22.3958],[89.8195,22.3771],[89.845,22.3794],[89.8468,22.3696],[89.838,22.3678],[89.8429,22.3649],[89.858,22.3696],[89.8666,22.3647],[89.8749,22.3719],[89.8812,22.3469],[89.89,22.3392],[89.9004,22.3615],[89.9005,22.3774],[89.8724,22.41],[89.8715,22.4204],[89.9016,22.4441],[89.9335,22.4481],[89.9426,22.4568],[89.9445,22.467],[89.9307,22.4779],[89.9092,22.4734],[89.8948,22.4757],[89.8841,22.4856],[89.8822,22.4976],[89.8944,22.5069],[89.9142,22.5053],[89.9441,22.4932],[89.9648,22.4925],[89.9696,22.5014],[89.9646,22.5077],[89.9232,22.5106],[89.9542,22.554],[89.962,22.5943],[89.9569,22.5989],[89.9209,22.6061],[89.9121,22.6161],[89.8951,22.6101],[89.888,22.5931],[89.8939,22.5748],[89.8581,22.5612],[89.8462,22.565],[89.8354,22.5769],[89.8324,22.5866],[89.8357,22.596],[89.8211,22.5959],[89.811,22.5831],[89.7948,22.5805],[89.7852,22.5719]]]}},{"type":"Feature","id":"ADM3_Motijheel","properties":{"id":"ADM3_Motijheel","name":"Motijheel","district":"Dhaka"},"geometry":{"type":"Polygon","coordinates":[[[90.416,23.7495],[90.4125,23.7456],[90.4199,23.7399],[90.4139,23.7226],[90.4288,23.7223],[90.4266,23.744],[90.416,23.7495]]]}},{"type":"Feature","id":"ADM3_MujibNagar","properties":{"id":"ADM3_MujibNagar","name":"Mujib Nagar","district":"Meherpur"},"geometry":{"type":"Polygon","coordinates":[[[88.7031,23.6677],[88.708,23.6912],[88.701,23.6875],[88.6948,23.6917],[88.6941,23.699],[88.6858,23.7023],[88.6671,23.6958],[88.6655,23.7072],[88.6496,23.7051],[88.6466,23.6987],[88.6747,23.6884],[88.6631,23.6781],[88.6535,23.6798],[88.6493,23.6689],[88.6373,23.668],[88.6375,23.6811],[88.6263,23.6838],[88.6345,23.6869],[88.6296,23.6927],[88.635,23.6956],[88.6297,23.7036],[88.6323,23.7149],[88.6294,23.7191],[88.6212,23.7168],[88.6192,23.7242],[88.6031,23.7292],[88.6064,23.7407],[88.6008,23.7454],[88.6029,23.738],[88.5994,23.7346],[88.6034,23.7354],[88.5988,23.7285],[88.596,23.7316],[88.5972,23.7255],[88.5912,23.7244],[88.5888,23.7301],[88.5828,23.7247],[88.5808,23.7292],[88.5778,23.7224],[88.5813,23.7192],[88.5687,23.7241],[88.5647,23.7132],[88.5675,23.6863],[88.5729,23.6851],[88.5749,23.677],[88.5738,23.6668],[88.5689,23.6659],[88.5703,23.6613],[88.5582,23.6492],[88.5632,23.6456],[88.5622,23.6372],[88.5937,23.6409],[88.5938,23.617],[88.5853,23.6166],[88.58,23.6031],[88.5972,23.6021],[88.6062,23.6105],[88.6015,23.607],[88.6093,23.6005],[88.6298,23.6091],[88.6371,23.6069],[88.6349,23.6152],[88.6485,23.6233],[88.6426,23.6246],[88.6427,23.6308],[88.6542,23.6504],[88.6682,23.6455],[88.6717,23.6498],[88.6797,23.648],[88.6865,23.6597],[88.6935,23.6547],[88.6966,23.6649],[88.7031,23.6677]]]}},{"type":"Feature","id":"ADM3_Muksudpur","properties":{"id":"ADM3_Muksudpur","name":"Muksudpur","district":"Gopalganj"},"geometry":{"type":"Polygon","coordinates":[[[89.9478,23.3518],[89.9484,23.3389],[89.9546,23.3435],[89.9627,23.3378],[89.9606,23.329],[89.9503,23.3205],[89.93,23.3213],[89.9222,23.3085],[89.9056,23.3135],[89.9168,23.3317],[89.9049,23.3421],[89.8837,23.3356],[89.8708,23.3213],[89.8628,23.3389],[89.8503,23.3407],[89.8404,23.3314],[89.8266,23.3478],[89.7932,23.3115],[89.7953,23.2965],[89.8086,23.2838],[89.8122,23.2717],[89.817,23.2754],[89.8226,23.272],[89.8179,23.2645],[89.8229,23.2614],[89.8203,23.2526],[89.8366,23.2382],[89.845,23.201],[89.8564,23.203],[89.8681,23.185],[89.8823,23.1867],[89.8852,23.1951],[89.8919,23.1977],[89.8917,23.1814],[89.9136,23.1715],[89.9197,23.176],[89.9248,23.1735],[89.9249,23.1818],[89.9486,23.1914],[89.9654,23.2092],[89.9582,23.1935],[89.9773,23.1819],[89.9763,23.1955],[89.9815,23.1996],[89.9847,23.2182],[89.9965,23.2168],[90.0093,23.2347],[90.0179,23.2304],[90.0214,23.2358],[90.0261,23.2508],[90.0228,23.2557],[90.0313,23.2643],[90.0212,23.2751],[90.0251,23.287],[90.0183,23.2871],[90.0038,23.3031],[90.0189,23.3186],[90.0188,23.3254],[90.0096,23.3223],[89.9919,23.3257],[89.9786,23.3334],[89.9728,23.3487],[89.9577,23.3535],[89.954,23.3604],[89.9478,23.3518]]]}},{"type":"Feature","id":"ADM3_Muktagachha","properties":{"id":"ADM3_Muktagachha","name":"Muktagachha","district":"Mymensingh"},"geometry":{"type":"Polygon","coordinates":[[[90.3001,24.7187],[90.3091,24.7185],[90.3099,24.7267],[90.3149,24.7255],[90.3183,24.7327],[90.3284,24.7345],[90.3255,24.7424],[90.3344,24.7445],[90.3334,24.7537],[90.3139,24.7611],[90.3183,24.7728],[90.3016,24.7803],[90.3082,24.7884],[90.3006,24.7962],[90.3045,24.8006],[90.2774,24.8042],[90.2694,24.7989],[90.2522,24.8026],[90.247,24.8115],[90.2361,24.8035],[90.2425,24.8122],[90.2376,24.8189],[90.2381,24.8385],[90.2334,24.8406],[90.2336,24.8333],[90.2288,24.8298],[90.2181,24.8293],[90.2216,24.8372],[90.2173,24.8487],[90.2011,24.8533],[90.2002,24.8592],[90.186,24.8545],[90.1875,24.8435],[90.1802,24.8398],[90.1838,24.8303],[90.1894,24.8283],[90.1688,24.8268],[90.1588,24.8128],[90.1584,24.7927],[90.1431,24.7894],[90.1393,24.7792],[90.1225,24.79],[90.103,24.7825],[90.0891,24.79],[90.0758,24.7879],[90.0916,24.7685],[90.092,24.7577],[90.098,24.7563],[90.0885,24.7518],[90.0904,24.7372],[90.1273,24.7385],[90.1327,24.7344],[90.1266,24.7179],[90.1341,24.7009],[90.1319,24.6915],[90.1421,24.6718],[90.1405,24.6589],[90.148,24.6483],[90.1454,24.6261],[90.1357,24.6167],[90.1606,24.6008],[90.1661,24.6005],[90.1722,24.6077],[90.1718,24.6174],[90.1823,24.6232],[90.1798,24.6272],[90.1856,24.6321],[90.1818,24.6332],[90.1796,24.646],[90.1868,24.648],[90.187,24.6532],[90.2003,24.6549],[90.2041,24.669],[90.1963,24.6815],[90.2226,24.6825],[90.2324,24.6928],[90.2421,24.6955],[90.2505,24.6887],[90.2562,24.6942],[90.2656,24.6924],[90.2664,24.6979],[90.2827,24.6979],[90.2921,24.7186],[90.2984,24.7223],[90.3001,24.7187]]]}},{"type":"Feature","id":"ADM3_Muladi","properties":{"id":"ADM3_Muladi","name":"Muladi","district":"Barisal"},"geometry":{"type":"MultiPolygon","coordinates":[[[[90.4157,22.9958],[90.4251,22.99],[90.441,22.9906],[90.4157,22.9958]]],[[[90.3622,22.8088],[90.3847,22.8164],[90.3907,22.8039],[90.4071,22.7905],[90.409,22.7937],[90.3989,22.8097],[90.4028,22.8247],[90.3969,22.8377],[90.4015,22.8414],[90.3977,22.8434],[90.3939,22.8675],[90.4182,22.9034],[90.4272,22.9094],[90.4237,22.9217],[90.4103,22.927],[90.4357,22.9381],[90.4475,22.957],[90.4548,22.9828],[90.4196,22.9899],[90.4072,22.9994],[90.4076,23.0171],[90.4214,23.0285],[90.4216,23.0399],[90.3846,23.0511],[90.3834,23.0563],[90.3305,23.0581],[90.3158,23.0529],[90.3145,23.0353],[90.3268,23.0179],[90.3276,22.9966],[90.3199,22.9815],[90.2909,22.9725],[90.2927,22.9637],[90.3038,22.9531],[90.3527,22.9415],[90.363,22.9082],[90.3582,22.8923],[90.3472,22.8826],[90.3541,22.8536],[90.3613,22.8423],[90.3583,22.8326],[90.3498,22.8341],[90.3622,22.8088]]]]}},{"type":"Feature","id":"ADM3_MunshiganjSadar","properties":{"id":"ADM3_MunshiganjSadar","name":"Munshiganj Sadar","district":"Munshiganj"},"geometry":{"type":"Polygon","coordinates":[[[90.5183,23.5731],[90.4858,23.5707],[90.4716,23.5636],[90.4733,23.5573],[90.4667,23.5571],[90.472,23.5522],[90.4829,23.5555],[90.4726,23.5324],[90.4726,23.5199],[90.477,23.5149],[90.4739,23.5084],[90.4832,23.5033],[90.4928,23.5055],[90.4931,23.4975],[90.5019,23.4971],[90.5018,23.4847],[90.5062,23.4837],[90.5063,23.4695],[90.4926,23.4438],[90.4867,23.4168],[90.4952,23.4154],[90.4996,23.4039],[90.5387,23.3793],[90.5419,23.3992],[90.5776,23.4515],[90.5775,23.4704],[90.5843,23.4802],[90.5772,23.4851],[90.5756,23.5106],[90.568,23.5292],[90.5518,23.5544],[90.5183,23.5731]]]}},{"type":"Feature","id":"ADM3_Muradnagar","properties":{"id":"ADM3_Muradnagar","name":"Muradnagar","district":"Comilla"},"geometry":{"type":"Polygon","coordinates":[[[90.8834,23.7267],[90.8847,23.7162],[90.8667,23.7071],[90.8734,23.7041],[90.8839,23.6845],[90.8687,23.6778],[90.859,23.6659],[90.8644,23.6617],[90.8769,23.6738],[90.8783,23.6646],[90.8495,23.6274],[90.8582,23.6226],[90.8617,23.6076],[90.8587,23.6044],[90.8549,23.6073],[90.8578,23.5824],[90.8632,23.5803],[90.8679,23.5624],[90.8721,23.5636],[90.865,23.5507],[90.8706,23.5474],[90.8731,23.5325],[90.8681,23.526],[90.8751,23.5212],[90.8743,23.5113],[90.8918,23.5055],[90.8929,23.5148],[90.9049,23.5177],[90.9042,23.5278],[90.9166,23.5507],[90.9183,23.5658],[90.9351,23.5645],[90.9362,23.5743],[90.9455,23.5742],[90.9405,23.596],[90.9486,23.6146],[90.9608,23.6222],[90.9634,23.6311],[90.9667,23.6286],[90.9624,23.6357],[90.9774,23.6314],[90.9902,23.6329],[90.9889,23.638],[90.9936,23.6346],[90.999,23.6451],[90.9908,23.6449],[90.99,23.6517],[90.9941,23.6494],[90.9959,23.6547],[90.9875,23.664],[90.9873,23.671],[90.9961,23.6734],[91.0129,23.693],[91.0161,23.6896],[91.0331,23.6916],[91.0469,23.7036],[91.0543,23.712],[91.0671,23.746],[91.0625,23.7423],[91.0583,23.7459],[91.0658,23.7573],[91.0558,23.7532],[91.0595,23.7618],[91.0497,23.7597],[91.0545,23.7676],[91.0438,23.7628],[91.0427,23.7676],[91.0492,23.7715],[91.0464,23.7782],[91.0405,23.7761],[91.0354,23.7953],[91.0034,23.7874],[91.001,23.7937],[90.9957,23.7945],[90.9993,23.7876],[90.9675,23.7829],[90.9595,23.7793],[90.959,23.7739],[90.9463,23.776],[90.9142,23.7648],[90.9012,23.7665],[90.8988,23.7596],[90.8848,23.7529],[90.8873,23.7368],[90.8834,23.7267]]]}},{"type":"Feature","id":"ADM3_MymensinghSadar","properties":{"id":"ADM3_MymensinghSadar","name":"Mymensingh Sadar","district":"Mymensingh"},"geometry":{"type":"Polygon","coordinates":[[[90.3448,24.6749],[90.3581,24.6789],[90.3785,24.6679],[90.4023,24.6668],[90.4156,24.6555],[90.4433,24.6509],[90.4625,24.6365],[90.4596,24.652],[90.4648,24.6804],[90.4586,24.6838],[90.4523,24.7116],[90.4618,24.7105],[90.4637,24.7151],[90.4856,24.7226],[90.486,24.7347],[90.5073,24.7535],[90.5021,24.7689],[90.4529,24.7887],[90.437,24.8053],[90.408,24.8208],[90.3878,24.8269],[90.383,24.8215],[90.3778,24.8229],[90.3734,24.8276],[90.3773,24.8359],[90.3667,24.8431],[90.3531,24.8409],[90.3447,24.8475],[90.3458,24.8564],[90.3401,24.8486],[90.3431,24.861],[90.3322,24.8641],[90.3226,24.8795],[90.3151,24.8729],[90.2946,24.8898],[90.2597,24.8882],[90.2518,24.8951],[90.2389,24.8949],[90.2357,24.8862],[90.2272,24.8818],[90.1949,24.8853],[90.2008,24.8748],[90.1825,24.8636],[90.1979,24.8654],[90.1956,24.8604],[90.2011,24.8533],[90.2173,24.8487],[90.2216,24.8372],[90.2181,24.8293],[90.2288,24.8298],[90.2336,24.8333],[90.2334,24.8406],[90.2381,24.8385],[90.2376,24.8189],[90.2425,24.8122],[90.2361,24.8035],[90.247,24.8115],[90.2522,24.8026],[90.2694,24.7989],[90.2774,24.8042],[90.3045,24.8006],[90.3006,24.7962],[90.3082,24.7884],[90.3016,24.7803],[90.3183,24.7728],[90.3139,24.7611],[90.3334,24.7537],[90.3344,24.7445],[90.3255,24.7424],[90.3284,24.7345],[90.3183,24.7327],[90.3149,24.7255],[90.3099,24.7267],[90.3091,24.7185],[90.3001,24.7187],[90.3013,24.7028],[90.3205,24.7054],[90.3391,24.7002],[90.3424,24.6943],[90.3344,24.6881],[90.3354,24.6801],[90.3448,24.6749]]]}},{"type":"Feature","id":"ADM3_Nabiganj","properties":{"id":"ADM3_Nabiganj","name":"Nabiganj","district":"Habiganj"},"geometry":{"type":"Polygon","coordinates":[[[91.6104,24.4378],[91.6074,24.4424],[91.6139,24.4633],[91.6096,24.4799],[91.6134,24.5018],[91.6229,24.5136],[91.6205,24.5174],[91.6354,24.5198],[91.632,24.5262],[91.6382,24.5283],[91.64,24.5356],[91.6352,24.5439],[91.6455,24.5414],[91.6545,24.5463],[91.6412,24.5565],[91.6439,24.5662],[91.6348,24.5648],[91.6315,24.5775],[91.6242,24.5781],[91.6297,24.5874],[91.6224,24.5901],[91.6098,24.583],[91.6083,24.5859],[91.6212,24.6019],[91.6316,24.5885],[91.6356,24.5897],[91.6331,24.5953],[91.6541,24.5966],[91.6614,24.5924],[91.6676,24.6071],[91.6609,24.6259],[91.6316,24.6305],[91.6456,24.6422],[91.6397,24.6482],[91.6403,24.6571],[91.6574,24.6793],[91.6319,24.6721],[91.632,24.6578],[91.6271,24.6562],[91.6141,24.6753],[91.6121,24.6698],[91.5924,24.667],[91.591,24.6589],[91.5838,24.6611],[91.5841,24.6719],[91.5799,24.675],[91.5684,24.6644],[91.5769,24.6581],[91.5764,24.6453],[91.5614,24.6639],[91.5571,24.6585],[91.5513,24.667],[91.5371,24.6482],[91.5354,24.6583],[91.5288,24.6618],[91.5266,24.6566],[91.5225,24.6642],[91.4958,24.669],[91.4936,24.6645],[91.4829,24.6709],[91.4826,24.664],[91.4761,24.6686],[91.4645,24.6575],[91.4627,24.6647],[91.4467,24.6643],[91.4473,24.657],[91.4418,24.6512],[91.4382,24.6692],[91.4307,24.6734],[91.4255,24.6699],[91.4288,24.6822],[91.416,24.6798],[91.4138,24.6712],[91.4073,24.6731],[91.4092,24.668],[91.3978,24.6593],[91.3971,24.6518],[91.4145,24.6456],[91.4137,24.6355],[91.4218,24.634],[91.4238,24.6415],[91.4329,24.6395],[91.4313,24.6247],[91.4366,24.6194],[91.431,24.6132],[91.44,24.6128],[91.4383,24.5976],[91.4528,24.5905],[91.4489,24.587],[91.4538,24.582],[91.4492,24.5746],[91.4582,24.5542],[91.4552,24.5519],[91.464,24.5486],[91.4691,24.5532],[91.4871,24.5535],[91.4963,24.5485],[91.4926,24.5423],[91.4864,24.5423],[91.4975,24.5333],[91.4841,24.5264],[91.4759,24.5139],[91.4811,24.5047],[91.4767,24.5033],[91.4683,24.5104],[91.4652,24.5075],[91.4656,24.5008],[91.4735,24.5031],[91.476,24.4996],[91.4669,24.4936],[91.4735,24.4869],[91.4648,24.4824],[91.4761,24.4848],[91.4775,24.4815],[91.4706,24.4781],[91.4592,24.4553],[91.4771,24.4547],[91.4733,24.4506],[91.4933,24.4469],[91.5117,24.4755],[91.5229,24.4707],[91.5284,24.4611],[91.5362,24.4599],[91.5403,24.4651],[91.5456,24.4615],[91.5498,24.4666],[91.5582,24.4623],[91.5574,24.4575],[91.5621,24.4554],[91.548,24.4447],[91.5564,24.445],[91.5603,24.4388],[91.5571,24.4367],[91.5659,24.4319],[91.5834,24.434],[91.6038,24.4244],[91.6104,24.4378]]]}},{"type":"Feature","id":"ADM3_Nabinagar","properties":{"id":"ADM3_Nabinagar","name":"Nabinagar","district":"Brahamanbaria"},"geometry":{"type":"Polygon","coordinates":[[[90.9738,23.9754],[90.9717,23.9677],[90.9531,23.9539],[90.9504,23.9264],[90.9312,23.9114],[90.9202,23.8829],[90.9088,23.8676],[90.8948,23.8632],[90.8584,23.879],[90.8359,23.8652],[90.848,23.8496],[90.8458,23.8333],[90.8397,23.8247],[90.8569,23.8352],[90.8703,23.8357],[90.8686,23.8125],[90.8845,23.8128],[90.8884,23.7882],[90.8775,23.7828],[90.8848,23.7529],[90.8988,23.7596],[90.9012,23.7665],[90.9142,23.7648],[90.9463,23.776],[90.959,23.7739],[90.9595,23.7793],[90.9675,23.7829],[90.9951,23.7856],[90.9993,23.7876],[90.9957,23.7945],[91.001,23.7937],[91.0034,23.7874],[91.028,23.7947],[91.0406,23.7933],[91.0414,23.8042],[91.056,23.8024],[91.0656,23.8109],[91.076,23.8123],[91.0841,23.8261],[91.0725,23.8296],[91.0662,23.84],[91.0665,23.8448],[91.0821,23.8458],[91.084,23.8504],[91.0915,23.8469],[91.0984,23.8632],[91.0853,23.8711],[91.08,23.9041],[91.0879,23.9196],[91.0869,23.9492],[91.0777,23.9562],[91.0453,23.9464],[91.0343,23.9377],[91.0297,23.9414],[91.0287,23.9777],[91.0204,23.9778],[91.0183,23.9702],[90.9934,23.9659],[90.9738,23.9754]]]}},{"type":"Feature","id":"ADM3_Nachole","properties":{"id":"ADM3_Nachole","name":"Nachole","district":"Nawabganj"},"geometry":{"type":"Polygon","coordinates":[[[88.2716,24.7458],[88.2874,24.73],[88.2789,24.7141],[88.2949,24.7115],[88.2953,24.7011],[88.3123,24.6925],[88.3219,24.6927],[88.3311,24.6815],[88.3405,24.68],[88.3424,24.6715],[88.3544,24.6586],[88.3454,24.6557],[88.347,24.6468],[88.3537,24.6509],[88.3553,24.6451],[88.3644,24.6466],[88.3648,24.6399],[88.3733,24.6457],[88.3827,24.6382],[88.3801,24.652],[88.3928,24.6481],[88.3975,24.6416],[88.4062,24.6432],[88.4195,24.6331],[88.4268,24.6335],[88.4303,24.643],[88.4199,24.6489],[88.434,24.651],[88.4353,24.6668],[88.4583,24.6582],[88.4659,24.6614],[88.4886,24.6563],[88.4918,24.6589],[88.4887,24.6652],[88.4948,24.6692],[88.5013,24.6666],[88.5014,24.6742],[88.5109,24.6722],[88.5106,24.6821],[88.4895,24.676],[88.4803,24.6788],[88.4737,24.6687],[88.4553,24.6776],[88.4599,24.6849],[88.4828,24.6813],[88.4897,24.6903],[88.4879,24.7065],[88.5056,24.7186],[88.5117,24.7342],[88.4937,24.7391],[88.4896,24.7337],[88.4626,24.732],[88.4655,24.7474],[88.4554,24.7502],[88.4587,24.759],[88.4693,24.7612],[88.4752,24.7587],[88.4751,24.7472],[88.4949,24.7454],[88.4896,24.7563],[88.4946,24.7718],[88.4799,24.7732],[88.473,24.7626],[88.4527,24.7775],[88.434,24.7773],[88.4275,24.7687],[88.4124,24.7688],[88.4125,24.7734],[88.4191,24.7746],[88.4179,24.7811],[88.431,24.7841],[88.43,24.7936],[88.437,24.8071],[88.4408,24.8025],[88.4491,24.8223],[88.4473,24.8259],[88.4381,24.8229],[88.4346,24.8176],[88.4257,24.8251],[88.4147,24.8227],[88.4114,24.8284],[88.4216,24.831],[88.4201,24.8391],[88.4128,24.8394],[88.4176,24.8376],[88.4136,24.8317],[88.4076,24.832],[88.3922,24.817],[88.3845,24.8186],[88.3882,24.8098],[88.3766,24.8029],[88.3617,24.8014],[88.3566,24.8057],[88.332,24.7978],[88.325,24.7731],[88.3373,24.7583],[88.3347,24.7422],[88.3301,24.7402],[88.3147,24.75],[88.3021,24.7494],[88.2944,24.7589],[88.2716,24.7458]]]}},{"type":"Feature","id":"ADM3_Nagarkanda","properties":{"id":"ADM3_Nagarkanda","name":"Nagarkanda","district":"Faridpur"},"geometry":{"type":"Polygon","coordinates":[[[89.9342,23.4598],[89.9176,23.4939],[89.9265,23.5062],[89.9273,23.5361],[89.9319,23.5385],[89.9164,23.5583],[89.902,23.5587],[89.8846,23.5404],[89.8684,23.5348],[89.8653,23.5294],[89.8687,23.5206],[89.8465,23.517],[89.8441,23.5047],[89.8382,23.5024],[89.849,23.4921],[89.8276,23.4699],[89.8493,23.4667],[89.8448,23.4529],[89.8493,23.4498],[89.8439,23.4381],[89.8467,23.4242],[89.8629,23.4171],[89.858,23.3989],[89.8448,23.4048],[89.8534,23.3945],[89.8472,23.3745],[89.8379,23.3676],[89.839,23.3621],[89.8419,23.359],[89.8541,23.3631],[89.8732,23.3552],[89.8837,23.3356],[89.9049,23.3421],[89.9168,23.3317],[89.9056,23.3135],[89.9134,23.3091],[89.9257,23.3102],[89.93,23.3213],[89.9503,23.3205],[89.9632,23.3356],[89.9546,23.3435],[89.9484,23.3389],[89.9478,23.3518],[89.9212,23.3494],[89.9155,23.3829],[89.9247,23.3998],[89.9384,23.392],[89.9392,23.383],[89.9491,23.3828],[89.9505,23.3873],[89.9457,23.4033],[89.9275,23.4255],[89.9389,23.434],[89.9514,23.428],[89.9557,23.4357],[89.9342,23.4598]]]}},{"type":"Feature","id":"ADM3_Nagarpur","properties":{"id":"ADM3_Nagarpur","name":"Nagarpur","district":"Tangail"},"geometry":{"type":"Polygon","coordinates":[[[89.7852,24.0352],[89.7856,24.0098],[89.7767,23.9875],[89.7642,23.979],[89.773,23.9734],[89.7836,23.9798],[89.7868,23.9873],[89.793,23.987],[89.7927,23.9791],[89.8035,23.9793],[89.8062,23.9731],[89.8123,23.9724],[89.8188,23.9822],[89.8266,23.9813],[89.8388,23.9764],[89.841,23.9682],[89.8501,23.9709],[89.8554,23.9636],[89.869,23.9713],[89.8663,23.9916],[89.8765,23.9942],[89.8815,23.9711],[89.8924,23.9699],[89.889,23.9787],[89.894,23.9859],[89.9055,23.988],[89.907,23.9986],[89.9138,23.9945],[89.9242,24.0031],[89.9375,24.0056],[89.9309,23.9959],[89.939,24.0044],[89.9472,24.0043],[89.9387,24.0118],[89.9416,24.0174],[89.9474,24.0166],[89.9484,24.0283],[89.9588,24.0153],[89.9669,24.0144],[89.9684,24.0302],[89.9746,24.0326],[89.9721,24.036],[89.9807,24.0327],[89.9854,24.0186],[89.9766,24.0176],[89.9771,24.0119],[89.9885,24.0094],[89.9926,24.0046],[89.9902,23.9991],[90.009,24.0032],[90.0049,24.0175],[90.0139,24.0176],[90.0194,24.0257],[90.0173,24.0313],[90.0106,24.0323],[90.012,24.0425],[90.0039,24.04],[89.997,24.0575],[89.9919,24.0573],[89.9895,24.0513],[89.9799,24.0551],[89.9766,24.0709],[89.9648,24.0572],[89.9677,24.073],[89.9418,24.0659],[89.9377,24.0543],[89.9335,24.0621],[89.9144,24.0637],[89.9137,24.0738],[89.9011,24.0788],[89.9019,24.0888],[89.9121,24.0874],[89.9127,24.0981],[89.8948,24.1014],[89.8832,24.1166],[89.8788,24.1136],[89.8632,24.1229],[89.8803,24.1257],[89.8702,24.134],[89.851,24.1369],[89.8519,24.1503],[89.8285,24.1558],[89.8194,24.1636],[89.7999,24.1642],[89.7981,24.1721],[89.7857,24.1717],[89.78,24.1665],[89.7877,24.1579],[89.8026,24.1601],[89.807,24.1487],[89.8206,24.14],[89.8162,24.13],[89.8168,24.1094],[89.825,24.0849],[89.8189,24.066],[89.7948,24.0433],[89.7844,24.041],[89.7852,24.0352]]]}},{"type":"Feature","id":"ADM3_Nageshwari","properties":{"id":"ADM3_Nageshwari","name":"Nageshwari","district":"Kurigram"},"geometry":{"type":"Polygon","coordinates":[[[89.6495,26.063],[89.6317,26.063],[89.6193,26.0535],[89.6177,26.0602],[89.6063,26.0646],[89.6054,26.0602],[89.6132,26.0536],[89.5922,26.0449],[89.5977,26.0403],[89.595,26.0353],[89.5876,26.0388],[89.593,26.033],[89.6061,26.0338],[89.6096,26.0264],[89.6142,26.0266],[89.6122,26.0172],[89.6205,25.9924],[89.6144,25.9846],[89.631,25.973],[89.6299,25.969],[89.6185,25.9701],[89.6182,25.9647],[89.6224,25.9655],[89.6268,25.952],[89.638,25.9394],[89.646,25.9388],[89.6416,25.9359],[89.6438,25.9317],[89.6473,25.9336],[89.6566,25.9261],[89.6494,25.9242],[89.6514,25.9178],[89.6374,25.9101],[89.6452,25.9075],[89.6465,25.9008],[89.6586,25.8999],[89.6593,25.9111],[89.665,25.9177],[89.6708,25.9157],[89.6682,25.9069],[89.6762,25.9125],[89.6829,25.9049],[89.6816,25.8971],[89.6902,25.8943],[89.6737,25.8865],[89.6816,25.8762],[89.6976,25.8807],[89.6986,25.8872],[89.6943,25.8891],[89.7004,25.8911],[89.6981,25.8957],[89.7062,25.8974],[89.7077,25.8927],[89.702,25.8916],[89.7001,25.8831],[89.727,25.8798],[89.7272,25.8729],[89.7331,25.8731],[89.7367,25.8632],[89.7465,25.8613],[89.7566,25.8458],[89.7825,25.8492],[89.7869,25.8451],[89.8055,25.8556],[89.8341,25.8541],[89.8325,25.8707],[89.8785,25.9243],[89.887,25.9453],[89.8427,25.9401],[89.8391,25.9412],[89.8423,25.9444],[89.8253,25.9456],[89.8256,25.9516],[89.831,25.9552],[89.8493,25.9492],[89.8381,25.9681],[89.8718,25.9742],[89.8707,25.9815],[89.8671,25.9794],[89.8502,25.9902],[89.8476,26.0008],[89.8358,26.0127],[89.831,26.0099],[89.8309,26.002],[89.8359,25.9825],[89.8202,25.9877],[89.8148,25.9979],[89.8204,25.998],[89.8219,26.01],[89.8153,26.0203],[89.8192,26.0259],[89.8056,26.0446],[89.802,26.0318],[89.7906,26.0179],[89.7876,26.0214],[89.7938,26.0226],[89.8018,26.0404],[89.7935,26.0424],[89.7906,26.0344],[89.7894,26.0397],[89.7798,26.0405],[89.7652,26.031],[89.7653,26.0543],[89.7605,26.055],[89.7586,26.0406],[89.7533,26.0405],[89.7509,26.0349],[89.7318,26.0344],[89.7199,26.027],[89.7234,26.0306],[89.7194,26.0398],[89.7129,26.0392],[89.7172,26.0331],[89.7047,26.0342],[89.7065,26.0409],[89.699,26.0498],[89.6841,26.0394],[89.6801,26.0428],[89.6696,26.0392],[89.677,26.0486],[89.6723,26.0483],[89.6712,26.0543],[89.682,26.0508],[89.6869,26.0566],[89.6716,26.0555],[89.6789,26.0596],[89.6665,26.0641],[89.6764,26.0627],[89.6725,26.0728],[89.6674,26.0708],[89.6705,26.066],[89.6613,26.0609],[89.6497,26.0713],[89.6495,26.063]]]}},{"type":"Feature","id":"ADM3_Naikhongchhari","properties":{"id":"ADM3_Naikhongchhari","name":"Naikhongchhari","district":"Cox's Bazar"},"geometry":{"type":"Polygon","coordinates":[[[92.2407,21.6242],[92.1839,21.607],[92.1879,21.6331],[92.2038,21.6515],[92.1981,21.6645],[92.1842,21.6671],[92.1456,21.6488],[92.1253,21.6528],[92.0985,21.6442],[92.1406,21.6183],[92.1447,21.6076],[92.1419,21.6008],[92.1468,21.5962],[92.161,21.6055],[92.1736,21.6],[92.1686,21.5881],[92.1847,21.5684],[92.1773,21.5549],[92.1593,21.5415],[92.169,21.5143],[92.1748,21.5075],[92.1825,21.5123],[92.1858,21.501],[92.1862,21.5102],[92.2014,21.5141],[92.2026,21.5032],[92.2173,21.5037],[92.2167,21.4986],[92.2229,21.4947],[92.2216,21.4832],[92.2268,21.4789],[92.2319,21.4822],[92.2399,21.472],[92.2384,21.457],[92.2423,21.4521],[92.2351,21.4532],[92.2352,21.4475],[92.2294,21.4463],[92.2334,21.4296],[92.2417,21.4258],[92.2379,21.4137],[92.247,21.4081],[92.2437,21.4003],[92.22,21.4008],[92.2019,21.3905],[92.1895,21.4242],[92.1827,21.4241],[92.179,21.4318],[92.1636,21.4318],[92.1557,21.4249],[92.156,21.4125],[92.1435,21.4],[92.1366,21.4035],[92.1265,21.4009],[92.1431,21.3488],[92.1497,21.3438],[92.1519,21.3218],[92.1568,21.3207],[92.1578,21.3125],[92.171,21.2987],[92.1797,21.2716],[92.1905,21.2717],[92.1927,21.2666],[92.182,21.2527],[92.1796,21.2348],[92.1662,21.221],[92.1745,21.1988],[92.1713,21.19],[92.1764,21.1843],[92.2012,21.2066],[92.2181,21.2319],[92.2108,21.2482],[92.2197,21.2576],[92.1978,21.3196],[92.2115,21.3398],[92.2588,21.3622],[92.2558,21.3892],[92.2696,21.4004],[92.2691,21.4282],[92.2917,21.4305],[92.2972,21.4201],[92.3022,21.4235],[92.3092,21.4182],[92.3149,21.4217],[92.3285,21.4191],[92.3264,21.432],[92.3379,21.436],[92.3435,21.4669],[92.358,21.4719],[92.3376,21.5227],[92.3152,21.5591],[92.2961,21.5775],[92.2644,21.5968],[92.2472,21.6217],[92.2407,21.6242]]]}},{"type":"Feature","id":"ADM3_Nakla","properties":{"id":"ADM3_Nakla","name":"Nakla","district":"Sherpur"},"geometry":{"type":"Polygon","coordinates":[[[90.2333,25.0273],[90.2262,25.0214],[90.2296,25.0268],[90.226,25.0302],[90.2208,25.025],[90.2193,25.0307],[90.2106,25.0252],[90.2143,25.0372],[90.2014,25.0334],[90.1876,25.0182],[90.1653,25.0215],[90.1622,25.0311],[90.1557,25.0188],[90.1368,25.0256],[90.1317,25.033],[90.1341,25.0167],[90.121,25.0079],[90.1168,24.997],[90.1374,24.969],[90.119,24.971],[90.115,24.9622],[90.1283,24.9484],[90.1242,24.9321],[90.1155,24.9316],[90.1254,24.9175],[90.1235,24.9102],[90.1148,24.9105],[90.1164,24.9057],[90.1336,24.8988],[90.1546,24.9048],[90.1588,24.8929],[90.2102,24.8818],[90.2357,24.8862],[90.2456,24.9254],[90.2352,24.9341],[90.2321,24.9446],[90.2361,24.9484],[90.2578,24.9463],[90.2549,24.9574],[90.2412,24.9626],[90.2432,24.9674],[90.2374,24.9696],[90.2346,24.9642],[90.2264,24.9712],[90.2375,24.9912],[90.2409,25.0127],[90.2333,25.0273]]]}},{"type":"Feature","id":"ADM3_Nalchity","properties":{"id":"ADM3_Nalchity","name":"Nalchity","district":"Jhalokati"},"geometry":{"type":"Polygon","coordinates":[[[90.3691,22.6314],[90.3747,22.6413],[90.3709,22.6508],[90.3563,22.6501],[90.3271,22.6593],[90.3261,22.6469],[90.3226,22.6463],[90.3152,22.6602],[90.3216,22.6708],[90.2994,22.6856],[90.2899,22.6801],[90.2753,22.6889],[90.2678,22.6873],[90.2623,22.6734],[90.2512,22.6735],[90.2414,22.6652],[90.2314,22.6636],[90.216,22.6379],[90.2185,22.6091],[90.2133,22.5845],[90.1984,22.5715],[90.1842,22.5288],[90.1859,22.5242],[90.2036,22.5197],[90.1991,22.4924],[90.2096,22.5014],[90.2305,22.5075],[90.2699,22.5407],[90.2791,22.5426],[90.2846,22.5512],[90.2829,22.5612],[90.2922,22.5652],[90.3048,22.5592],[90.3112,22.5783],[90.3177,22.5757],[90.3322,22.583],[90.3469,22.5759],[90.3511,22.567],[90.3634,22.5806],[90.354,22.5967],[90.3391,22.606],[90.3463,22.6134],[90.3745,22.5931],[90.3847,22.5955],[90.3797,22.6098],[90.3438,22.6295],[90.3543,22.6367],[90.3691,22.6314]]]}},{"type":"Feature","id":"ADM3_Nalitabari","properties":{"id":"ADM3_Nalitabari","name":"Nalitabari","district":"Sherpur"},"geometry":{"type":"Polygon","coordinates":[[[90.2642,25.1964],[90.2339,25.205],[90.2255,25.2006],[90.2194,25.2068],[90.1959,25.2111],[90.1714,25.2232],[90.1242,25.2255],[90.1351,25.2029],[90.1335,25.1877],[90.1249,25.1724],[90.1092,25.165],[90.1073,25.1597],[90.1235,25.1465],[90.103,25.1341],[90.0816,25.1351],[90.0826,25.1289],[90.0881,25.1274],[90.0784,25.1259],[90.0862,25.1167],[90.085,25.106],[90.0952,25.1004],[90.101,25.0856],[90.0825,25.0705],[90.0742,25.0786],[90.0726,25.0687],[90.0998,25.0573],[90.1188,25.0566],[90.113,25.0362],[90.1231,25.0306],[90.1313,25.0347],[90.1368,25.0256],[90.1557,25.0188],[90.1622,25.0311],[90.1653,25.0215],[90.1876,25.0182],[90.2014,25.0334],[90.2143,25.0372],[90.2138,25.0287],[90.2082,25.0275],[90.214,25.0245],[90.2193,25.0307],[90.2208,25.025],[90.226,25.0302],[90.2296,25.0268],[90.2262,25.0214],[90.2355,25.0292],[90.2322,25.042],[90.2375,25.0528],[90.2459,25.0527],[90.2497,25.0628],[90.258,25.0641],[90.2636,25.0517],[90.2807,25.0568],[90.2865,25.0699],[90.2843,25.0787],[90.3037,25.0784],[90.3042,25.0852],[90.2978,25.0859],[90.2975,25.0908],[90.2852,25.0824],[90.2773,25.0936],[90.2624,25.0983],[90.2652,25.1364],[90.2698,25.1383],[90.2596,25.1623],[90.2642,25.1964]]]}},{"type":"Feature","id":"ADM3_Nandail","properties":{"id":"ADM3_Nandail","name":"Nandail","district":"Mymensingh"},"geometry":{"type":"Polygon","coordinates":[[[90.5738,24.4821],[90.5882,24.4969],[90.6043,24.4991],[90.6159,24.4952],[90.6319,24.4787],[90.638,24.481],[90.6368,24.4755],[90.6483,24.4778],[90.6632,24.467],[90.6782,24.467],[90.6813,24.4748],[90.6781,24.4813],[90.6854,24.4885],[90.6822,24.5023],[90.7033,24.5177],[90.7046,24.5002],[90.7156,24.4914],[90.722,24.4711],[90.7361,24.4861],[90.7428,24.5097],[90.7533,24.5032],[90.7575,24.5127],[90.7937,24.5078],[90.7924,24.5184],[90.7976,24.5192],[90.8052,24.5318],[90.8023,24.5416],[90.8047,24.5467],[90.8065,24.5401],[90.8098,24.5418],[90.8092,24.5509],[90.8152,24.5606],[90.8099,24.5657],[90.8197,24.5745],[90.82,24.588],[90.8155,24.5871],[90.8158,24.5814],[90.8056,24.5866],[90.8092,24.5823],[90.7968,24.5755],[90.7925,24.5778],[90.7957,24.584],[90.7888,24.5849],[90.796,24.5955],[90.7944,24.6054],[90.7831,24.6075],[90.7763,24.6167],[90.773,24.6087],[90.757,24.6105],[90.7609,24.6272],[90.7348,24.6295],[90.7132,24.6173],[90.7046,24.6221],[90.7056,24.6304],[90.6816,24.6368],[90.6627,24.6114],[90.6635,24.6064],[90.6535,24.6041],[90.6485,24.5941],[90.6256,24.5896],[90.6179,24.5946],[90.6143,24.5854],[90.6206,24.5777],[90.613,24.5815],[90.6098,24.5769],[90.5872,24.5741],[90.5849,24.5688],[90.5915,24.562],[90.5809,24.5605],[90.5692,24.5698],[90.5692,24.5613],[90.5582,24.561],[90.5586,24.5751],[90.5316,24.5754],[90.5229,24.5879],[90.5202,24.5707],[90.5131,24.569],[90.5158,24.5454],[90.5629,24.5032],[90.5738,24.4821]]]}},{"type":"Feature","id":"ADM3_Nandigram","properties":{"id":"ADM3_Nandigram","name":"Nandigram","district":"Bogra"},"geometry":{"type":"Polygon","coordinates":[[[89.1424,24.7377],[89.1506,24.7387],[89.15,24.7253],[89.1458,24.7263],[89.1451,24.7145],[89.1356,24.7115],[89.1319,24.6928],[89.1381,24.6916],[89.1347,24.6852],[89.1405,24.6857],[89.1428,24.6785],[89.1513,24.6815],[89.1525,24.6866],[89.1633,24.6855],[89.1668,24.6717],[89.1565,24.6681],[89.1541,24.6728],[89.1446,24.6711],[89.1455,24.6587],[89.1364,24.656],[89.1357,24.644],[89.1428,24.6298],[89.1462,24.6234],[89.1537,24.6217],[89.149,24.6172],[89.1718,24.6217],[89.1714,24.6293],[89.1758,24.6314],[89.1711,24.6353],[89.1734,24.6464],[89.1795,24.6437],[89.1886,24.6516],[89.1936,24.6481],[89.1919,24.6413],[89.2007,24.6434],[89.2035,24.6343],[89.2101,24.6346],[89.2007,24.6278],[89.2011,24.6181],[89.1959,24.614],[89.2031,24.613],[89.2055,24.6042],[89.2079,24.6111],[89.2161,24.6131],[89.2133,24.5994],[89.2249,24.58],[89.2379,24.5841],[89.2364,24.5953],[89.2541,24.6054],[89.255,24.6141],[89.2483,24.6196],[89.2534,24.6192],[89.2592,24.6295],[89.296,24.6226],[89.3004,24.6192],[89.2972,24.6144],[89.3071,24.6138],[89.3079,24.5982],[89.3337,24.5964],[89.338,24.6012],[89.3428,24.6269],[89.3332,24.6443],[89.3377,24.6658],[89.3246,24.6772],[89.3358,24.691],[89.3302,24.6976],[89.3235,24.6964],[89.3209,24.6855],[89.3105,24.6962],[89.2899,24.6904],[89.2771,24.693],[89.2757,24.7032],[89.2802,24.7049],[89.2807,24.7117],[89.2753,24.7185],[89.2675,24.7106],[89.2636,24.7223],[89.2563,24.723],[89.2546,24.7297],[89.2347,24.737],[89.2324,24.7437],[89.2252,24.7418],[89.2243,24.7515],[89.2142,24.7573],[89.2164,24.7682],[89.206,24.7682],[89.2013,24.7757],[89.2033,24.7835],[89.1935,24.79],[89.1792,24.7898],[89.1791,24.7944],[89.1713,24.7964],[89.1582,24.7933],[89.1596,24.7825],[89.1682,24.7801],[89.1675,24.7704],[89.1547,24.7769],[89.1558,24.767],[89.1375,24.7561],[89.1424,24.7377]]]}},{"type":"Feature","id":"ADM3_Nangalkot","properties":{"id":"ADM3_Nangalkot","name":"Nangalkot","district":"Comilla"},"geometry":{"type":"Polygon","coordinates":[[[91.2082,23.2402],[91.2106,23.2361],[91.2029,23.2275],[91.1834,23.2266],[91.1788,23.2024],[91.1677,23.1953],[91.1612,23.1826],[91.1357,23.1759],[91.1344,23.1589],[91.1249,23.158],[91.12,23.1364],[91.1264,23.12],[91.1313,23.1188],[91.1323,23.1085],[91.1429,23.1015],[91.1393,23.1004],[91.1437,23.0967],[91.1365,23.0939],[91.144,23.0945],[91.1459,23.0812],[91.1622,23.0834],[91.1678,23.0698],[91.1734,23.0707],[91.186,23.0601],[91.2146,23.0667],[91.2226,23.0579],[91.2255,23.0665],[91.2359,23.066],[91.2355,23.0588],[91.2648,23.0535],[91.2778,23.0604],[91.2858,23.0544],[91.2889,23.0611],[91.2848,23.0722],[91.294,23.068],[91.2963,23.0715],[91.2908,23.0763],[91.2797,23.0763],[91.283,23.0837],[91.2775,23.0842],[91.2781,23.0914],[91.2684,23.0964],[91.2785,23.1022],[91.2766,23.1082],[91.2858,23.114],[91.279,23.1193],[91.2871,23.1224],[91.2831,23.1273],[91.2742,23.1239],[91.2748,23.1311],[91.2654,23.1308],[91.2677,23.1353],[91.2614,23.1355],[91.2661,23.1446],[91.26,23.147],[91.2657,23.1532],[91.2568,23.1527],[91.2701,23.1716],[91.2588,23.1723],[91.2678,23.1769],[91.261,23.1785],[91.2628,23.1861],[91.2674,23.183],[91.2738,23.1936],[91.2651,23.1873],[91.2655,23.1932],[91.2588,23.1943],[91.2572,23.2019],[91.2671,23.2013],[91.2636,23.2068],[91.254,23.2081],[91.2506,23.2173],[91.2686,23.2274],[91.2578,23.2271],[91.2553,23.234],[91.2599,23.2365],[91.2565,23.2376],[91.2341,23.2283],[91.2395,23.2347],[91.2262,23.2386],[91.2364,23.238],[91.2361,23.2412],[91.2303,23.2422],[91.2307,23.2462],[91.2229,23.2439],[91.2219,23.2489],[91.2082,23.2402]]]}},{"type":"Feature","id":"ADM3_Naniarchar","properties":{"id":"ADM3_Naniarchar","name":"Naniarchar","district":"Rangamati"},"geometry":{"type":"Polygon","coordinates":[[[92.0049,22.7045],[92.0625,22.7154],[92.0973,22.7514],[92.112,22.7488],[92.1259,22.7577],[92.1217,22.7709],[92.1383,22.7853],[92.1407,22.8046],[92.1763,22.8254],[92.1287,22.9118],[92.1176,22.9582],[92.0701,22.9335],[92.0538,22.8943],[92.04,22.8844],[92.0189,22.884],[92.0007,22.8423],[91.9799,22.8331],[91.9752,22.7907],[91.9964,22.7426],[92.0049,22.7045]]]}},{"type":"Feature","id":"ADM3_NaogaonSadar","properties":{"id":"ADM3_NaogaonSadar","name":"Naogaon Sadar","district":"Naogaon"},"geometry":{"type":"Polygon","coordinates":[[[88.99,24.8594],[88.9945,24.8682],[88.9905,24.8784],[89.0002,24.885],[89.0075,24.8992],[89.0021,24.9088],[88.9982,24.9091],[88.9962,24.8954],[88.9864,24.8878],[88.9755,24.8837],[88.9623,24.8864],[88.9571,24.8813],[88.9554,24.8854],[88.9437,24.8824],[88.9334,24.8864],[88.936,24.8842],[88.9304,24.8805],[88.9218,24.8893],[88.9258,24.903],[88.9177,24.91],[88.9093,24.912],[88.9076,24.9057],[88.9019,24.9047],[88.8963,24.9108],[88.8837,24.9099],[88.88,24.9138],[88.8619,24.9088],[88.8621,24.8867],[88.8805,24.8865],[88.8742,24.8829],[88.8788,24.8777],[88.8636,24.8695],[88.8656,24.8646],[88.8815,24.8605],[88.8801,24.8458],[88.8712,24.8338],[88.873,24.8279],[88.8642,24.8241],[88.8555,24.8122],[88.8454,24.8105],[88.843,24.8173],[88.8344,24.814],[88.8396,24.8179],[88.8346,24.8285],[88.8118,24.8341],[88.8158,24.8643],[88.8036,24.8613],[88.7995,24.8497],[88.7881,24.8381],[88.7962,24.8361],[88.7948,24.831],[88.8032,24.8165],[88.8,24.7962],[88.7937,24.7953],[88.7938,24.7895],[88.795,24.7834],[88.8053,24.7818],[88.7968,24.7724],[88.8058,24.7721],[88.8158,24.7648],[88.8212,24.7525],[88.8152,24.7513],[88.8171,24.7366],[88.8261,24.7405],[88.8285,24.7332],[88.8349,24.7348],[88.8432,24.7239],[88.8588,24.73],[88.867,24.7257],[88.8649,24.7208],[88.8711,24.725],[88.8747,24.7206],[88.8791,24.7278],[88.893,24.7346],[88.9033,24.7253],[88.9059,24.7326],[88.9157,24.7288],[88.9325,24.7311],[88.9424,24.7373],[88.9473,24.7484],[88.9508,24.7441],[88.9544,24.7503],[88.9676,24.7452],[88.9635,24.7545],[88.9778,24.7837],[88.9709,24.7895],[88.9765,24.7901],[88.9774,24.8027],[88.9822,24.8031],[88.9733,24.8091],[88.9699,24.8233],[88.988,24.8254],[88.9873,24.8291],[88.9789,24.8295],[88.9742,24.8487],[88.99,24.8594]]]}},{"type":"Feature","id":"ADM3_NarailSadar","properties":{"id":"ADM3_NarailSadar","name":"Narail Sadar","district":"Narail"},"geometry":{"type":"Polygon","coordinates":[[[89.5011,23.0332],[89.5215,23.0403],[89.5263,23.0486],[89.5383,23.0474],[89.5433,23.0625],[89.5417,23.0717],[89.5297,23.0788],[89.5258,23.0902],[89.5161,23.0982],[89.5177,23.1023],[89.5395,23.0881],[89.5503,23.1111],[89.552,23.1045],[89.5689,23.1017],[89.5758,23.0896],[89.582,23.0917],[89.59,23.0967],[89.5967,23.12],[89.6091,23.132],[89.6053,23.1373],[89.6101,23.1389],[89.6131,23.1526],[89.6046,23.1602],[89.5918,23.16],[89.5979,23.18],[89.592,23.181],[89.5861,23.1918],[89.5958,23.2046],[89.578,23.2173],[89.5554,23.2211],[89.5447,23.2339],[89.5304,23.2364],[89.5141,23.2625],[89.5019,23.2654],[89.4717,23.2877],[89.4637,23.284],[89.4626,23.2679],[89.4551,23.2639],[89.4551,23.2572],[89.4403,23.2618],[89.4256,23.2587],[89.4226,23.2523],[89.4261,23.2391],[89.4336,23.2334],[89.4178,23.2297],[89.4235,23.2161],[89.4197,23.2186],[89.4233,23.1837],[89.416,23.174],[89.418,23.1676],[89.4121,23.1676],[89.415,23.1585],[89.4097,23.1582],[89.4088,23.1534],[89.4201,23.1464],[89.4193,23.1404],[89.4024,23.139],[89.3927,23.1447],[89.3921,23.1407],[89.3782,23.1356],[89.3896,23.1065],[89.3853,23.0851],[89.3998,23.0768],[89.3992,23.0843],[89.4166,23.0831],[89.4423,23.1146],[89.4405,23.0735],[89.4533,23.0681],[89.4439,23.0665],[89.4438,23.0549],[89.4491,23.0503],[89.4544,23.054],[89.4574,23.0409],[89.4675,23.0327],[89.4896,23.0377],[89.5011,23.0332]]]}},{"type":"Feature","id":"ADM3_NarayanganjSadar","properties":{"id":"ADM3_NarayanganjSadar","name":"Narayanganj Sadar","district":"Narayanganj"},"geometry":{"type":"Polygon","coordinates":[[[90.5249,23.6864],[90.5125,23.7092],[90.4539,23.6776],[90.4484,23.6653],[90.472,23.6388],[90.4727,23.6325],[90.4467,23.6239],[90.4302,23.6086],[90.4398,23.5974],[90.4417,23.5875],[90.4398,23.5783],[90.429,23.5674],[90.4373,23.5562],[90.454,23.5506],[90.4858,23.5707],[90.5183,23.5731],[90.5062,23.6113],[90.5152,23.6307],[90.5196,23.6632],[90.529,23.6739],[90.5249,23.6864]]]}},{"type":"Feature","id":"ADM3_Naria","properties":{"id":"ADM3_Naria","name":"Naria","district":"Shariatpur"},"geometry":{"type":"MultiPolygon","coordinates":[[[[90.5047,23.3215],[90.5048,23.3224],[90.504,23.3239],[90.4997,23.323],[90.5023,23.3214],[90.5047,23.3215]]],[[[90.5021,23.3019],[90.5043,23.3157],[90.49,23.3246],[90.4981,23.3223],[90.4952,23.3254],[90.5065,23.327],[90.5061,23.3366],[90.5111,23.3407],[90.4904,23.3388],[90.4857,23.3694],[90.5092,23.3968],[90.4996,23.4039],[90.432,23.4163],[90.4305,23.4067],[90.4223,23.4068],[90.4217,23.4013],[90.4106,23.3966],[90.4169,23.3893],[90.4086,23.3636],[90.4403,23.3532],[90.4151,23.321],[90.4099,23.327],[90.3931,23.33],[90.3896,23.3195],[90.3773,23.3102],[90.3638,23.3112],[90.3591,23.3198],[90.3426,23.3189],[90.326,23.3136],[90.3228,23.305],[90.3128,23.2993],[90.348,23.2569],[90.3498,23.2409],[90.3662,23.2445],[90.3837,23.2155],[90.3913,23.2205],[90.3937,23.2139],[90.4116,23.2175],[90.4238,23.208],[90.4325,23.2133],[90.4336,23.2195],[90.4495,23.2155],[90.4496,23.2261],[90.4597,23.2371],[90.4759,23.2425],[90.476,23.2495],[90.4873,23.2466],[90.4834,23.2494],[90.4824,23.2848],[90.4948,23.2857],[90.5004,23.2797],[90.5021,23.3019]]]]}},{"type":"Feature","id":"ADM3_NarsingdiSadar","properties":{"id":"ADM3_NarsingdiSadar","name":"Narsingdi Sadar","district":"Narsingdi"},"geometry":{"type":"Polygon","coordinates":[[[90.7346,23.7628],[90.7667,23.8046],[90.7679,23.8214],[90.7595,23.8485],[90.7642,23.8623],[90.778,23.8659],[90.8325,23.8631],[90.8413,23.8709],[90.8402,23.876],[90.8322,23.8732],[90.8218,23.8821],[90.8124,23.9119],[90.794,23.9114],[90.7727,23.8847],[90.748,23.8881],[90.7413,23.9117],[90.7492,23.9173],[90.7544,23.9335],[90.7653,23.9358],[90.7666,23.942],[90.7331,23.9356],[90.7421,23.9456],[90.7397,23.957],[90.7276,23.938],[90.69,23.9363],[90.6757,23.9207],[90.6712,23.9268],[90.6674,23.921],[90.6641,23.9241],[90.6591,23.9145],[90.6475,23.9205],[90.6459,23.9153],[90.6254,23.9148],[90.6254,23.9071],[90.6147,23.9048],[90.6158,23.8984],[90.6094,23.8965],[90.613,23.8719],[90.6095,23.8722],[90.6078,23.8583],[90.598,23.8585],[90.5958,23.8535],[90.5985,23.8443],[90.6105,23.8325],[90.6193,23.8372],[90.6185,23.8514],[90.6246,23.8621],[90.6451,23.8696],[90.6455,23.8634],[90.6543,23.8554],[90.6466,23.8479],[90.6553,23.8411],[90.6627,23.8416],[90.6589,23.8353],[90.6438,23.8358],[90.6365,23.8243],[90.6482,23.801],[90.6554,23.7974],[90.6637,23.8023],[90.664,23.7955],[90.6832,23.7943],[90.6896,23.7989],[90.6765,23.8279],[90.6866,23.8208],[90.6968,23.8203],[90.7137,23.8085],[90.7146,23.7993],[90.7412,23.7875],[90.732,23.7729],[90.7346,23.7628]]]}},{"type":"Feature","id":"ADM3_Nasirnagar","properties":{"id":"ADM3_Nasirnagar","name":"Nasirnagar","district":"Brahamanbaria"},"geometry":{"type":"Polygon","coordinates":[[[91.0428,24.213],[91.0219,24.1868],[91.0281,24.1819],[91.0425,24.1816],[91.0429,24.1752],[91.0553,24.1756],[91.0603,24.1672],[91.0721,24.1621],[91.0718,24.1807],[91.0755,24.1825],[91.0768,24.1764],[91.0808,24.1804],[91.0946,24.169],[91.1209,24.1701],[91.1177,24.1615],[91.1132,24.1615],[91.11,24.1449],[91.141,24.1395],[91.1429,24.1285],[91.1609,24.1171],[91.1665,24.093],[91.1916,24.0845],[91.2021,24.0939],[91.1957,24.0994],[91.1982,24.1086],[91.2265,24.1071],[91.2466,24.0958],[91.2491,24.0745],[91.2644,24.0829],[91.2708,24.1125],[91.2842,24.1114],[91.2835,24.1171],[91.2925,24.1171],[91.2716,24.1237],[91.2717,24.141],[91.262,24.1427],[91.2683,24.1485],[91.267,24.1581],[91.2753,24.1566],[91.2772,24.1815],[91.3052,24.1907],[91.3127,24.1827],[91.3127,24.2035],[91.3047,24.2028],[91.3052,24.1984],[91.2975,24.2034],[91.2969,24.1982],[91.2854,24.1954],[91.2773,24.2032],[91.2847,24.2102],[91.2838,24.2176],[91.2981,24.2137],[91.2985,24.223],[91.3061,24.2204],[91.3087,24.2279],[91.324,24.2295],[91.3289,24.2495],[91.321,24.2644],[91.3014,24.2662],[91.2837,24.2449],[91.2808,24.2317],[91.2861,24.2305],[91.286,24.2234],[91.2722,24.228],[91.267,24.2233],[91.2353,24.2361],[91.2205,24.2343],[91.2201,24.2381],[91.1949,24.2398],[91.1736,24.2652],[91.1338,24.2431],[91.0851,24.2411],[91.0788,24.2285],[91.0903,24.2193],[91.09,24.2113],[91.0654,24.216],[91.0428,24.213]]]}},{"type":"Feature","id":"ADM3_NatoreSadar","properties":{"id":"ADM3_NatoreSadar","name":"Natore Sadar","district":"Natore"},"geometry":{"type":"Polygon","coordinates":[[[88.9633,24.5836],[88.9616,24.5485],[88.9475,24.5454],[88.9405,24.5359],[88.9212,24.5445],[88.8966,24.5349],[88.8985,24.5251],[88.8872,24.5266],[88.8876,24.5306],[88.8843,24.5211],[88.8795,24.5208],[88.8842,24.5159],[88.8939,24.5203],[88.8971,24.5116],[88.9239,24.5171],[88.9284,24.5109],[88.9228,24.5038],[88.9255,24.5007],[88.9161,24.5045],[88.9104,24.4957],[88.9054,24.4978],[88.9031,24.4867],[88.8952,24.4863],[88.8928,24.4771],[88.9001,24.4642],[88.8932,24.4558],[88.9027,24.4465],[88.8971,24.4396],[88.9025,24.4195],[88.8982,24.4102],[88.9025,24.4073],[88.8901,24.3845],[88.8964,24.3788],[88.8934,24.3637],[88.8833,24.3616],[88.8799,24.3655],[88.8727,24.3575],[88.8617,24.3636],[88.8508,24.3438],[88.8585,24.3401],[88.8664,24.3495],[88.8696,24.3407],[88.8829,24.3387],[88.8962,24.3481],[88.9038,24.3459],[88.9097,24.3551],[88.9111,24.348],[88.92,24.3519],[88.9294,24.3461],[88.9363,24.3474],[88.9399,24.3591],[88.9515,24.3539],[88.9673,24.3629],[88.9735,24.3543],[88.9844,24.3581],[88.9835,24.3626],[88.9854,24.3493],[88.9921,24.3479],[88.9927,24.3429],[89.0094,24.3357],[89.0139,24.3383],[89.0217,24.3311],[89.0268,24.3328],[89.0425,24.3207],[89.0461,24.3382],[89.0574,24.3428],[89.06,24.3489],[89.0699,24.3458],[89.0789,24.3515],[89.0676,24.3581],[89.0827,24.3689],[89.0775,24.3742],[89.0941,24.3822],[89.0962,24.3896],[89.0902,24.3913],[89.102,24.3954],[89.1008,24.4079],[89.1071,24.4085],[89.102,24.4139],[89.0911,24.4125],[89.0866,24.4216],[89.0761,24.4077],[89.0717,24.414],[89.0772,24.4177],[89.0738,24.4263],[89.0765,24.4358],[89.0702,24.4417],[89.0618,24.4365],[89.06,24.429],[89.056,24.43],[89.0521,24.4397],[89.0633,24.4433],[89.0643,24.448],[89.0576,24.4546],[89.0507,24.4528],[89.05,24.4615],[89.0399,24.4677],[89.0483,24.4751],[89.0457,24.4811],[89.0567,24.4938],[89.0527,24.5006],[89.0613,24.5093],[89.0571,24.5192],[89.0673,24.5238],[89.0589,24.5279],[89.0621,24.5382],[89.0497,24.5359],[89.0347,24.5456],[89.0272,24.5577],[89.0161,24.5497],[89.0103,24.5508],[89.0045,24.5563],[89.011,24.5609],[89.0095,24.5656],[88.9721,24.585],[88.9633,24.5836]]]}},{"type":"Feature","id":"ADM3_Nawabganj_222310","properties":{"id":"ADM3_Nawabganj_222310","name":"Nawabganj","district":"Dhaka"},"geometry":{"type":"Polygon","coordinates":[[[90.2057,23.5689],[90.2088,23.5892],[90.2214,23.5958],[90.2262,23.6136],[90.2365,23.6214],[90.2406,23.6329],[90.2473,23.6335],[90.2496,23.6545],[90.2682,23.6531],[90.2862,23.6739],[90.2555,23.7151],[90.2367,23.7157],[90.2254,23.7092],[90.206,23.7259],[90.1909,23.7223],[90.1884,23.7166],[90.1764,23.7263],[90.1596,23.7257],[90.157,23.7452],[90.1457,23.7482],[90.1238,23.7346],[90.1147,23.7172],[90.1052,23.7188],[90.1076,23.7284],[90.0996,23.7301],[90.0845,23.7295],[90.0809,23.717],[90.0696,23.7268],[90.0512,23.7258],[90.051,23.7128],[90.0423,23.713],[90.0431,23.7071],[90.0367,23.7003],[90.0426,23.6944],[90.0367,23.6954],[90.0375,23.6836],[90.0264,23.6719],[90.0186,23.6716],[90.0206,23.6652],[90.0292,23.6663],[90.042,23.6501],[90.046,23.6593],[90.056,23.655],[90.0676,23.6589],[90.087,23.647],[90.1227,23.6463],[90.1227,23.6373],[90.1339,23.6443],[90.135,23.6364],[90.1388,23.6408],[90.1439,23.6364],[90.1473,23.6388],[90.1452,23.634],[90.1499,23.63],[90.1628,23.6285],[90.1609,23.6247],[90.1689,23.6187],[90.1702,23.6081],[90.1791,23.6029],[90.181,23.581],[90.1974,23.5772],[90.2057,23.5689]]]}},{"type":"Feature","id":"ADM3_Nawabganj_718336","properties":{"id":"ADM3_Nawabganj_718336","name":"Nawabganj","district":"Dinajpur"},"geometry":{"type":"Polygon","coordinates":[[[89.095,25.5504],[89.0962,25.5569],[89.0818,25.5616],[89.0763,25.5522],[89.0679,25.5517],[89.0645,25.5307],[89.0532,25.5371],[89.0522,25.5446],[89.0419,25.5395],[89.0203,25.5437],[89.0144,25.5412],[89.016,25.5373],[88.9905,25.54],[88.9875,25.5306],[88.996,25.5272],[88.9918,25.5254],[88.9905,25.5011],[88.984,25.4879],[89.0195,25.4785],[89.0207,25.4738],[89.0163,25.4725],[89.0191,25.4599],[89.033,25.4397],[89.0317,25.4055],[89.024,25.3984],[89.0359,25.3938],[89.0548,25.3978],[89.0558,25.4018],[89.0797,25.3971],[89.0706,25.384],[89.0649,25.3827],[89.0652,25.3661],[89.0461,25.3557],[89.0379,25.3294],[89.0399,25.3212],[89.0527,25.3244],[89.0764,25.3048],[89.1088,25.3064],[89.1131,25.3015],[89.1217,25.3021],[89.1207,25.2987],[89.141,25.3001],[89.1503,25.3085],[89.1514,25.3164],[89.1643,25.3214],[89.166,25.3306],[89.1762,25.3312],[89.1768,25.3382],[89.1844,25.3388],[89.1879,25.3489],[89.1966,25.3509],[89.199,25.347],[89.1988,25.3585],[89.2097,25.3645],[89.2065,25.3681],[89.2171,25.3767],[89.2021,25.3941],[89.2017,25.3892],[89.1881,25.3865],[89.1842,25.3961],[89.1765,25.3979],[89.1718,25.4052],[89.1647,25.3999],[89.1626,25.4054],[89.1518,25.4035],[89.1582,25.4037],[89.154,25.41],[89.1378,25.412],[89.1511,25.4129],[89.1519,25.4247],[89.1485,25.4339],[89.1325,25.441],[89.138,25.4469],[89.13,25.4482],[89.1299,25.4449],[89.1252,25.4517],[89.1153,25.4535],[89.1303,25.4582],[89.1216,25.4605],[89.1234,25.4688],[89.1151,25.4614],[89.1128,25.4705],[89.1046,25.4743],[89.1117,25.4811],[89.104,25.4844],[89.1082,25.4869],[89.1029,25.4897],[89.1039,25.4998],[89.1111,25.5029],[89.1069,25.5084],[89.1149,25.5062],[89.1044,25.5125],[89.1108,25.5139],[89.1039,25.5162],[89.1049,25.5339],[89.1002,25.5368],[89.1009,25.5434],[89.0935,25.5452],[89.095,25.5504]]]}},{"type":"Feature","id":"ADM3_NawabganjSadar","properties":{"id":"ADM3_NawabganjSadar","name":"Nawabganj Sadar","district":"Nawabganj"},"geometry":{"type":"Polygon","coordinates":[[[88.3969,24.604],[88.4228,24.616],[88.4175,24.6226],[88.4195,24.6331],[88.4127,24.6407],[88.3975,24.6416],[88.3928,24.6481],[88.3801,24.652],[88.3827,24.6382],[88.3733,24.6457],[88.3648,24.6399],[88.3644,24.6466],[88.3553,24.6451],[88.3537,24.6509],[88.347,24.6468],[88.3454,24.6557],[88.3544,24.6586],[88.3424,24.6715],[88.3405,24.68],[88.3311,24.6815],[88.3219,24.6927],[88.3123,24.6925],[88.2953,24.7011],[88.2949,24.7115],[88.2754,24.7142],[88.2562,24.7014],[88.2491,24.6898],[88.2579,24.6808],[88.2693,24.679],[88.2945,24.6866],[88.298,24.6804],[88.2953,24.6702],[88.2784,24.6679],[88.27,24.6612],[88.2684,24.6656],[88.2569,24.6651],[88.2496,24.6534],[88.2412,24.6581],[88.2463,24.6448],[88.2376,24.634],[88.2413,24.6261],[88.232,24.6324],[88.2251,24.63],[88.2257,24.62],[88.2182,24.6224],[88.2123,24.6128],[88.201,24.6222],[88.1902,24.6212],[88.2006,24.6141],[88.1967,24.6094],[88.1998,24.6042],[88.1936,24.6048],[88.1972,24.6001],[88.2066,24.6003],[88.2066,24.5915],[88.22,24.5984],[88.2298,24.5887],[88.2278,24.5738],[88.2149,24.5878],[88.2204,24.5759],[88.2025,24.5798],[88.1893,24.5884],[88.1847,24.585],[88.1772,24.5884],[88.1632,24.5872],[88.1586,24.5825],[88.1505,24.5871],[88.1226,24.5845],[88.1213,24.572],[88.087,24.5737],[88.1056,24.5463],[88.1495,24.5039],[88.1734,24.4931],[88.1984,24.4626],[88.2633,24.446],[88.2756,24.4378],[88.2917,24.4164],[88.3204,24.4373],[88.3275,24.4378],[88.3309,24.4476],[88.315,24.4617],[88.3052,24.4815],[88.304,24.4939],[88.3121,24.5212],[88.3005,24.5649],[88.3065,24.5641],[88.3075,24.5709],[88.3183,24.5692],[88.3325,24.5872],[88.345,24.586],[88.3594,24.6029],[88.3691,24.5945],[88.3712,24.6028],[88.3881,24.5995],[88.3969,24.604]]]}},{"type":"Feature","id":"ADM3_Nazirpur","properties":{"id":"ADM3_Nazirpur","name":"Nazirpur","district":"Pirojpur"},"geometry":{"type":"Polygon","coordinates":[[[90.0347,22.8657],[90.0184,22.871],[89.9874,22.8659],[89.967,22.8537],[89.9554,22.8535],[89.9389,22.865],[89.9438,22.8565],[89.9403,22.8454],[89.9447,22.8261],[89.9155,22.8075],[89.914,22.7998],[89.9278,22.7966],[89.9383,22.7849],[89.9216,22.7842],[89.9169,22.7772],[89.9045,22.7726],[89.9134,22.7524],[89.9314,22.7524],[89.9324,22.7256],[89.9282,22.722],[89.9027,22.7251],[89.8625,22.702],[89.8642,22.6936],[89.9021,22.6954],[89.9209,22.6916],[89.9339,22.6833],[89.9374,22.6874],[89.9536,22.6834],[89.9556,22.6914],[89.9665,22.6928],[89.9744,22.6813],[89.9652,22.6734],[89.9878,22.6692],[89.9921,22.6784],[90.0005,22.676],[90.004,22.6822],[89.996,22.6903],[89.9966,22.6962],[89.9998,22.704],[90.0095,22.705],[90.0111,22.7179],[90.0202,22.7204],[90.0303,22.7439],[90.0371,22.7479],[90.0354,22.7586],[90.0459,22.7928],[90.0426,22.7976],[90.0463,22.8093],[90.0545,22.8129],[90.0544,22.8269],[90.0277,22.8175],[90.0344,22.8387],[90.0347,22.8657]]]}},{"type":"Feature","id":"ADM3_NesarabadSwarupkati","properties":{"id":"ADM3_NesarabadSwarupkati","name":"Nesarabad (Swarupkati)","district":"Pirojpur"},"geometry":{"type":"Polygon","coordinates":[[[90.0511,22.8104],[90.0463,22.8093],[90.0426,22.7976],[90.0459,22.7928],[90.0354,22.7586],[90.0371,22.7479],[90.0303,22.7439],[90.0202,22.7204],[90.0111,22.7179],[90.0095,22.705],[89.9998,22.704],[89.996,22.6903],[90.0244,22.6651],[90.0497,22.6593],[90.0624,22.6694],[90.0716,22.6611],[90.0763,22.6628],[90.0758,22.6565],[90.0834,22.6521],[90.1382,22.6736],[90.1553,22.7048],[90.1581,22.7196],[90.1884,22.7451],[90.1772,22.7527],[90.168,22.7474],[90.1668,22.7605],[90.1517,22.7629],[90.1511,22.7573],[90.1445,22.7571],[90.1407,22.7598],[90.1414,22.7686],[90.1227,22.7706],[90.1147,22.7781],[90.099,22.7755],[90.1007,22.7821],[90.0942,22.7853],[90.0767,22.7848],[90.0682,22.8008],[90.0511,22.8104]]]}},{"type":"Feature","id":"ADM3_NetrokonaSadar","properties":{"id":"ADM3_NetrokonaSadar","name":"Netrokona Sadar","district":"Netrakona"},"geometry":{"type":"Polygon","coordinates":[[[90.8088,24.845],[90.8102,24.8523],[90.8183,24.8576],[90.8201,24.8719],[90.8122,24.8788],[90.8056,24.8715],[90.8029,24.8759],[90.8085,24.8769],[90.817,24.8984],[90.8261,24.908],[90.8251,24.9207],[90.8403,24.9203],[90.8377,24.9253],[90.8317,24.9253],[90.8333,24.9362],[90.8247,24.9485],[90.8156,24.9399],[90.8036,24.9429],[90.8016,24.9634],[90.7943,24.956],[90.7829,24.9639],[90.7742,24.9603],[90.7823,24.9708],[90.7691,24.9737],[90.7677,24.9963],[90.762,25.0011],[90.7714,25.0108],[90.7634,25.0129],[90.754,25.0269],[90.7305,25.0203],[90.7297,25.0246],[90.7215,25.0272],[90.7185,25.0217],[90.706,25.0181],[90.7052,25.0132],[90.7266,25.007],[90.7278,24.9998],[90.7028,24.9949],[90.7158,24.9805],[90.7246,24.9843],[90.7287,24.9691],[90.6947,24.9669],[90.6864,24.9626],[90.679,24.9547],[90.6857,24.9441],[90.6827,24.9315],[90.6659,24.9271],[90.6654,24.9207],[90.6539,24.9173],[90.645,24.8826],[90.6529,24.8695],[90.656,24.8419],[90.6611,24.8366],[90.6518,24.8283],[90.6467,24.8109],[90.6611,24.8126],[90.6651,24.8057],[90.6775,24.8007],[90.7081,24.8015],[90.7114,24.7972],[90.7056,24.7866],[90.7229,24.778],[90.7174,24.7681],[90.7302,24.7711],[90.7454,24.758],[90.7559,24.7576],[90.7598,24.7648],[90.7744,24.7641],[90.7786,24.7688],[90.7728,24.7802],[90.7628,24.7789],[90.7673,24.7924],[90.7853,24.7854],[90.7872,24.794],[90.7977,24.7979],[90.7955,24.805],[90.7774,24.8182],[90.7798,24.8255],[90.7948,24.8258],[90.7955,24.8371],[90.8078,24.84],[90.8088,24.845]]]}},{"type":"Feature","id":"ADM3_NewMarket","properties":{"id":"ADM3_NewMarket","name":"New Market","district":"Dhaka"},"geometry":{"type":"Polygon","coordinates":[[[90.3703,23.7325],[90.3871,23.7326],[90.3918,23.7417],[90.3705,23.7362],[90.3703,23.7325]]]}},{"type":"Feature","id":"ADM3_Niamatpur","properties":{"id":"ADM3_Niamatpur","name":"Niamatpur","district":"Naogaon"},"geometry":{"type":"Polygon","coordinates":[[[88.3845,24.8186],[88.3922,24.817],[88.4076,24.832],[88.4136,24.8317],[88.4176,24.8376],[88.4128,24.8394],[88.4201,24.8391],[88.4216,24.831],[88.4131,24.8304],[88.4147,24.8227],[88.4257,24.8251],[88.4346,24.8176],[88.4473,24.8259],[88.4408,24.8025],[88.437,24.8071],[88.43,24.7936],[88.431,24.7841],[88.4179,24.7811],[88.4191,24.7746],[88.4125,24.7734],[88.4124,24.7688],[88.4275,24.7687],[88.434,24.7773],[88.4527,24.7775],[88.473,24.7626],[88.4799,24.7732],[88.4946,24.7718],[88.4896,24.7563],[88.4949,24.7454],[88.4751,24.7472],[88.4752,24.7587],[88.4693,24.7612],[88.4587,24.759],[88.4554,24.7502],[88.4655,24.7474],[88.4626,24.732],[88.4896,24.7337],[88.4937,24.7391],[88.5117,24.7342],[88.5056,24.7186],[88.5186,24.7125],[88.5197,24.7075],[88.5273,24.7092],[88.546,24.7005],[88.5625,24.7053],[88.5716,24.7031],[88.576,24.6963],[88.5815,24.699],[88.5712,24.6816],[88.5783,24.6762],[88.591,24.686],[88.5931,24.7012],[88.5984,24.7055],[88.5971,24.7192],[88.5919,24.7251],[88.5982,24.7338],[88.6072,24.7311],[88.6189,24.7366],[88.6303,24.7517],[88.6183,24.7651],[88.6241,24.7809],[88.6195,24.7808],[88.6185,24.7875],[88.6213,24.7928],[88.6274,24.7909],[88.6272,24.7998],[88.6326,24.7971],[88.6388,24.8022],[88.6296,24.8153],[88.6314,24.8248],[88.639,24.8302],[88.6379,24.8444],[88.6549,24.8431],[88.662,24.8288],[88.6664,24.8297],[88.6642,24.8476],[88.6533,24.8558],[88.6519,24.8706],[88.6468,24.8752],[88.6522,24.8796],[88.6499,24.8851],[88.657,24.8832],[88.6567,24.8914],[88.6616,24.8948],[88.6573,24.8982],[88.663,24.9187],[88.6559,24.9235],[88.6552,24.9315],[88.6493,24.9315],[88.6512,24.9392],[88.6391,24.9411],[88.6419,24.9437],[88.6384,24.9501],[88.6275,24.9511],[88.6264,24.9442],[88.62,24.9426],[88.6074,24.946],[88.592,24.9666],[88.5907,24.977],[88.5813,24.977],[88.5844,24.9705],[88.5758,24.9721],[88.5758,24.9616],[88.5906,24.9632],[88.5881,24.9547],[88.596,24.9495],[88.5945,24.9435],[88.5845,24.9474],[88.5804,24.9362],[88.5734,24.939],[88.5691,24.9333],[88.5493,24.928],[88.5337,24.9368],[88.5328,24.948],[88.5282,24.9475],[88.5288,24.9654],[88.5221,24.9674],[88.5154,24.9636],[88.5111,24.9473],[88.5165,24.946],[88.526,24.9241],[88.514,24.9119],[88.5187,24.904],[88.4941,24.9067],[88.4859,24.9035],[88.4869,24.8911],[88.4945,24.8806],[88.4759,24.863],[88.4746,24.8445],[88.4596,24.8594],[88.4499,24.8614],[88.4461,24.8558],[88.4594,24.8484],[88.4574,24.8459],[88.4423,24.8468],[88.4363,24.8394],[88.4265,24.8421],[88.4251,24.8481],[88.4153,24.843],[88.4121,24.8479],[88.4058,24.8445],[88.4067,24.8382],[88.3964,24.836],[88.4025,24.8325],[88.4008,24.829],[88.3847,24.8304],[88.3845,24.8186]]]}},{"type":"Feature","id":"ADM3_Nikli","properties":{"id":"ADM3_Nikli","name":"Nikli","district":"Kishoreganj"},"geometry":{"type":"Polygon","coordinates":[[[91.044,24.3732],[91.0419,24.3707],[91.0351,24.3764],[91.0393,24.379],[91.0361,24.3835],[91.0214,24.3834],[91.0296,24.3977],[91.0295,24.4033],[91.0207,24.4069],[91.0248,24.4131],[91.0109,24.4088],[91.0116,24.4156],[90.9956,24.4171],[90.9995,24.4249],[90.9973,24.438],[90.9832,24.4454],[90.9787,24.4425],[90.983,24.4289],[90.9709,24.4294],[90.9733,24.4172],[90.9639,24.42],[90.9669,24.4065],[90.9598,24.3997],[90.9527,24.4045],[90.9437,24.402],[90.9566,24.3971],[90.9541,24.3877],[90.944,24.3894],[90.9362,24.3988],[90.9288,24.3984],[90.9046,24.384],[90.8996,24.3659],[90.9077,24.3653],[90.9203,24.3484],[90.9189,24.3212],[90.9106,24.3172],[90.9058,24.3074],[90.889,24.3051],[90.8965,24.3037],[90.8977,24.28],[90.8943,24.2784],[90.8901,24.2852],[90.8847,24.2824],[90.8854,24.2729],[90.8932,24.2698],[90.8954,24.2589],[90.9065,24.2575],[90.9011,24.2489],[90.9126,24.2523],[90.9303,24.2711],[90.9326,24.2645],[90.9273,24.258],[90.9565,24.2599],[90.9736,24.2552],[90.9851,24.2637],[91.0036,24.2646],[91.0072,24.2741],[90.9968,24.2801],[91.009,24.2888],[91.015,24.2843],[91.0163,24.3048],[91.0062,24.3075],[91.0153,24.3167],[91.015,24.3222],[91.0048,24.3384],[90.9877,24.3415],[91.0009,24.3631],[91.028,24.3506],[91.0312,24.3634],[91.0399,24.3645],[91.044,24.3732]]]}},{"type":"Feature","id":"ADM3_NilphamariSadar","properties":{"id":"ADM3_NilphamariSadar","name":"Nilphamari Sadar","district":"Nilphamari"},"geometry":{"type":"Polygon","coordinates":[[[88.735,26.0147],[88.7375,25.9976],[88.7482,25.9773],[88.7437,25.965],[88.7515,25.9474],[88.7445,25.9382],[88.7551,25.931],[88.7595,25.939],[88.7786,25.9349],[88.8012,25.9224],[88.8015,25.9005],[88.816,25.8772],[88.8201,25.8555],[88.8277,25.8538],[88.8225,25.8406],[88.8274,25.8326],[88.8276,25.8132],[88.8422,25.8126],[88.8463,25.8054],[88.8485,25.8123],[88.8564,25.8106],[88.8569,25.8173],[88.8713,25.8154],[88.8815,25.822],[88.8791,25.8316],[88.8866,25.843],[88.9017,25.8463],[88.9111,25.8429],[88.9114,25.8386],[88.9173,25.8425],[88.9143,25.8495],[88.9269,25.8503],[88.9278,25.8611],[88.9479,25.8538],[88.9523,25.8595],[88.9589,25.8583],[88.9488,25.8706],[88.956,25.8792],[88.9514,25.8827],[88.9593,25.8996],[88.9629,25.9305],[88.978,25.9417],[88.9724,25.9428],[88.9767,25.9458],[88.9716,25.9464],[88.972,25.9556],[88.9597,25.9673],[88.954,25.9702],[88.9458,25.9651],[88.9461,25.9593],[88.9239,25.9819],[88.9105,25.9862],[88.9119,25.9958],[88.9013,26.0025],[88.8953,25.999],[88.8952,26.0028],[88.8895,26.0021],[88.8909,26.0188],[88.8792,26.0254],[88.8848,26.0358],[88.8733,26.0404],[88.8819,26.0431],[88.8808,26.0525],[88.8648,26.0523],[88.8593,26.0592],[88.8553,26.0511],[88.8377,26.0448],[88.8484,26.0405],[88.8337,26.0357],[88.823,26.0414],[88.8247,26.0307],[88.819,26.0294],[88.8024,26.0437],[88.7924,26.0448],[88.7829,26.0561],[88.7746,26.0548],[88.7622,26.0423],[88.7612,26.0339],[88.7577,26.0363],[88.759,26.0248],[88.7447,26.0248],[88.735,26.0147]]]}},{"type":"Feature","id":"ADM3_NoakhaliSadarSudharam","properties":{"id":"ADM3_NoakhaliSadarSudharam","name":"Noakhali Sadar (Sudharam)","district":"Noakhali"},"geometry":{"type":"Polygon","coordinates":[[[90.9854,22.882],[90.9859,22.8771],[90.9762,22.8743],[90.9691,22.8647],[90.9565,22.8661],[90.9548,22.8591],[90.9429,22.8622],[90.9395,22.8563],[90.9454,22.8377],[90.9399,22.8381],[90.9386,22.8299],[90.9319,22.8283],[90.9267,22.8139],[90.911,22.8158],[90.89,22.811],[90.9504,22.7775],[90.9813,22.754],[90.9815,22.7486],[91.0099,22.7504],[91.0178,22.7396],[91.0269,22.7411],[91.0614,22.7289],[91.0663,22.7215],[91.0862,22.7314],[91.1329,22.723],[91.1437,22.6933],[91.1587,22.6784],[91.1941,22.7487],[91.1909,22.7566],[91.1734,22.7616],[91.1618,22.7749],[91.1352,22.7926],[91.1354,22.8013],[91.1405,22.7969],[91.141,22.809],[91.1445,22.81],[91.1447,22.8296],[91.1475,22.8334],[91.1562,22.8296],[91.1521,22.8411],[91.156,22.8468],[91.1473,22.8563],[91.1534,22.8602],[91.169,22.8555],[91.163,22.8811],[91.1421,22.8847],[91.1162,22.8805],[91.1069,22.8902],[91.0944,22.8861],[91.083,22.8876],[91.0812,22.8918],[91.0741,22.8885],[91.0746,22.8804],[91.0691,22.8817],[91.0696,22.8731],[91.0608,22.8805],[91.0568,22.8759],[91.0549,22.8794],[91.0436,22.8766],[91.0411,22.8809],[91.0283,22.874],[91.0228,22.8796],[91.0169,22.874],[91.006,22.8748],[90.9981,22.882],[90.9854,22.882]]]}},{"type":"Feature","id":"ADM3_Paba","properties":{"id":"ADM3_Paba","name":"Paba","district":"Rajshahi"},"geometry":{"type":"Polygon","coordinates":[[[88.7046,24.3566],[88.7056,24.3634],[88.7012,24.3616],[88.6995,24.367],[88.6998,24.3828],[88.7077,24.3817],[88.7025,24.3867],[88.7119,24.4035],[88.7112,24.4075],[88.7009,24.4094],[88.707,24.4156],[88.7053,24.4275],[88.697,24.4281],[88.6935,24.4337],[88.6965,24.4449],[88.6865,24.4509],[88.6646,24.4492],[88.6731,24.4748],[88.6784,24.477],[88.6742,24.5018],[88.6789,24.5044],[88.6816,24.4958],[88.6877,24.5021],[88.6867,24.5087],[88.6793,24.5077],[88.6731,24.5132],[88.6631,24.5024],[88.6458,24.4966],[88.6419,24.4765],[88.6294,24.4848],[88.606,24.4825],[88.603,24.4892],[88.5815,24.4903],[88.5752,24.4981],[88.5708,24.4895],[88.5617,24.491],[88.5607,24.4974],[88.5537,24.4955],[88.5568,24.4886],[88.542,24.4847],[88.5401,24.4933],[88.533,24.4944],[88.5314,24.4889],[88.5218,24.4875],[88.5141,24.4923],[88.5152,24.5023],[88.5084,24.5032],[88.5057,24.4957],[88.5098,24.4828],[88.5211,24.475],[88.5067,24.4727],[88.5145,24.4665],[88.5117,24.4627],[88.5197,24.4604],[88.5282,24.4641],[88.5343,24.4598],[88.5295,24.4551],[88.5324,24.4345],[88.5255,24.4345],[88.5213,24.4289],[88.5167,24.4323],[88.514,24.428],[88.5217,24.4049],[88.5123,24.3995],[88.5098,24.3864],[88.4839,24.3929],[88.4786,24.385],[88.4798,24.3759],[88.4719,24.3724],[88.47,24.3641],[88.4959,24.3545],[88.5079,24.3426],[88.5271,24.3445],[88.5551,24.2934],[88.5676,24.3267],[88.5871,24.3242],[88.588,24.312],[88.6061,24.3104],[88.6067,24.3153],[88.6237,24.3156],[88.6285,24.3052],[88.6489,24.3111],[88.6525,24.3052],[88.6589,24.3145],[88.6754,24.3152],[88.6684,24.3413],[88.672,24.35],[88.6661,24.3517],[88.6711,24.3566],[88.6668,24.3623],[88.6855,24.3546],[88.7046,24.3566]],[[88.6515,24.389],[88.6532,24.3929],[88.661,24.3762],[88.669,24.3741],[88.6631,24.3717],[88.6651,24.3658],[88.654,24.3612],[88.6502,24.3502],[88.5893,24.3633],[88.5492,24.3619],[88.555,24.3758],[88.5428,24.3824],[88.5493,24.3852],[88.5555,24.3973],[88.5689,24.3956],[88.571,24.3826],[88.5932,24.3936],[88.5949,24.3969],[88.5895,24.3989],[88.592,24.4157],[88.6274,24.4112],[88.6267,24.3966],[88.6187,24.3899],[88.624,24.3857],[88.6283,24.3846],[88.6342,24.3915],[88.6515,24.389]]]}},{"type":"Feature","id":"ADM3_PabnaSadar","properties":{"id":"ADM3_PabnaSadar","name":"Pabna Sadar","district":"Pabna"},"geometry":{"type":"Polygon","coordinates":[[[89.1904,24.0898],[89.1737,24.0872],[89.1703,24.0796],[89.1669,24.0814],[89.1606,24.0747],[89.1379,24.0733],[89.1384,24.0421],[89.1433,24.0327],[89.1407,24.0197],[89.1439,24.0202],[89.14,23.9878],[89.1519,23.9501],[89.1703,23.9511],[89.1787,23.9608],[89.1777,23.9874],[89.2164,23.9884],[89.2165,23.9715],[89.2301,23.976],[89.237,23.9729],[89.2365,23.944],[89.2513,23.9338],[89.2549,23.9182],[89.2625,23.9097],[89.2586,23.8847],[89.2649,23.878],[89.271,23.8765],[89.2735,23.9013],[89.2791,23.9061],[89.2837,23.8971],[89.3039,23.8888],[89.3112,23.875],[89.3316,23.8798],[89.3471,23.8892],[89.3543,23.8834],[89.3569,23.898],[89.3596,23.8918],[89.3651,23.8947],[89.3646,23.9107],[89.3796,23.9088],[89.4078,23.9485],[89.4078,23.9703],[89.4012,23.9837],[89.4089,23.9946],[89.404,24.0008],[89.414,24.0013],[89.4194,24.0131],[89.4138,24.0209],[89.4093,24.02],[89.4031,24.041],[89.389,24.0522],[89.3853,24.0404],[89.3799,24.0398],[89.3759,24.0533],[89.3593,24.0481],[89.3339,24.068],[89.3111,24.0511],[89.305,24.0642],[89.2906,24.0656],[89.2858,24.0605],[89.2835,24.0692],[89.2656,24.0788],[89.2192,24.0801],[89.2151,24.0837],[89.2174,24.0904],[89.2098,24.0858],[89.2097,24.0927],[89.2038,24.0942],[89.1904,24.0898]]]}},{"type":"Feature","id":"ADM3_Pahartali","properties":{"id":"ADM3_Pahartali","name":"Pahartali","district":"Chittagong"},"geometry":{"type":"Polygon","coordinates":[[[91.8024,22.3493],[91.7757,22.3751],[91.7482,22.3667],[91.755,22.3477],[91.7547,22.3522],[91.7766,22.3522],[91.7858,22.3503],[91.7876,22.344],[91.8024,22.3493]]]}},{"type":"Feature","id":"ADM3_Paikgachha","properties":{"id":"ADM3_Paikgachha","name":"Paikgachha","district":"Khulna"},"geometry":{"type":"Polygon","coordinates":[[[89.2575,22.4944],[89.2791,22.5039],[89.2947,22.5032],[89.3033,22.5133],[89.3256,22.5222],[89.33,22.5167],[89.3279,22.5033],[89.3533,22.4943],[89.3413,22.4776],[89.3428,22.4709],[89.3532,22.4778],[89.3915,22.4656],[89.3947,22.4761],[89.4055,22.4794],[89.423,22.4767],[89.4207,22.4989],[89.4084,22.5216],[89.4244,22.5498],[89.4014,22.5761],[89.44,22.6029],[89.4616,22.63],[89.4361,22.6475],[89.4072,22.6444],[89.4011,22.6737],[89.3789,22.6774],[89.3741,22.6864],[89.3548,22.6948],[89.3535,22.7047],[89.3393,22.7154],[89.3213,22.7135],[89.3109,22.7177],[89.3057,22.7138],[89.3045,22.7039],[89.3095,22.695],[89.3004,22.683],[89.2864,22.6971],[89.2683,22.7008],[89.2603,22.718],[89.2623,22.6688],[89.3017,22.647],[89.2764,22.6314],[89.2905,22.6241],[89.2876,22.6207],[89.2635,22.6321],[89.2658,22.6457],[89.2596,22.6582],[89.2514,22.6577],[89.2432,22.6378],[89.2601,22.6224],[89.2451,22.6181],[89.2433,22.6102],[89.265,22.6007],[89.2588,22.5725],[89.242,22.5677],[89.2342,22.5518],[89.2482,22.53],[89.2575,22.4944]]]}},{"type":"Feature","id":"ADM3_Pakundia","properties":{"id":"ADM3_Pakundia","name":"Pakundia","district":"Kishoreganj"},"geometry":{"type":"Polygon","coordinates":[[[90.6493,24.258],[90.6715,24.2457],[90.7125,24.2364],[90.7185,24.2381],[90.7266,24.2523],[90.7199,24.2635],[90.7227,24.2709],[90.7313,24.2732],[90.7389,24.2834],[90.7476,24.2786],[90.7619,24.2875],[90.7585,24.2907],[90.7649,24.3026],[90.7642,24.3441],[90.7503,24.3438],[90.7383,24.3549],[90.7402,24.3712],[90.7328,24.3838],[90.726,24.384],[90.7151,24.3747],[90.7129,24.383],[90.7182,24.3919],[90.7101,24.3878],[90.6758,24.3943],[90.6674,24.3892],[90.6602,24.3939],[90.6501,24.3895],[90.6413,24.3945],[90.6321,24.3589],[90.6179,24.3389],[90.6254,24.3349],[90.6408,24.3065],[90.6431,24.2796],[90.651,24.2692],[90.6493,24.258]]]}},{"type":"Feature","id":"ADM3_Palash","properties":{"id":"ADM3_Palash","name":"Palash","district":"Narsingdi"},"geometry":{"type":"Polygon","coordinates":[[[90.5707,23.895],[90.589,23.8885],[90.5945,23.8816],[90.5994,23.882],[90.6031,23.8898],[90.607,23.8833],[90.6128,23.8876],[90.6094,23.8965],[90.6158,23.8984],[90.6147,23.9048],[90.6254,23.9071],[90.6254,23.9148],[90.6459,23.9153],[90.6475,23.9205],[90.6591,23.9145],[90.6641,23.9241],[90.6674,23.921],[90.6712,23.9268],[90.6757,23.9207],[90.69,23.9363],[90.7076,23.9467],[90.7135,23.9693],[90.7116,23.9897],[90.7207,23.995],[90.7089,23.9991],[90.7015,23.9927],[90.7001,23.9761],[90.6829,23.9772],[90.6753,23.9909],[90.6957,24.0048],[90.6952,24.0109],[90.684,24.0149],[90.6744,24.0084],[90.6702,24.0106],[90.6628,24.0327],[90.646,24.0518],[90.657,24.0266],[90.658,24.0135],[90.6388,24.0037],[90.6301,23.9795],[90.6181,23.9684],[90.6141,23.9281],[90.5954,23.9152],[90.576,23.9166],[90.5604,23.9111],[90.5707,23.895]]]}},{"type":"Feature","id":"ADM3_Palashbari","properties":{"id":"ADM3_Palashbari","name":"Palashbari","district":"Gaibandha"},"geometry":{"type":"Polygon","coordinates":[[[89.433,25.3069],[89.4209,25.2997],[89.3968,25.3108],[89.3875,25.3006],[89.3662,25.3056],[89.3616,25.302],[89.3631,25.2969],[89.3549,25.2924],[89.3435,25.3074],[89.3347,25.301],[89.2684,25.3005],[89.2658,25.2951],[89.2734,25.2918],[89.2559,25.2852],[89.2666,25.2801],[89.2746,25.2684],[89.2725,25.2652],[89.2871,25.2573],[89.2977,25.2311],[89.3206,25.227],[89.3196,25.2227],[89.3345,25.2124],[89.3437,25.2108],[89.3464,25.2209],[89.3612,25.2127],[89.3631,25.2155],[89.3551,25.2267],[89.3604,25.2343],[89.3476,25.2541],[89.3537,25.2487],[89.3672,25.2506],[89.3633,25.2415],[89.3745,25.2359],[89.3741,25.2247],[89.3811,25.2261],[89.3814,25.2308],[89.3873,25.2286],[89.3977,25.238],[89.404,25.2381],[89.4065,25.2295],[89.4259,25.2308],[89.4217,25.24],[89.4301,25.245],[89.4261,25.2503],[89.4337,25.2468],[89.437,25.2534],[89.4409,25.2429],[89.4801,25.2436],[89.4801,25.2323],[89.4709,25.2276],[89.4869,25.2248],[89.4904,25.2311],[89.4862,25.2081],[89.4963,25.2091],[89.5037,25.1976],[89.5136,25.1934],[89.513,25.1868],[89.527,25.196],[89.5237,25.2211],[89.5191,25.2241],[89.5136,25.2205],[89.5174,25.2414],[89.5131,25.2493],[89.5227,25.2501],[89.5196,25.2537],[89.5296,25.258],[89.5231,25.26],[89.5309,25.2621],[89.529,25.2649],[89.5254,25.2609],[89.5247,25.2723],[89.5087,25.2745],[89.5072,25.2666],[89.4945,25.2779],[89.4845,25.2745],[89.4836,25.278],[89.4804,25.2728],[89.472,25.2763],[89.4804,25.2861],[89.4719,25.2881],[89.4796,25.2953],[89.4683,25.2987],[89.4768,25.3039],[89.4702,25.3138],[89.433,25.3069]]]}},{"type":"Feature","id":"ADM3_Pallabi","properties":{"id":"ADM3_Pallabi","name":"Pallabi","district":"Dhaka"},"geometry":{"type":"Polygon","coordinates":[[[90.3872,23.8417],[90.3814,23.8363],[90.3838,23.8248],[90.3776,23.8229],[90.3776,23.8298],[90.3667,23.8368],[90.3635,23.8484],[90.3533,23.8454],[90.3545,23.807],[90.3676,23.8105],[90.3746,23.8062],[90.383,23.8117],[90.3829,23.8208],[90.3935,23.8269],[90.3872,23.8417]]]}},{"type":"Feature","id":"ADM3_Paltan","properties":{"id":"ADM3_Paltan","name":"Paltan","district":"Dhaka"},"geometry":{"type":"Polygon","coordinates":[[[90.4143,23.7442],[90.4088,23.7375],[90.4139,23.7226],[90.4199,23.7399],[90.4143,23.7442]]]}},{"type":"Feature","id":"ADM3_PanchagarhSadar","properties":{"id":"ADM3_PanchagarhSadar","name":"Panchagarh Sadar","district":"Panchagarh"},"geometry":{"type":"Polygon","coordinates":[[[88.4757,26.2773],[88.4846,26.2696],[88.4917,26.2728],[88.502,26.2642],[88.5316,26.2711],[88.5204,26.279],[88.5252,26.2856],[88.5368,26.2855],[88.5486,26.2967],[88.5568,26.2937],[88.5563,26.3003],[88.5623,26.3013],[88.5693,26.3126],[88.5853,26.3125],[88.5919,26.3211],[88.5979,26.3186],[88.5969,26.3059],[88.6033,26.3108],[88.6157,26.3069],[88.638,26.3207],[88.6434,26.3098],[88.6549,26.3136],[88.6523,26.3219],[88.6564,26.3182],[88.6632,26.3208],[88.6645,26.3153],[88.6573,26.3121],[88.6576,26.3013],[88.6746,26.3003],[88.6871,26.2878],[88.6815,26.2872],[88.6827,26.2835],[88.6954,26.2828],[88.7094,26.2889],[88.6847,26.2952],[88.6846,26.3015],[88.6782,26.3044],[88.6825,26.3126],[88.6752,26.3114],[88.6751,26.3202],[88.6957,26.3288],[88.6898,26.3234],[88.6932,26.3141],[88.715,26.3181],[88.7192,26.3123],[88.7312,26.3185],[88.7306,26.3238],[88.7465,26.3225],[88.7487,26.332],[88.7338,26.3286],[88.744,26.3386],[88.7452,26.348],[88.7332,26.3539],[88.7359,26.3481],[88.7296,26.3481],[88.7261,26.3414],[88.7128,26.3437],[88.7101,26.3348],[88.7027,26.3345],[88.7039,26.342],[88.6985,26.3412],[88.694,26.3469],[88.6985,26.3569],[88.6915,26.36],[88.6962,26.362],[88.6891,26.3638],[88.6866,26.3789],[88.681,26.3802],[88.7022,26.3886],[88.6874,26.3869],[88.6885,26.396],[88.6781,26.3935],[88.6703,26.3978],[88.6874,26.4011],[88.6857,26.4127],[88.6804,26.4138],[88.6817,26.408],[88.6795,26.4117],[88.6779,26.4078],[88.6677,26.4073],[88.6604,26.4164],[88.6444,26.4188],[88.651,26.4218],[88.6498,26.4297],[88.6237,26.4349],[88.6282,26.4411],[88.6229,26.4712],[88.594,26.4708],[88.5946,26.4523],[88.5903,26.4489],[88.5829,26.4557],[88.5584,26.4581],[88.5628,26.4592],[88.5593,26.4643],[88.5627,26.4665],[88.5578,26.4667],[88.5601,26.4726],[88.5523,26.4756],[88.5565,26.4849],[88.5265,26.4815],[88.5242,26.4849],[88.5279,26.4862],[88.5229,26.487],[88.5136,26.4836],[88.5116,26.4723],[88.528,26.4714],[88.533,26.4654],[88.5317,26.4563],[88.5257,26.4563],[88.5224,26.4622],[88.5181,26.4568],[88.5212,26.4518],[88.5042,26.446],[88.5118,26.4422],[88.5207,26.4465],[88.5248,26.4371],[88.5213,26.4279],[88.5283,26.4234],[88.5175,26.4194],[88.5186,26.4231],[88.5094,26.4227],[88.5047,26.4184],[88.5094,26.4143],[88.5102,26.4023],[88.5048,26.399],[88.514,26.3873],[88.5191,26.3901],[88.5138,26.3754],[88.5173,26.3707],[88.5248,26.3747],[88.5222,26.3672],[88.5153,26.3651],[88.5224,26.3626],[88.5185,26.3519],[88.5038,26.3496],[88.5086,26.3616],[88.5057,26.3637],[88.4883,26.3604],[88.4919,26.3515],[88.4884,26.3489],[88.48,26.3533],[88.4529,26.3488],[88.4509,26.3412],[88.4339,26.3251],[88.4396,26.3135],[88.4435,26.3163],[88.4571,26.3122],[88.4657,26.3024],[88.483,26.2971],[88.4849,26.2893],[88.4757,26.2773]]]}},{"type":"Feature","id":"ADM3_Panchbibi","properties":{"id":"ADM3_Panchbibi","name":"Panchbibi","district":"Joypurhat"},"geometry":{"type":"Polygon","coordinates":[[[89.1388,25.255],[89.1402,25.2467],[89.1298,25.2443],[89.1229,25.253],[89.1177,25.2419],[89.0968,25.2406],[89.0704,25.2698],[89.0597,25.2609],[89.0276,25.2776],[89.0277,25.2719],[89.0187,25.2657],[89.0078,25.2677],[89.0076,25.2637],[89.0052,25.2691],[88.9868,25.2746],[88.9822,25.265],[88.9562,25.2552],[88.9506,25.2441],[88.9617,25.2092],[88.9388,25.2063],[88.941,25.2019],[88.9611,25.1982],[88.9616,25.1892],[88.9684,25.1821],[88.9767,25.1849],[88.9706,25.1766],[88.9717,25.1685],[88.9811,25.1651],[88.9788,25.1581],[88.9873,25.1579],[88.9895,25.1312],[88.9933,25.1293],[89.0159,25.1259],[89.0154,25.1417],[89.0272,25.1556],[89.0434,25.1455],[89.0744,25.1501],[89.0792,25.145],[89.0831,25.1502],[89.0839,25.1438],[89.0954,25.1433],[89.0906,25.1305],[89.0997,25.1268],[89.0988,25.1318],[89.1089,25.1335],[89.1143,25.1412],[89.1161,25.1372],[89.1256,25.1371],[89.1293,25.146],[89.1413,25.1362],[89.1464,25.139],[89.161,25.1342],[89.1582,25.1466],[89.1639,25.1462],[89.1642,25.1662],[89.1874,25.1658],[89.1881,25.1739],[89.1965,25.1786],[89.1838,25.187],[89.1924,25.1938],[89.1946,25.2169],[89.2046,25.2285],[89.1964,25.2308],[89.1956,25.24],[89.1747,25.2345],[89.1733,25.2399],[89.156,25.2471],[89.1615,25.2502],[89.1592,25.2529],[89.1388,25.255]]]}},{"type":"Feature","id":"ADM3_Panchhari","properties":{"id":"ADM3_Panchhari","name":"Panchhari","district":"Khagrachhari"},"geometry":{"type":"Polygon","coordinates":[[[91.9534,23.4743],[91.9478,23.4668],[91.9366,23.4665],[91.9427,23.4352],[91.924,23.4338],[91.9184,23.4397],[91.9093,23.4367],[91.8996,23.4407],[91.8952,23.4315],[91.8873,23.4331],[91.8869,23.427],[91.8764,23.4224],[91.8736,23.4142],[91.8605,23.4053],[91.845,23.4048],[91.8407,23.399],[91.8419,23.3885],[91.8362,23.3866],[91.8376,23.3709],[91.8256,23.3633],[91.8221,23.3515],[91.8346,23.3052],[91.8365,23.2418],[91.8411,23.2233],[91.8499,23.2099],[91.8929,23.1716],[91.9134,23.1889],[91.9259,23.2231],[91.9538,23.2283],[91.9993,23.2677],[91.9741,23.4321],[91.9534,23.4743]]]}},{"type":"Feature","id":"ADM3_Panchlaish","properties":{"id":"ADM3_Panchlaish","name":"Panchlaish","district":"Chittagong"},"geometry":{"type":"Polygon","coordinates":[[[91.8146,22.3738],[91.823,22.3663],[91.8217,22.3594],[91.8314,22.3636],[91.8451,22.3618],[91.8402,22.3723],[91.8431,22.38],[91.8289,22.382],[91.8226,22.3928],[91.8188,22.3915],[91.8195,22.3798],[91.8116,22.3786],[91.8146,22.3738]]]}},{"type":"Feature","id":"ADM3_Pangsha","properties":{"id":"ADM3_Pangsha","name":"Pangsha","district":"Rajbari"},"geometry":{"type":"Polygon","coordinates":[[[89.4901,23.8308],[89.4626,23.8427],[89.4089,23.8817],[89.3903,23.9048],[89.3646,23.9107],[89.3651,23.8947],[89.3596,23.8918],[89.3569,23.898],[89.3554,23.8859],[89.3608,23.8828],[89.3582,23.875],[89.3632,23.8701],[89.3515,23.8606],[89.3513,23.8411],[89.3365,23.8287],[89.3368,23.819],[89.327,23.7953],[89.3302,23.7785],[89.3111,23.7762],[89.3104,23.7685],[89.3231,23.7664],[89.3158,23.748],[89.3062,23.7452],[89.2982,23.736],[89.311,23.7311],[89.3116,23.7192],[89.3225,23.7132],[89.3217,23.7028],[89.348,23.6828],[89.3491,23.6711],[89.3752,23.6647],[89.3809,23.6727],[89.3626,23.6762],[89.3638,23.6885],[89.3698,23.6921],[89.3677,23.6981],[89.3768,23.6994],[89.378,23.7052],[89.3873,23.7084],[89.3976,23.7018],[89.407,23.7109],[89.4104,23.6982],[89.4268,23.7036],[89.4285,23.6994],[89.4304,23.7069],[89.4255,23.7129],[89.4318,23.7129],[89.4378,23.7212],[89.4427,23.7186],[89.4485,23.7257],[89.4478,23.7501],[89.4208,23.758],[89.4233,23.7656],[89.4383,23.7762],[89.4361,23.7912],[89.44,23.8019],[89.4355,23.8073],[89.4595,23.8092],[89.4797,23.7991],[89.4829,23.809],[89.4768,23.8103],[89.4901,23.8308]]]}},{"type":"Feature","id":"ADM3_Parbatipur","properties":{"id":"ADM3_Parbatipur","name":"Parbatipur","district":"Dinajpur"},"geometry":{"type":"Polygon","coordinates":[[[88.9411,25.7343],[88.9352,25.7311],[88.925,25.7408],[88.9161,25.7387],[88.9091,25.7457],[88.9049,25.7378],[88.9158,25.7355],[88.8976,25.7353],[88.8916,25.7418],[88.8898,25.7708],[88.867,25.7711],[88.8587,25.7763],[88.8631,25.759],[88.8768,25.7499],[88.8797,25.743],[88.8645,25.7298],[88.8545,25.7312],[88.8426,25.7155],[88.8399,25.706],[88.8441,25.6936],[88.834,25.6932],[88.8385,25.6799],[88.8284,25.6714],[88.8274,25.6578],[88.8201,25.6556],[88.8259,25.6501],[88.8201,25.648],[88.819,25.6417],[88.8273,25.6348],[88.8207,25.6282],[88.8203,25.6156],[88.8312,25.606],[88.8262,25.593],[88.8325,25.5797],[88.8347,25.5579],[88.8431,25.5436],[88.8423,25.5367],[88.846,25.5408],[88.8531,25.5343],[88.8409,25.5344],[88.836,25.5226],[88.8453,25.5227],[88.8572,25.513],[88.8627,25.5159],[88.863,25.5106],[88.8694,25.5132],[88.8704,25.5205],[88.8927,25.5208],[88.8956,25.5271],[88.889,25.5388],[88.9043,25.544],[88.9016,25.548],[88.8937,25.5445],[88.8906,25.5515],[88.8998,25.5556],[88.9016,25.5632],[88.908,25.5634],[88.9293,25.5507],[88.932,25.538],[88.9379,25.5394],[88.933,25.5526],[88.9357,25.5571],[88.9557,25.5501],[88.9583,25.5411],[88.9532,25.5376],[88.9577,25.5363],[88.9602,25.5171],[88.9721,25.5094],[88.986,25.508],[88.9905,25.5011],[88.9918,25.5254],[88.996,25.5272],[88.9875,25.5306],[88.9905,25.54],[89.016,25.5373],[89.0144,25.5412],[89.0203,25.5437],[89.0419,25.5395],[89.0522,25.5446],[89.0532,25.5371],[89.0645,25.5307],[89.0679,25.5517],[89.0763,25.5522],[89.0818,25.5616],[89.0962,25.5569],[89.0973,25.5507],[89.1032,25.5702],[89.0984,25.5675],[89.078,25.5773],[89.0767,25.5843],[89.0609,25.5883],[89.0447,25.5838],[89.0448,25.5981],[89.0384,25.6039],[89.016,25.6025],[89.0107,25.6187],[88.9992,25.6198],[89.0021,25.6217],[88.9983,25.6309],[89.0028,25.634],[88.9913,25.6422],[89.0017,25.6499],[88.9979,25.6581],[88.9763,25.658],[88.9734,25.6617],[88.9777,25.6705],[88.9677,25.6723],[88.9644,25.683],[88.9553,25.6785],[88.9394,25.6851],[88.942,25.6914],[88.9303,25.712],[88.9317,25.7218],[88.9462,25.727],[88.9411,25.7343]]]}},{"type":"Feature","id":"ADM3_Parshuram","properties":{"id":"ADM3_Parshuram","name":"Parshuram","district":"Feni"},"geometry":{"type":"Polygon","coordinates":[[[91.3846,23.1753],[91.401,23.1828],[91.4026,23.1632],[91.404,23.1676],[91.4178,23.1722],[91.4407,23.1757],[91.4459,23.1622],[91.4406,23.1537],[91.4526,23.1463],[91.4506,23.1402],[91.4591,23.1384],[91.461,23.1292],[91.4822,23.1352],[91.4859,23.1537],[91.4982,23.1718],[91.4923,23.1721],[91.4917,23.1777],[91.5067,23.1801],[91.5075,23.1838],[91.501,23.1854],[91.5031,23.1922],[91.4921,23.189],[91.4884,23.1923],[91.4849,23.1883],[91.4707,23.1966],[91.4824,23.1986],[91.4844,23.2093],[91.4753,23.2205],[91.4586,23.2134],[91.4505,23.2196],[91.4702,23.2278],[91.4578,23.2461],[91.4485,23.2439],[91.4541,23.2605],[91.4313,23.2626],[91.4248,23.2582],[91.4211,23.2619],[91.4183,23.2556],[91.4153,23.2634],[91.4196,23.2734],[91.4156,23.2829],[91.4088,23.2853],[91.4112,23.2558],[91.4055,23.2567],[91.4003,23.2658],[91.3972,23.2564],[91.4087,23.2478],[91.3925,23.246],[91.4008,23.2292],[91.3864,23.2277],[91.3921,23.2202],[91.3807,23.2086],[91.3877,23.208],[91.3799,23.1846],[91.3846,23.1753]]]}},{"type":"Feature","id":"ADM3_Patenga","properties":{"id":"ADM3_Patenga","name":"Patenga","district":"Chittagong"},"geometry":{"type":"Polygon","coordinates":[[[91.7664,22.3056],[91.7656,22.2723],[91.8001,22.2259],[91.8234,22.2432],[91.8331,22.2621],[91.7964,22.2815],[91.7855,22.2787],[91.7772,22.3056],[91.7664,22.3056]]]}},{"type":"Feature","id":"ADM3_Patgram","properties":{"id":"ADM3_Patgram","name":"Patgram","district":"Lalmonirhat"},"geometry":{"type":"MultiPolygon","coordinates":[[[[89.1809,26.2452],[89.1776,26.2447],[89.1803,26.2393],[89.1872,26.2432],[89.1809,26.2452]]],[[[89.0125,26.2658],[89.0044,26.2655],[89.004,26.2556],[89.0011,26.2632],[88.9989,26.253],[89.0057,26.2499],[89.0125,26.2658]]],[[[89.142,26.2695],[89.1358,26.2712],[89.1333,26.262],[89.1379,26.2511],[89.1455,26.2475],[89.1426,26.2418],[89.1564,26.2379],[89.1526,26.2456],[89.1598,26.2508],[89.1632,26.2393],[89.1578,26.2348],[89.1709,26.2403],[89.1663,26.2516],[89.1706,26.2554],[89.1674,26.2593],[89.1739,26.2571],[89.1716,26.2633],[89.168,26.2607],[89.1639,26.2669],[89.1532,26.266],[89.1504,26.2497],[89.1488,26.2552],[89.1401,26.2552],[89.1399,26.2621],[89.1475,26.2623],[89.142,26.2695]]],[[[89.0277,26.2733],[89.0224,26.2712],[89.0237,26.2663],[89.0328,26.2563],[89.0368,26.2643],[89.0277,26.2733]]],[[[89.0004,26.2775],[89.0001,26.2837],[88.9929,26.2801],[89.0004,26.2775]]],[[[89.1149,26.2849],[89.112,26.2762],[89.1187,26.2812],[89.1149,26.2849]]],[[[89.1302,26.2928],[89.1294,26.2918],[89.1316,26.2912],[89.1316,26.2927],[89.1302,26.2928]]],[[[89.1329,26.2948],[89.1349,26.2958],[89.1345,26.298],[89.131,26.2967],[89.1329,26.2948]]],[[[89.147,26.3018],[89.1465,26.3044],[89.1438,26.3027],[89.1438,26.3017],[89.147,26.3018]]],[[[88.9278,26.3355],[88.9213,26.3355],[88.9238,26.3275],[88.9181,26.3257],[88.9307,26.3074],[88.9235,26.2979],[88.9254,26.294],[88.9434,26.2868],[88.9545,26.2747],[88.9761,26.2781],[88.9752,26.2841],[88.9815,26.2831],[88.9836,26.2996],[88.9608,26.295],[88.9639,26.3041],[88.9534,26.3036],[88.9565,26.3091],[88.949,26.3185],[88.9376,26.313],[88.9355,26.3213],[88.9422,26.3232],[88.9417,26.3309],[88.9384,26.335],[88.9278,26.3318],[88.9278,26.3355]]],[[[88.9413,26.3552],[88.9381,26.3547],[88.9386,26.3509],[88.9426,26.3525],[88.9413,26.3552]]],[[[89.076,26.4012],[89.075,26.4056],[89.0724,26.4012],[89.076,26.4012]]],[[[89.0687,26.4017],[89.0671,26.4061],[89.066,26.4019],[89.0687,26.4017]]],[[[89.0581,26.4012],[89.0593,26.4043],[89.056,26.4079],[89.0542,26.4075],[89.0558,26.4017],[89.0581,26.4012]]],[[[89.1269,26.2489],[89.1198,26.2527],[89.1252,26.2636],[89.106,26.274],[89.106,26.2812],[89.1001,26.2796],[89.1073,26.2993],[89.0992,26.3041],[89.106,26.3158],[89.1219,26.2876],[89.1324,26.2988],[89.1274,26.3017],[89.1313,26.301],[89.1305,26.3053],[89.1252,26.3054],[89.1359,26.3075],[89.1348,26.3132],[89.1295,26.3131],[89.136,26.3147],[89.1358,26.3213],[89.1127,26.3185],[89.11,26.3254],[89.1005,26.3234],[89.0967,26.3293],[89.0919,26.3204],[89.0837,26.3223],[89.1013,26.3366],[89.0933,26.353],[89.0983,26.359],[89.0797,26.3629],[89.0799,26.3668],[89.0884,26.3658],[89.09,26.3855],[89.0957,26.3915],[89.0813,26.3903],[89.0873,26.3978],[89.0753,26.3961],[89.0737,26.3913],[89.0748,26.3961],[89.0672,26.4001],[89.0644,26.3967],[89.063,26.4008],[89.0578,26.3955],[89.0394,26.4003],[89.0335,26.3955],[89.03,26.4071],[89.0194,26.4042],[89.0217,26.4142],[89.0072,26.4128],[89.0059,26.4215],[88.9937,26.4231],[88.9984,26.4133],[88.994,26.4129],[88.9927,26.419],[88.9807,26.4254],[88.9838,26.4295],[88.9787,26.4361],[88.9832,26.4466],[88.9785,26.4463],[88.9794,26.4497],[88.9758,26.4465],[88.9662,26.4513],[88.9657,26.4577],[88.9558,26.4603],[88.9597,26.4524],[88.9652,26.452],[88.9461,26.448],[88.9513,26.4351],[88.9454,26.4328],[88.9447,26.4257],[88.9261,26.4322],[88.9259,26.4277],[88.9336,26.4266],[88.923,26.4234],[88.9312,26.4143],[88.9265,26.4069],[88.9039,26.4081],[88.9099,26.4009],[88.918,26.4009],[88.9165,26.385],[88.909,26.3801],[88.9213,26.3773],[88.9113,26.3727],[88.9119,26.3662],[88.92,26.3663],[88.9185,26.36],[88.926,26.3648],[88.9369,26.3568],[88.9477,26.356],[88.9504,26.3663],[88.9584,26.3618],[88.9461,26.344],[88.959,26.3436],[88.9517,26.3427],[88.9559,26.3301],[88.9603,26.3302],[88.9635,26.3386],[88.9613,26.3524],[88.9877,26.3472],[88.99,26.3386],[88.9817,26.3411],[88.9848,26.334],[89.0009,26.3299],[88.9977,26.3224],[88.9915,26.3224],[88.9971,26.3165],[88.9949,26.3133],[88.985,26.3182],[88.9829,26.3102],[88.9849,26.3006],[88.9948,26.2968],[88.9975,26.2997],[88.9957,26.2903],[89.0,26.2908],[89.0067,26.3044],[89.0168,26.2895],[89.02,26.2937],[89.0143,26.3003],[89.0211,26.3092],[89.0263,26.3063],[89.0197,26.2899],[89.0354,26.2833],[89.0407,26.2859],[89.0373,26.2825],[89.0398,26.2766],[89.0451,26.2753],[89.0433,26.2794],[89.0481,26.2799],[89.0504,26.2881],[89.0473,26.2827],[89.0421,26.2901],[89.0464,26.2957],[89.0586,26.2933],[89.0621,26.2781],[89.0543,26.2764],[89.0629,26.2702],[89.0623,26.2537],[89.0519,26.2561],[89.0483,26.2499],[89.0506,26.2418],[89.0373,26.2458],[89.0366,26.2425],[89.0419,26.2429],[89.0419,26.2354],[89.0448,26.2387],[89.0444,26.2352],[89.0519,26.2369],[89.0622,26.2308],[89.0601,26.2249],[89.0735,26.2148],[89.0782,26.2348],[89.1042,26.242],[89.0927,26.2439],[89.09,26.2497],[89.0937,26.2477],[89.0973,26.2597],[89.1074,26.259],[89.1171,26.2444],[89.1269,26.2489]]]]}},{"type":"Feature","id":"ADM3_Patharghata","properties":{"id":"ADM3_Patharghata","name":"Patharghata","district":"Barguna"},"geometry":{"type":"MultiPolygon","coordinates":[[[[89.8797,22.0787],[89.885,22.0839],[89.8829,22.091],[89.8752,22.0831],[89.8797,22.0787]]],[[[89.8893,22.1582],[89.8912,22.1501],[89.8909,22.1583],[89.8893,22.1582]]],[[[90.063,22.1757],[90.0707,22.1604],[90.0769,22.1651],[90.0728,22.173],[90.063,22.1757]]],[[[90.031,22.1863],[90.0236,22.1875],[90.0227,22.1821],[90.0331,22.1775],[90.0425,22.1799],[90.031,22.1863]]],[[[89.9919,22.2048],[89.9908,22.1987],[89.9836,22.2064],[89.9753,22.2036],[89.9675,22.2206],[89.9639,22.208],[89.9693,22.1917],[89.9588,22.1827],[89.9576,22.1714],[89.9421,22.1764],[89.9308,22.1626],[89.9072,22.1588],[89.9117,22.1362],[89.9103,22.1083],[89.901,22.0724],[89.917,22.0226],[89.9358,21.9994],[89.937,21.9842],[89.9319,21.9773],[89.9364,21.9739],[89.9383,21.9589],[89.9567,21.9467],[89.9712,21.9478],[89.9864,21.9558],[89.982,21.9636],[89.9864,21.9615],[89.9885,21.9658],[89.9713,22.0272],[89.9838,22.051],[90.0079,22.0652],[90.0226,22.0811],[90.0135,22.1031],[90.0143,22.1235],[90.0202,22.1353],[90.0359,22.1494],[90.0602,22.1609],[90.0233,22.1736],[90.0198,22.1875],[90.0067,22.1965],[90.0181,22.1998],[90.0153,22.2054],[90.0245,22.2097],[90.0272,22.2247],[89.9919,22.2048]]]]}},{"type":"Feature","id":"ADM3_Patiya","properties":{"id":"ADM3_Patiya","name":"Patiya","district":"Chittagong"},"geometry":{"type":"MultiPolygon","coordinates":[[[[91.8717,22.3419],[91.8701,22.3329],[91.8811,22.3433],[91.8717,22.3419]]],[[[91.9621,22.2261],[91.991,22.2184],[92.0107,22.2376],[92.0109,22.2462],[92.0172,22.2459],[92.0102,22.2549],[92.021,22.2573],[92.0316,22.2516],[92.0273,22.2471],[92.0381,22.2442],[92.0428,22.2491],[92.0479,22.2446],[92.0468,22.2372],[92.0547,22.2359],[92.0683,22.2393],[92.0741,22.2495],[92.111,22.2541],[92.1113,22.2662],[92.1023,22.2703],[92.0911,22.2923],[92.0974,22.3069],[92.0887,22.3156],[92.088,22.328],[92.0795,22.3405],[92.0594,22.3332],[92.0443,22.3361],[92.0362,22.3418],[92.0306,22.3601],[92.0048,22.3486],[91.9715,22.3462],[91.9601,22.3513],[91.9427,22.3429],[91.9324,22.3456],[91.8933,22.3368],[91.8824,22.343],[91.8663,22.3266],[91.8277,22.3185],[91.7999,22.2964],[91.7986,22.2864],[91.8043,22.279],[91.838,22.2683],[91.8379,22.2536],[91.8552,22.2388],[91.8596,22.2441],[91.8737,22.2443],[91.8759,22.262],[91.8945,22.2585],[91.8965,22.2547],[91.8924,22.2517],[91.8984,22.249],[91.9087,22.2542],[91.9135,22.2486],[91.9222,22.2559],[91.9376,22.2554],[91.9416,22.2466],[91.9602,22.2474],[91.9659,22.2369],[91.9621,22.2261]]]]}},{"type":"Feature","id":"ADM3_Patnitala","properties":{"id":"ADM3_Patnitala","name":"Patnitala","district":"Naogaon"},"geometry":{"type":"Polygon","coordinates":[[[88.9014,25.0311],[88.8859,25.0369],[88.884,25.0455],[88.8786,25.0464],[88.8811,25.0559],[88.8731,25.0604],[88.8664,25.0584],[88.8583,25.0656],[88.8157,25.0549],[88.8183,25.0629],[88.8074,25.0654],[88.8075,25.0743],[88.8119,25.0848],[88.8266,25.0929],[88.8254,25.1065],[88.8105,25.1083],[88.8069,25.115],[88.7995,25.1151],[88.7946,25.1078],[88.7784,25.1089],[88.7642,25.094],[88.7594,25.0995],[88.757,25.0971],[88.7582,25.1108],[88.7441,25.1162],[88.7298,25.119],[88.7187,25.1147],[88.7082,25.1214],[88.6842,25.1188],[88.6857,25.1638],[88.6792,25.1596],[88.6788,25.1693],[88.6671,25.1732],[88.6711,25.1818],[88.6632,25.1855],[88.6694,25.1983],[88.6638,25.2028],[88.613,25.2043],[88.5977,25.191],[88.5909,25.1946],[88.5911,25.1852],[88.5814,25.1822],[88.5796,25.1769],[88.5721,25.1769],[88.5855,25.1647],[88.5835,25.1547],[88.5949,25.1505],[88.5922,25.1438],[88.5966,25.1367],[88.5926,25.1282],[88.6161,25.1134],[88.623,25.1151],[88.6213,25.11],[88.6007,25.0985],[88.6075,25.0942],[88.6082,25.0831],[88.6174,25.0841],[88.621,25.0788],[88.6201,25.0723],[88.6124,25.0712],[88.6115,25.0638],[88.6181,25.0581],[88.6122,25.0549],[88.6196,25.0473],[88.6182,25.041],[88.6283,25.0326],[88.6222,25.0269],[88.6243,25.0127],[88.6434,24.9943],[88.6481,24.9976],[88.6615,24.9881],[88.6761,24.9889],[88.6812,24.9839],[88.6855,24.9985],[88.6988,25.0006],[88.7114,24.9956],[88.7127,25.0131],[88.7196,25.0097],[88.7181,25.0046],[88.7286,25.0104],[88.7355,24.9984],[88.7549,24.995],[88.7636,24.9965],[88.763,25.009],[88.7676,25.0139],[88.7698,25.0104],[88.7784,25.0128],[88.7781,25.0084],[88.8013,25.0117],[88.8066,25.0034],[88.8382,25.0009],[88.8461,25.0067],[88.8577,25.005],[88.8583,25.0099],[88.8701,25.0077],[88.8767,25.0052],[88.8747,24.9964],[88.8954,24.9935],[88.9012,24.9831],[88.9118,24.9939],[88.912,24.9999],[88.9045,25.01],[88.9064,25.0228],[88.9014,25.0311]]]}},{"type":"Feature","id":"ADM3_PatuakhaliSadar","properties":{"id":"ADM3_PatuakhaliSadar","name":"Patuakhali Sadar","district":"Patuakhali"},"geometry":{"type":"Polygon","coordinates":[[[90.334,22.2635],[90.3507,22.2669],[90.359,22.2559],[90.3652,22.2628],[90.3773,22.262],[90.381,22.2974],[90.4019,22.2897],[90.4044,22.3027],[90.4281,22.2973],[90.4574,22.2988],[90.4704,22.3251],[90.4571,22.3353],[90.4413,22.3399],[90.4417,22.3448],[90.4326,22.3449],[90.424,22.3689],[90.4364,22.3834],[90.4287,22.391],[90.4279,22.4129],[90.4199,22.4121],[90.415,22.425],[90.3981,22.4217],[90.387,22.3995],[90.3718,22.3899],[90.3728,22.4029],[90.3826,22.4196],[90.3784,22.4279],[90.3792,22.4442],[90.3624,22.4424],[90.3591,22.4379],[90.3524,22.4419],[90.3464,22.4375],[90.3309,22.4439],[90.3121,22.4084],[90.2963,22.3901],[90.3029,22.4054],[90.3011,22.417],[90.2973,22.4177],[90.296,22.4263],[90.2834,22.4295],[90.2702,22.4057],[90.2635,22.3718],[90.2651,22.3505],[90.2501,22.3438],[90.223,22.3454],[90.2088,22.3239],[90.2099,22.3061],[90.2062,22.3011],[90.2113,22.2836],[90.2118,22.2287],[90.225,22.2171],[90.2329,22.228],[90.2254,22.2343],[90.2342,22.2395],[90.2459,22.2617],[90.2718,22.2626],[90.2814,22.2555],[90.2901,22.2577],[90.2884,22.2475],[90.2826,22.2489],[90.287,22.235],[90.2917,22.2362],[90.2886,22.2433],[90.303,22.2437],[90.334,22.2635]]]}},{"type":"Feature","id":"ADM3_Pekua","properties":{"id":"ADM3_Pekua","name":"Pekua","district":"Cox's Bazar"},"geometry":{"type":"Polygon","coordinates":[[[91.9166,21.8584],[91.9089,21.8164],[91.885,21.7652],[91.9136,21.7522],[91.9064,21.7326],[91.9094,21.7265],[91.9238,21.7224],[91.9417,21.7323],[91.9439,21.7233],[91.9487,21.7227],[91.9434,21.7486],[91.9512,21.7891],[91.9591,21.7948],[91.9778,21.7947],[91.9897,21.8032],[91.9996,21.8004],[92.0086,21.8088],[92.0205,21.8102],[92.0186,21.8193],[92.0281,21.8268],[92.027,21.8388],[92.0149,21.8389],[92.0188,21.8482],[92.0136,21.8582],[92.0004,21.852],[91.9918,21.8544],[91.9951,21.8695],[92.0109,21.8691],[92.0179,21.8767],[91.9998,21.8807],[91.9915,21.8725],[91.987,21.884],[91.9805,21.8858],[91.9855,21.8897],[91.9811,21.8943],[91.9883,21.8978],[91.9719,21.9043],[91.9659,21.892],[91.9701,21.8896],[91.964,21.8828],[91.9585,21.8839],[91.9576,21.8921],[91.9388,21.8778],[91.9239,21.8772],[91.9249,21.8612],[91.9166,21.8584]]]}},{"type":"Feature","id":"ADM3_Phulbari","properties":{"id":"ADM3_Phulbari","name":"Phulbari","district":"Kurigram"},"geometry":{"type":"MultiPolygon","coordinates":[[[[89.5174,26.0265],[89.5105,26.0241],[89.5141,26.0109],[89.5219,26.0244],[89.5174,26.0265]]],[[[89.6465,25.9008],[89.6382,25.9125],[89.6514,25.9178],[89.6494,25.9242],[89.6566,25.9261],[89.6473,25.9336],[89.6438,25.9317],[89.6416,25.9359],[89.646,25.9388],[89.638,25.9394],[89.6268,25.952],[89.6224,25.9655],[89.6182,25.9647],[89.6185,25.9701],[89.6299,25.969],[89.631,25.973],[89.6144,25.9846],[89.6205,25.9924],[89.6122,26.0172],[89.6142,26.0266],[89.6096,26.0264],[89.6061,26.0338],[89.593,26.033],[89.5876,26.0388],[89.5853,26.0264],[89.5787,26.0264],[89.5787,26.0069],[89.5862,25.9943],[89.5831,25.9903],[89.5867,25.981],[89.5851,25.976],[89.5741,25.9804],[89.5778,25.9694],[89.5688,25.9679],[89.5664,25.9804],[89.5576,25.9655],[89.5409,25.9696],[89.5381,25.9757],[89.5416,25.9833],[89.5351,25.989],[89.5482,26.0007],[89.5408,26.006],[89.5336,26.0055],[89.5394,26.0055],[89.5374,26.0022],[89.5192,26.0089],[89.5091,26.0021],[89.4912,26.0061],[89.4812,25.9975],[89.4819,25.9905],[89.4725,25.9762],[89.482,25.9618],[89.501,25.9702],[89.4987,25.9662],[89.5037,25.959],[89.4966,25.9544],[89.5116,25.9441],[89.5098,25.9334],[89.5177,25.9261],[89.5175,25.9175],[89.5295,25.9153],[89.5334,25.9002],[89.5443,25.8967],[89.5463,25.8886],[89.5641,25.8849],[89.5779,25.889],[89.5865,25.8779],[89.6,25.8833],[89.6143,25.9058],[89.6179,25.8968],[89.6116,25.8881],[89.6143,25.874],[89.6473,25.8852],[89.6435,25.8901],[89.6351,25.8901],[89.6465,25.9008]]],[[[89.5018,26.0699],[89.4981,26.0672],[89.5027,26.06],[89.5117,26.0577],[89.5144,26.0656],[89.5018,26.0699]]]]}},{"type":"Feature","id":"ADM3_Phulpur","properties":{"id":"ADM3_Phulpur","name":"Phulpur","district":"Mymensingh"},"geometry":{"type":"Polygon","coordinates":[[[90.4923,25.0216],[90.484,25.0177],[90.481,25.0049],[90.4751,25.0111],[90.4589,25.0084],[90.4467,25.0137],[90.4469,25.0031],[90.4407,25.0068],[90.43,25.0037],[90.4323,24.9933],[90.4223,24.9966],[90.4154,24.9871],[90.4126,24.9923],[90.4039,24.9889],[90.3985,24.9964],[90.3924,24.9949],[90.3942,25.0038],[90.3881,25.009],[90.3873,25.0055],[90.3754,25.0098],[90.3739,25.0041],[90.3611,25.001],[90.3575,24.993],[90.3407,24.9935],[90.3408,24.9997],[90.3349,24.9982],[90.331,25.0043],[90.3177,24.9983],[90.3099,25.0073],[90.2985,25.0072],[90.2985,25.016],[90.2886,25.012],[90.2838,25.0165],[90.2864,25.0226],[90.2716,25.0104],[90.2409,25.0127],[90.2375,24.9912],[90.226,24.9761],[90.2289,24.9666],[90.2346,24.9642],[90.2374,24.9696],[90.2432,24.9674],[90.2412,24.9626],[90.2549,24.9574],[90.2578,24.9463],[90.2361,24.9484],[90.2321,24.9446],[90.2352,24.9341],[90.2456,24.9254],[90.2367,24.9008],[90.2389,24.8949],[90.2518,24.8951],[90.2597,24.8882],[90.2946,24.8898],[90.3151,24.8729],[90.3226,24.8795],[90.3322,24.8641],[90.3431,24.861],[90.3401,24.8486],[90.3458,24.8564],[90.3447,24.8475],[90.3531,24.8409],[90.3667,24.8431],[90.3773,24.8359],[90.3734,24.8276],[90.3778,24.8229],[90.383,24.8215],[90.3878,24.8269],[90.408,24.8208],[90.437,24.8053],[90.4529,24.7887],[90.4913,24.772],[90.496,24.7741],[90.5073,24.7535],[90.4993,24.748],[90.501,24.736],[90.5174,24.7519],[90.5185,24.7483],[90.5272,24.7492],[90.5295,24.7609],[90.5239,24.7726],[90.528,24.784],[90.5457,24.7791],[90.5496,24.7881],[90.5469,24.8002],[90.554,24.8115],[90.547,24.8254],[90.537,24.8277],[90.5426,24.8357],[90.519,24.8387],[90.5285,24.8515],[90.5216,24.8544],[90.5202,24.8635],[90.5288,24.8708],[90.522,24.8753],[90.5213,24.8848],[90.5138,24.8889],[90.5172,24.8939],[90.5258,24.8947],[90.5351,24.891],[90.5332,24.8959],[90.5394,24.8991],[90.5411,24.907],[90.5335,24.9169],[90.5337,24.927],[90.5441,24.9328],[90.5441,24.9371],[90.5256,24.9423],[90.5311,24.9459],[90.5288,24.9527],[90.5172,24.9457],[90.5128,24.9513],[90.5165,24.9714],[90.5233,24.9786],[90.5133,24.9781],[90.5108,24.9869],[90.5035,24.9849],[90.5033,25.0017],[90.4927,25.0031],[90.5041,25.0169],[90.4923,25.0216]]]}},{"type":"Feature","id":"ADM3_Phultala","properties":{"id":"ADM3_Phultala","name":"Phultala","district":"Khulna"},"geometry":{"type":"Polygon","coordinates":[[[89.3842,22.9319],[89.3833,22.92],[89.397,22.9287],[89.412,22.9182],[89.466,22.9228],[89.4736,22.9468],[89.4853,22.9494],[89.4777,22.9772],[89.4604,23.0076],[89.4385,23.0076],[89.4301,22.9949],[89.427,22.9619],[89.4063,22.9568],[89.4008,22.9443],[89.3921,22.939],[89.3958,22.9336],[89.3842,22.9319]]]}},{"type":"Feature","id":"ADM3_Pirgachha","properties":{"id":"ADM3_Pirgachha","name":"Pirgachha","district":"Rangpur"},"geometry":{"type":"Polygon","coordinates":[[[89.3016,25.7401],[89.2958,25.7333],[89.3052,25.7308],[89.3079,25.7219],[89.3234,25.7143],[89.3046,25.6963],[89.3103,25.6881],[89.3235,25.6844],[89.3195,25.6776],[89.3233,25.6753],[89.3167,25.6743],[89.316,25.6693],[89.3222,25.6571],[89.3351,25.6574],[89.3384,25.6661],[89.3457,25.6553],[89.3507,25.6618],[89.3545,25.6587],[89.3499,25.6526],[89.3548,25.6469],[89.3582,25.651],[89.3534,25.6505],[89.3554,25.6553],[89.3647,25.6582],[89.3599,25.6505],[89.3629,25.6354],[89.3745,25.6395],[89.373,25.6306],[89.3764,25.6386],[89.3846,25.6396],[89.3773,25.629],[89.3896,25.6256],[89.3856,25.6153],[89.3918,25.6155],[89.3929,25.6091],[89.3829,25.6104],[89.3967,25.5968],[89.3859,25.5932],[89.3941,25.5882],[89.3846,25.585],[89.388,25.5817],[89.385,25.5773],[89.3808,25.5757],[89.3777,25.5807],[89.3775,25.5777],[89.3913,25.5711],[89.3886,25.5637],[89.3924,25.5559],[89.3979,25.5524],[89.4083,25.5596],[89.415,25.5895],[89.4323,25.5876],[89.4343,25.592],[89.4428,25.5844],[89.471,25.5987],[89.4875,25.5759],[89.4942,25.5762],[89.4982,25.5857],[89.4905,25.5904],[89.4884,25.5999],[89.4945,25.6147],[89.5029,25.6115],[89.4971,25.6222],[89.5082,25.6182],[89.5219,25.623],[89.5225,25.634],[89.5359,25.649],[89.5308,25.655],[89.5308,25.6489],[89.5263,25.6511],[89.5186,25.6443],[89.5192,25.6588],[89.5144,25.6582],[89.5142,25.6622],[89.5197,25.686],[89.515,25.6895],[89.5153,25.7067],[89.5083,25.7173],[89.4971,25.7131],[89.4776,25.7144],[89.4704,25.7084],[89.4599,25.7126],[89.4533,25.6977],[89.4431,25.7027],[89.4468,25.718],[89.4374,25.7206],[89.4433,25.7266],[89.4379,25.7265],[89.4358,25.7336],[89.3992,25.7408],[89.3929,25.7255],[89.3872,25.729],[89.3878,25.7343],[89.3819,25.7303],[89.3727,25.7329],[89.3636,25.7228],[89.3535,25.727],[89.3553,25.7215],[89.3507,25.7175],[89.3439,25.7205],[89.3448,25.7434],[89.3377,25.7439],[89.3435,25.7475],[89.3373,25.757],[89.3308,25.752],[89.3308,25.7554],[89.3209,25.7536],[89.3151,25.7452],[89.3016,25.7401]]]}},{"type":"Feature","id":"ADM3_Pirganj_117283","properties":{"id":"ADM3_Pirganj_117283","name":"Pirganj","district":"Rangpur"},"geometry":{"type":"Polygon","coordinates":[[[89.2807,25.3013],[89.3134,25.2994],[89.3426,25.3041],[89.3463,25.3098],[89.3439,25.3198],[89.3364,25.3142],[89.3302,25.3219],[89.3397,25.329],[89.3463,25.3278],[89.3472,25.3365],[89.3402,25.337],[89.3451,25.3527],[89.344,25.3695],[89.3549,25.3728],[89.3508,25.3788],[89.3646,25.3901],[89.3657,25.4029],[89.3784,25.4098],[89.3775,25.4171],[89.3817,25.4185],[89.378,25.4243],[89.3836,25.4287],[89.3779,25.4322],[89.3803,25.4437],[89.3914,25.4418],[89.3988,25.464],[89.4083,25.467],[89.4011,25.4725],[89.4049,25.4834],[89.3895,25.4884],[89.3781,25.5013],[89.3651,25.4954],[89.3432,25.5015],[89.3414,25.4972],[89.3415,25.5018],[89.336,25.4973],[89.3331,25.5037],[89.3166,25.4997],[89.32,25.5104],[89.3031,25.515],[89.2947,25.5052],[89.274,25.5207],[89.2711,25.5098],[89.2636,25.5125],[89.263,25.5193],[89.2487,25.5208],[89.2449,25.5097],[89.2353,25.5036],[89.2156,25.5036],[89.1999,25.5103],[89.1829,25.5037],[89.1741,25.5072],[89.1672,25.4961],[89.1451,25.4909],[89.1427,25.4826],[89.1543,25.4631],[89.1506,25.4556],[89.1536,25.447],[89.148,25.4384],[89.1515,25.4147],[89.1378,25.412],[89.154,25.41],[89.1582,25.4037],[89.1518,25.4035],[89.1626,25.4054],[89.1647,25.3999],[89.1718,25.4052],[89.1765,25.3979],[89.1842,25.3961],[89.1881,25.3865],[89.2017,25.3892],[89.2021,25.3941],[89.2171,25.3767],[89.2065,25.3681],[89.2097,25.3645],[89.2254,25.3647],[89.222,25.359],[89.2252,25.3579],[89.2318,25.361],[89.2302,25.3663],[89.2355,25.3657],[89.2377,25.3573],[89.2331,25.3528],[89.2461,25.3523],[89.2339,25.3454],[89.2378,25.3397],[89.2305,25.3471],[89.2213,25.3323],[89.2267,25.3304],[89.2309,25.3384],[89.2352,25.333],[89.2454,25.3341],[89.2358,25.326],[89.2378,25.3191],[89.2547,25.3155],[89.2632,25.3232],[89.2654,25.3187],[89.2568,25.3108],[89.2658,25.3131],[89.2807,25.3013]]]}},{"type":"Feature","id":"ADM3_Pirganj_912558","properties":{"id":"ADM3_Pirganj_912558","name":"Pirganj","district":"Thakurgaon"},"geometry":{"type":"Polygon","coordinates":[[[88.5017,25.9187],[88.4837,25.9188],[88.4717,25.9102],[88.4554,25.9144],[88.4512,25.9064],[88.4456,25.9055],[88.4424,25.9161],[88.4508,25.9285],[88.4358,25.935],[88.441,25.9351],[88.4399,25.9382],[88.4335,25.9364],[88.4435,25.9422],[88.4485,25.9521],[88.4399,25.9545],[88.4323,25.9506],[88.4254,25.9599],[88.4115,25.9627],[88.4007,25.9609],[88.3926,25.9511],[88.3876,25.9541],[88.3875,25.9632],[88.3859,25.9565],[88.3807,25.9606],[88.3854,25.9647],[88.3833,25.969],[88.3706,25.9748],[88.3614,25.9681],[88.3463,25.9733],[88.345,25.9627],[88.3299,25.9579],[88.3288,25.9359],[88.3224,25.9274],[88.3274,25.9014],[88.3187,25.8973],[88.3206,25.8876],[88.3155,25.8878],[88.3056,25.8609],[88.2941,25.8634],[88.2863,25.8483],[88.2598,25.8458],[88.2519,25.8372],[88.253,25.8253],[88.2609,25.8279],[88.2662,25.8181],[88.26,25.8137],[88.2709,25.805],[88.2718,25.7918],[88.2665,25.7833],[88.2765,25.775],[88.2907,25.7739],[88.289,25.7679],[88.3163,25.7532],[88.3151,25.7466],[88.3207,25.7453],[88.3209,25.7376],[88.3375,25.7377],[88.3441,25.7295],[88.3588,25.7282],[88.3567,25.7214],[88.3739,25.7173],[88.3697,25.7088],[88.3714,25.6966],[88.3915,25.6936],[88.3901,25.6841],[88.404,25.6851],[88.4017,25.6727],[88.4271,25.6697],[88.4311,25.6741],[88.4252,25.6786],[88.4306,25.6837],[88.4284,25.6877],[88.4381,25.689],[88.4337,25.6961],[88.4362,25.7084],[88.427,25.7069],[88.4236,25.7149],[88.4341,25.7181],[88.4256,25.7206],[88.4233,25.7249],[88.4284,25.7287],[88.4221,25.7325],[88.4188,25.7295],[88.4152,25.7367],[88.4051,25.7285],[88.3988,25.734],[88.4006,25.7384],[88.3921,25.7433],[88.3827,25.7937],[88.3858,25.7922],[88.3891,25.8035],[88.3854,25.8083],[88.3908,25.811],[88.3858,25.8226],[88.3863,25.8398],[88.3988,25.8419],[88.4038,25.8648],[88.4085,25.8684],[88.4224,25.8555],[88.4259,25.861],[88.4175,25.8693],[88.4221,25.871],[88.4358,25.8657],[88.4347,25.8709],[88.4432,25.8714],[88.4446,25.862],[88.4531,25.8584],[88.4608,25.862],[88.4613,25.8733],[88.4656,25.8732],[88.4697,25.8633],[88.4843,25.8656],[88.4855,25.8852],[88.4755,25.8898],[88.4826,25.8879],[88.4786,25.8949],[88.481,25.904],[88.5017,25.9055],[88.5077,25.9113],[88.5082,25.9165],[88.5028,25.9137],[88.5017,25.9187]]]}},{"type":"Feature","id":"ADM3_PirojpurSadar","properties":{"id":"ADM3_PirojpurSadar","name":"Pirojpur Sadar","district":"Pirojpur"},"geometry":{"type":"Polygon","coordinates":[[[90.0212,22.5162],[90.0203,22.568],[90.0289,22.5694],[90.0382,22.5904],[90.0355,22.6025],[90.0204,22.6078],[90.0297,22.6323],[90.0317,22.6646],[90.0244,22.6651],[90.004,22.6822],[90.0005,22.676],[89.9921,22.6784],[89.9878,22.6692],[89.9652,22.6734],[89.9744,22.6813],[89.9665,22.6928],[89.9556,22.6914],[89.9536,22.6834],[89.9374,22.6874],[89.9359,22.6771],[89.9141,22.6597],[89.9092,22.6595],[89.8967,22.675],[89.8928,22.6726],[89.8901,22.664],[89.8959,22.6563],[89.9268,22.6421],[89.9209,22.6061],[89.9569,22.5989],[89.962,22.5943],[89.9581,22.5643],[89.947,22.5421],[89.9553,22.5342],[89.9655,22.541],[89.9805,22.5355],[89.9826,22.5205],[89.9959,22.5185],[89.9958,22.5021],[90.0174,22.4996],[90.0229,22.5056],[90.0212,22.5162]]]}},{"type":"Feature","id":"ADM3_Porsha","properties":{"id":"ADM3_Porsha","name":"Porsha","district":"Naogaon"},"geometry":{"type":"Polygon","coordinates":[[[88.4941,24.9067],[88.5187,24.904],[88.514,24.9119],[88.526,24.9241],[88.5165,24.946],[88.5111,24.9473],[88.5154,24.9636],[88.5221,24.9674],[88.5288,24.9654],[88.5282,24.9475],[88.5328,24.948],[88.5337,24.9368],[88.5493,24.928],[88.5691,24.9333],[88.5734,24.939],[88.5804,24.9362],[88.5845,24.9474],[88.5945,24.9435],[88.596,24.9495],[88.5881,24.9547],[88.5906,24.9632],[88.5758,24.9616],[88.5758,24.9721],[88.5864,24.9724],[88.5798,24.9731],[88.5813,24.977],[88.5907,24.977],[88.592,24.9666],[88.6074,24.946],[88.62,24.9426],[88.6264,24.9442],[88.6275,24.9511],[88.6384,24.9501],[88.6362,24.9632],[88.645,24.9654],[88.6396,24.9709],[88.6442,24.9782],[88.6413,24.9986],[88.6258,25.0101],[88.626,25.0208],[88.6218,25.0221],[88.6249,25.0271],[88.6157,25.0319],[88.5911,25.0334],[88.5491,25.0116],[88.5391,25.029],[88.5448,25.0325],[88.5538,25.0635],[88.5479,25.0617],[88.5432,25.0679],[88.5323,25.0667],[88.5267,25.0718],[88.5221,25.0632],[88.5206,25.0679],[88.5056,25.071],[88.5015,25.0661],[88.4872,25.0651],[88.4886,25.0579],[88.4852,25.0574],[88.4666,25.0708],[88.4695,25.0634],[88.4605,25.0684],[88.4672,25.0867],[88.4463,25.0873],[88.4465,25.0815],[88.4529,25.0794],[88.4349,25.0561],[88.4354,25.0504],[88.4378,25.0432],[88.4526,25.0371],[88.4388,25.0227],[88.4412,25.0173],[88.4371,25.0158],[88.4419,25.0133],[88.4354,25.0144],[88.4366,25.0066],[88.4276,25.0077],[88.4255,25.0166],[88.4205,24.9997],[88.4124,24.999],[88.4118,24.9854],[88.4187,24.9833],[88.4123,24.9824],[88.4167,24.9739],[88.4051,24.9798],[88.4062,24.9728],[88.3984,24.9729],[88.3951,24.9647],[88.3995,24.9597],[88.4273,24.9652],[88.4362,24.957],[88.4315,24.9451],[88.4353,24.9246],[88.4514,24.9163],[88.4573,24.9176],[88.4591,24.9234],[88.4518,24.9316],[88.4713,24.9381],[88.4929,24.9247],[88.4941,24.9067]]]}},{"type":"Feature","id":"ADM3_Purbadhala","properties":{"id":"ADM3_Purbadhala","name":"Purbadhala","district":"Netrakona"},"geometry":{"type":"Polygon","coordinates":[[[90.4948,25.0196],[90.5041,25.0169],[90.4927,25.0031],[90.5033,25.0017],[90.5035,24.9849],[90.5108,24.9869],[90.5133,24.9781],[90.5233,24.9786],[90.5165,24.9714],[90.5128,24.9513],[90.5172,24.9457],[90.5288,24.9527],[90.5311,24.9459],[90.5256,24.9423],[90.5441,24.9371],[90.5441,24.9328],[90.5337,24.927],[90.5335,24.9169],[90.5411,24.907],[90.5394,24.8991],[90.5332,24.8959],[90.5351,24.891],[90.5413,24.8853],[90.5681,24.8857],[90.5668,24.8772],[90.572,24.8725],[90.568,24.8706],[90.5679,24.8619],[90.5723,24.8565],[90.5593,24.8435],[90.5734,24.8385],[90.5789,24.8443],[90.5882,24.8419],[90.588,24.8346],[90.5846,24.8362],[90.5772,24.8242],[90.5644,24.8172],[90.5636,24.8114],[90.5787,24.8222],[90.582,24.8116],[90.6008,24.8096],[90.6081,24.8143],[90.6117,24.8053],[90.6217,24.8024],[90.6246,24.7955],[90.6404,24.7988],[90.6487,24.7915],[90.669,24.7983],[90.6611,24.8126],[90.6467,24.8109],[90.6518,24.8283],[90.6611,24.8366],[90.656,24.8419],[90.6529,24.8695],[90.645,24.8826],[90.6488,24.9022],[90.6565,24.9211],[90.6654,24.9207],[90.6659,24.9271],[90.6827,24.9315],[90.6857,24.9441],[90.6797,24.9567],[90.6947,24.9669],[90.7271,24.9672],[90.7246,24.9843],[90.7158,24.9805],[90.7028,24.9949],[90.6851,24.9848],[90.6747,24.9919],[90.6657,24.9891],[90.6643,24.9953],[90.6788,24.9995],[90.6692,25.0],[90.6764,25.007],[90.6732,25.0114],[90.6603,25.0067],[90.6555,25.012],[90.6239,25.0089],[90.6214,25.0232],[90.6103,25.0205],[90.591,25.034],[90.5855,25.0268],[90.5745,25.0352],[90.5635,25.0345],[90.5499,25.0418],[90.5451,25.0324],[90.5354,25.0356],[90.5331,25.0326],[90.5351,25.0276],[90.5466,25.0239],[90.5422,25.0129],[90.5337,25.0143],[90.524,25.0299],[90.5177,25.0237],[90.5111,25.0303],[90.5074,25.0175],[90.5059,25.0301],[90.4996,25.0316],[90.4941,25.0271],[90.4948,25.0196]]]}},{"type":"Feature","id":"ADM3_Puthia","properties":{"id":"ADM3_Puthia","name":"Puthia","district":"Rajshahi"},"geometry":{"type":"Polygon","coordinates":[[[88.8508,24.3438],[88.8617,24.3636],[88.8727,24.3575],[88.8799,24.3655],[88.8833,24.3616],[88.8934,24.3637],[88.8964,24.3788],[88.8901,24.3845],[88.9025,24.4073],[88.8982,24.4102],[88.9025,24.4195],[88.8971,24.4396],[88.9027,24.4465],[88.8932,24.4558],[88.9001,24.4642],[88.8928,24.4771],[88.8952,24.4863],[88.9031,24.4867],[88.9054,24.4978],[88.9104,24.4957],[88.9161,24.5045],[88.9255,24.5007],[88.9267,24.5159],[88.8971,24.5116],[88.8939,24.5203],[88.8806,24.5135],[88.8722,24.5128],[88.867,24.5193],[88.8535,24.5144],[88.8407,24.4945],[88.8492,24.4801],[88.8367,24.4707],[88.8474,24.4652],[88.8462,24.4618],[88.8583,24.462],[88.8609,24.4555],[88.8568,24.4456],[88.848,24.4404],[88.8402,24.4419],[88.8376,24.4374],[88.8308,24.4451],[88.8122,24.4423],[88.8098,24.4369],[88.8012,24.4407],[88.7987,24.4268],[88.8065,24.4149],[88.7987,24.4048],[88.7856,24.4068],[88.7815,24.4021],[88.7715,24.4063],[88.7658,24.3982],[88.7653,24.4054],[88.7584,24.4033],[88.7587,24.4127],[88.7505,24.4125],[88.7457,24.405],[88.7381,24.4043],[88.7389,24.3959],[88.728,24.3927],[88.73,24.3835],[88.7147,24.3968],[88.7052,24.3963],[88.7025,24.3867],[88.7077,24.3817],[88.6998,24.3828],[88.6995,24.3715],[88.7012,24.3616],[88.7056,24.3634],[88.7042,24.3513],[88.7095,24.3494],[88.7094,24.3441],[88.7137,24.3479],[88.7227,24.3438],[88.7223,24.3386],[88.731,24.334],[88.7379,24.3386],[88.7391,24.3332],[88.7446,24.3382],[88.7476,24.3521],[88.7532,24.3566],[88.7428,24.3638],[88.7673,24.3632],[88.7667,24.3702],[88.7739,24.3602],[88.7816,24.3709],[88.7882,24.3523],[88.7953,24.3506],[88.7952,24.3412],[88.8029,24.338],[88.8068,24.3438],[88.8215,24.3411],[88.8211,24.3502],[88.8263,24.3535],[88.8374,24.3501],[88.8402,24.3409],[88.8467,24.3386],[88.8508,24.3438]]]}},{"type":"Feature","id":"ADM3_Rajapur","properties":{"id":"ADM3_Rajapur","name":"Rajapur","district":"Jhalokati"},"geometry":{"type":"Polygon","coordinates":[[[90.1991,22.4924],[90.2036,22.5197],[90.1859,22.5242],[90.1842,22.5288],[90.2031,22.5831],[90.186,22.5963],[90.1805,22.5919],[90.1614,22.5995],[90.1672,22.6127],[90.1396,22.6112],[90.138,22.6303],[90.1328,22.6301],[90.1272,22.6154],[90.1195,22.6176],[90.1162,22.608],[90.1101,22.6097],[90.1022,22.5961],[90.0916,22.5904],[90.077,22.5878],[90.0629,22.5933],[90.0559,22.5797],[90.0657,22.5528],[90.0669,22.5182],[90.0628,22.5052],[90.0728,22.5116],[90.075,22.5074],[90.0704,22.5006],[90.079,22.4956],[90.0791,22.4876],[90.1009,22.4996],[90.1137,22.4936],[90.1169,22.503],[90.1234,22.4981],[90.1249,22.4899],[90.1318,22.4912],[90.1397,22.5046],[90.1517,22.5114],[90.1612,22.5017],[90.1714,22.5004],[90.1716,22.4942],[90.1881,22.4802],[90.1991,22.4924]]]}},{"type":"Feature","id":"ADM3_Rajarhat","properties":{"id":"ADM3_Rajarhat","name":"Rajarhat","district":"Kurigram"},"geometry":{"type":"Polygon","coordinates":[[[89.4922,25.7133],[89.5083,25.7173],[89.5222,25.7309],[89.5244,25.7248],[89.5413,25.7229],[89.5436,25.7285],[89.5444,25.7244],[89.5527,25.7239],[89.5521,25.7189],[89.5652,25.7225],[89.5722,25.7174],[89.5804,25.7265],[89.5792,25.7319],[89.5835,25.7274],[89.5895,25.7323],[89.5934,25.729],[89.5924,25.7428],[89.6157,25.7393],[89.6153,25.7452],[89.6264,25.7475],[89.6275,25.7526],[89.6193,25.7583],[89.6218,25.7603],[89.6162,25.7637],[89.6189,25.7661],[89.6107,25.775],[89.6139,25.7773],[89.6111,25.7807],[89.6012,25.7768],[89.5954,25.7799],[89.599,25.8044],[89.5836,25.8097],[89.5796,25.8156],[89.5837,25.8157],[89.585,25.8244],[89.5746,25.827],[89.5804,25.8386],[89.5711,25.8492],[89.5817,25.8455],[89.5822,25.855],[89.5882,25.8591],[89.5834,25.8683],[89.5944,25.8803],[89.5837,25.8787],[89.5779,25.889],[89.5661,25.879],[89.5544,25.8773],[89.5523,25.8616],[89.5327,25.8685],[89.5357,25.8239],[89.5294,25.8141],[89.5224,25.8141],[89.5168,25.8203],[89.5211,25.8145],[89.519,25.8055],[89.4923,25.8091],[89.4968,25.813],[89.4886,25.8132],[89.4828,25.834],[89.4775,25.8348],[89.4704,25.8249],[89.4637,25.8295],[89.4521,25.8225],[89.4518,25.8175],[89.4561,25.8165],[89.4628,25.8229],[89.4719,25.8129],[89.4594,25.8122],[89.4619,25.7988],[89.4579,25.7836],[89.4628,25.7862],[89.4694,25.7794],[89.4808,25.7531],[89.4866,25.7544],[89.5,25.7468],[89.4983,25.7302],[89.4849,25.7278],[89.4922,25.7133]]]}},{"type":"Feature","id":"ADM3_Rajasthali","properties":{"id":"ADM3_Rajasthali","name":"Rajasthali","district":"Rangamati"},"geometry":{"type":"Polygon","coordinates":[[[92.277,22.3539],[92.36,22.3413],[92.2842,22.4513],[92.2491,22.4135],[92.2136,22.3882],[92.2154,22.3648],[92.2066,22.3573],[92.1805,22.3678],[92.1659,22.394],[92.1342,22.401],[92.1154,22.4137],[92.0994,22.3997],[92.1043,22.3909],[92.1084,22.3917],[92.1204,22.3667],[92.14,22.3675],[92.1394,22.3549],[92.1319,22.3529],[92.1332,22.3494],[92.1863,22.3469],[92.1976,22.3434],[92.1959,22.3321],[92.2213,22.3306],[92.2647,22.3443],[92.277,22.3539]]]}},{"type":"Feature","id":"ADM3_RajbariSadar","properties":{"id":"ADM3_RajbariSadar","name":"Rajbari Sadar","district":"Rajbari"},"geometry":{"type":"Polygon","coordinates":[[[89.6665,23.6088],[89.6727,23.5963],[89.6697,23.5852],[89.6733,23.5844],[89.6903,23.5896],[89.7114,23.5887],[89.712,23.5968],[89.7178,23.5952],[89.7245,23.5836],[89.7417,23.5834],[89.7407,23.5896],[89.7527,23.5904],[89.7547,23.5972],[89.7284,23.619],[89.726,23.6304],[89.7314,23.6365],[89.7304,23.6551],[89.7283,23.6663],[89.7213,23.6725],[89.7323,23.6776],[89.7385,23.6663],[89.7557,23.6666],[89.7479,23.691],[89.7346,23.7021],[89.7209,23.705],[89.7202,23.7148],[89.7287,23.7127],[89.7189,23.7233],[89.7181,23.7382],[89.7256,23.7708],[89.7095,23.7781],[89.7155,23.7866],[89.7022,23.7989],[89.6869,23.8023],[89.6799,23.8114],[89.6294,23.8092],[89.5837,23.8144],[89.5721,23.8081],[89.5299,23.8163],[89.5248,23.8043],[89.5338,23.8009],[89.5307,23.7916],[89.5255,23.7927],[89.531,23.7888],[89.5204,23.7837],[89.5234,23.7709],[89.5388,23.7675],[89.555,23.75],[89.5649,23.7503],[89.5664,23.746],[89.5778,23.7508],[89.5744,23.741],[89.5887,23.7367],[89.5877,23.7326],[89.5957,23.7278],[89.5945,23.7102],[89.6004,23.6995],[89.5971,23.6928],[89.6057,23.6778],[89.6148,23.6778],[89.6165,23.6661],[89.6101,23.6652],[89.6107,23.6578],[89.6226,23.652],[89.6357,23.6524],[89.6426,23.6441],[89.6548,23.6469],[89.6594,23.6248],[89.6678,23.6205],[89.6665,23.6088]]]}},{"type":"Feature","id":"ADM3_Rajnagar","properties":{"id":"ADM3_Rajnagar","name":"Rajnagar","district":"Maulvibazar"},"geometry":{"type":"Polygon","coordinates":[[[91.7366,24.5978],[91.7379,24.5901],[91.7431,24.5897],[91.7394,24.5868],[91.7512,24.5857],[91.7522,24.5772],[91.7465,24.5696],[91.7628,24.5739],[91.7667,24.5505],[91.7876,24.5448],[91.7877,24.5384],[91.7979,24.538],[91.8038,24.5151],[91.8127,24.514],[91.806,24.5022],[91.8148,24.4997],[91.8153,24.4912],[91.825,24.4964],[91.8217,24.484],[91.8342,24.4757],[91.8288,24.4729],[91.8305,24.4609],[91.8568,24.4554],[91.8759,24.4569],[91.8743,24.443],[91.885,24.4325],[91.8947,24.4346],[91.9023,24.4453],[91.9037,24.4559],[91.8993,24.4594],[91.9157,24.4609],[91.9174,24.466],[91.911,24.4699],[91.9114,24.4635],[91.9091,24.4703],[91.927,24.4805],[91.922,24.4932],[91.9374,24.4915],[91.9375,24.5093],[91.9334,24.5096],[91.9338,24.5167],[91.9241,24.5173],[91.9263,24.5251],[91.9198,24.5421],[91.9347,24.5418],[91.9305,24.5584],[91.9365,24.5864],[91.942,24.5862],[91.9466,24.5962],[91.9545,24.5997],[91.9478,24.6127],[91.9485,24.6259],[91.9665,24.6249],[91.9669,24.6389],[91.9638,24.6457],[91.9335,24.6551],[91.9311,24.6618],[91.9228,24.6524],[91.91,24.6557],[91.9112,24.6617],[91.9032,24.6636],[91.9024,24.6519],[91.8907,24.6462],[91.8813,24.6573],[91.8656,24.6571],[91.8617,24.6498],[91.8468,24.6445],[91.8409,24.6518],[91.8318,24.6538],[91.7996,24.6374],[91.7948,24.6463],[91.7819,24.6421],[91.7811,24.6264],[91.7712,24.6256],[91.7502,24.5989],[91.7366,24.5978]]]}},{"type":"Feature","id":"ADM3_Rajoir","properties":{"id":"ADM3_Rajoir","name":"Rajoir","district":"Madaripur"},"geometry":{"type":"Polygon","coordinates":[[[90.0239,23.2883],[90.0212,23.2751],[90.0313,23.2643],[90.0228,23.2557],[90.0261,23.2508],[90.0214,23.2358],[90.0179,23.2304],[90.0093,23.2347],[89.9965,23.2168],[89.9847,23.2182],[89.9815,23.1996],[89.9763,23.1955],[89.9773,23.1819],[89.9714,23.1811],[89.9666,23.1647],[89.9631,23.1609],[89.9491,23.1623],[89.9489,23.1577],[89.9436,23.1572],[89.9409,23.1249],[89.9361,23.1182],[89.9684,23.1098],[89.9843,23.1105],[89.9928,23.1319],[90.0118,23.1388],[90.0137,23.1292],[90.0441,23.1213],[90.0407,23.1087],[90.0504,23.1065],[90.0621,23.1201],[90.0739,23.1192],[90.0832,23.1264],[90.0852,23.1501],[90.0982,23.153],[90.0981,23.1667],[90.1041,23.1728],[90.0962,23.1721],[90.0885,23.1805],[90.0965,23.1946],[90.0939,23.2141],[90.1213,23.228],[90.1056,23.2333],[90.1032,23.2375],[90.1085,23.2459],[90.1049,23.2527],[90.0988,23.2563],[90.0962,23.2513],[90.0914,23.2523],[90.0948,23.261],[90.0837,23.2727],[90.0943,23.2749],[90.094,23.2805],[90.0818,23.2859],[90.0848,23.2952],[90.0749,23.3032],[90.0758,23.3092],[90.0676,23.3052],[90.0539,23.3251],[90.034,23.3406],[90.033,23.3146],[90.0251,23.3046],[90.0239,23.2883]]]}},{"type":"Feature","id":"ADM3_Rajpara","properties":{"id":"ADM3_Rajpara","name":"Rajpara","district":"Rajshahi"},"geometry":{"type":"Polygon","coordinates":[[[88.5797,24.3859],[88.571,24.3826],[88.5689,24.3956],[88.5555,24.3973],[88.5493,24.3852],[88.5428,24.3824],[88.555,24.3758],[88.5492,24.3619],[88.5893,24.3633],[88.5893,24.3673],[88.5743,24.3693],[88.5784,24.3729],[88.5897,24.3696],[88.593,24.3755],[88.5941,24.3793],[88.581,24.3809],[88.5797,24.3859]]]}},{"type":"Feature","id":"ADM3_Ramganj","properties":{"id":"ADM3_Ramganj","name":"Ramganj","district":"Lakshmipur"},"geometry":{"type":"Polygon","coordinates":[[[90.9618,23.131],[90.9622,23.1381],[90.9555,23.1459],[90.9358,23.1435],[90.9229,23.149],[90.9121,23.1478],[90.9139,23.1563],[90.9032,23.1519],[90.902,23.1623],[90.8915,23.172],[90.8681,23.1735],[90.8466,23.1669],[90.8459,23.1597],[90.8511,23.1541],[90.8393,23.1482],[90.8363,23.1382],[90.8213,23.1335],[90.8152,23.1221],[90.7964,23.1186],[90.7898,23.0853],[90.7901,23.0793],[90.7938,23.08],[90.7869,23.077],[90.8014,23.0649],[90.8287,23.0521],[90.8349,23.042],[90.8434,23.0438],[90.8495,23.0346],[90.8474,23.0258],[90.8631,23.0228],[90.8594,23.013],[90.8726,23.0129],[90.8747,23.024],[90.888,23.0205],[90.8975,23.0392],[90.9068,23.0346],[90.9062,23.0419],[90.9188,23.0419],[90.9104,23.058],[90.9008,23.0619],[90.899,23.0715],[90.9191,23.0655],[90.9114,23.0798],[90.9292,23.0805],[90.9308,23.0907],[90.9395,23.0837],[90.9453,23.0858],[90.9415,23.1015],[90.9536,23.113],[90.9531,23.1261],[90.9618,23.131]]]}},{"type":"Feature","id":"ADM3_Ramgarh","properties":{"id":"ADM3_Ramgarh","name":"Ramgarh","district":"Khagrachhari"},"geometry":{"type":"Polygon","coordinates":[[[91.7472,22.8702],[91.7591,22.8681],[91.7682,22.8728],[91.7845,22.8951],[91.8368,22.9072],[91.8479,22.8865],[91.8558,22.8857],[91.8659,22.8711],[91.8994,22.8713],[91.907,22.8766],[91.8996,22.8822],[91.9022,22.8925],[91.9453,22.9088],[91.9458,22.9307],[91.961,22.9252],[91.9724,22.9313],[91.9756,22.9535],[91.9829,22.964],[91.974,22.9845],[91.8913,22.9696],[91.8706,22.9469],[91.8607,22.9429],[91.8347,22.9581],[91.8249,22.9746],[91.8048,22.9647],[91.7957,22.9684],[91.7887,22.9795],[91.7885,22.9934],[91.7632,23.0027],[91.7575,23.0245],[91.7438,23.0066],[91.726,22.999],[91.7208,22.9878],[91.7119,22.9864],[91.7233,22.9576],[91.7285,22.9559],[91.7257,22.9422],[91.7306,22.9402],[91.7257,22.9384],[91.7209,22.9144],[91.7252,22.9068],[91.7164,22.8869],[91.7293,22.8777],[91.7302,22.8718],[91.7472,22.8702]]]}},{"type":"Feature","id":"ADM3_Ramgati","properties":{"id":"ADM3_Ramgati","name":"Ramgati","district":"Lakshmipur"},"geometry":{"type":"MultiPolygon","coordinates":[[[[90.9765,22.522],[90.9511,22.5473],[90.8938,22.5603],[90.9321,22.497],[90.9765,22.522]]],[[[91.0165,22.5793],[91.0092,22.6127],[90.9884,22.6393],[91.0009,22.6656],[91.0169,22.6786],[91.0078,22.7072],[90.9765,22.7154],[90.9643,22.7241],[90.9587,22.7206],[90.947,22.7245],[90.9456,22.7333],[90.9393,22.7249],[90.9192,22.7226],[90.9134,22.7128],[90.9046,22.7124],[90.9039,22.7067],[90.8733,22.7039],[90.8366,22.6868],[90.8494,22.6706],[90.8908,22.6602],[90.9859,22.5868],[91.0174,22.5682],[91.0165,22.5793]]]]}},{"type":"Feature","id":"ADM3_Ramna","properties":{"id":"ADM3_Ramna","name":"Ramna","district":"Dhaka"},"geometry":{"type":"Polygon","coordinates":[[[90.413,23.7499],[90.4164,23.7559],[90.409,23.7611],[90.3941,23.7476],[90.396,23.7415],[90.4103,23.7362],[90.413,23.7499]]]}},{"type":"Feature","id":"ADM3_Rampal","properties":{"id":"ADM3_Rampal","name":"Rampal","district":"Bagerhat"},"geometry":{"type":"Polygon","coordinates":[[[89.6468,22.6805],[89.6255,22.6773],[89.6185,22.6529],[89.6017,22.6452],[89.5826,22.647],[89.5733,22.662],[89.5772,22.6684],[89.5565,22.6784],[89.5491,22.6614],[89.5524,22.6409],[89.5371,22.6256],[89.5324,22.6091],[89.5349,22.6003],[89.5551,22.5719],[89.5673,22.577],[89.5749,22.5631],[89.5876,22.567],[89.6079,22.5347],[89.6254,22.5363],[89.6328,22.5275],[89.633,22.5367],[89.6442,22.534],[89.6498,22.5252],[89.6471,22.5171],[89.6528,22.515],[89.6612,22.5299],[89.6698,22.5253],[89.6816,22.5281],[89.6828,22.5226],[89.6972,22.5131],[89.692,22.5122],[89.6954,22.5063],[89.7053,22.5072],[89.7062,22.5019],[89.7251,22.5043],[89.7621,22.5345],[89.773,22.5366],[89.7733,22.5549],[89.7852,22.5719],[89.7741,22.5726],[89.7627,22.5592],[89.7616,22.5852],[89.7537,22.5865],[89.7443,22.5795],[89.7413,22.5837],[89.7309,22.5807],[89.7273,22.5848],[89.7097,22.5819],[89.715,22.5879],[89.7106,22.6051],[89.714,22.616],[89.7277,22.6257],[89.7241,22.6424],[89.7045,22.6431],[89.6836,22.6554],[89.6621,22.6488],[89.6598,22.6833],[89.6468,22.6805]]]}},{"type":"Feature","id":"ADM3_Rampura","properties":{"id":"ADM3_Rampura","name":"Rampura","district":"Dhaka"},"geometry":{"type":"Polygon","coordinates":[[[90.4176,23.7698],[90.409,23.7611],[90.4164,23.7559],[90.413,23.7499],[90.425,23.7507],[90.4336,23.7632],[90.4176,23.7698]]]}},{"type":"Feature","id":"ADM3_Ramu","properties":{"id":"ADM3_Ramu","name":"Ramu","district":"Cox's Bazar"},"geometry":{"type":"Polygon","coordinates":[[[92.1064,21.582],[92.0981,21.5711],[92.1057,21.5702],[92.1076,21.5626],[92.0861,21.5512],[92.1064,21.5446],[92.1254,21.5447],[92.1341,21.5096],[92.123,21.5021],[92.1187,21.5118],[92.1075,21.5175],[92.0998,21.5134],[92.0849,21.5144],[92.0863,21.5187],[92.0783,21.5217],[92.0442,21.5199],[92.045,21.5095],[92.0603,21.5077],[92.0621,21.4927],[92.0789,21.4934],[92.0758,21.483],[92.0652,21.4881],[92.058,21.4845],[92.0635,21.4815],[92.0587,21.4762],[92.065,21.474],[92.0623,21.4461],[92.0694,21.4251],[92.0525,21.4204],[92.0525,21.4261],[92.0363,21.4288],[92.0216,21.4071],[92.0252,21.4011],[92.0214,21.3973],[91.9996,21.3942],[92.0204,21.3628],[92.0349,21.3286],[92.035,21.3148],[92.0572,21.289],[92.0735,21.293],[92.0764,21.3002],[92.0863,21.3027],[92.0826,21.3076],[92.1003,21.3145],[92.108,21.3276],[92.1184,21.326],[92.127,21.342],[92.1431,21.3488],[92.1265,21.4009],[92.1366,21.4035],[92.1435,21.4],[92.156,21.4125],[92.1557,21.4249],[92.1636,21.4318],[92.179,21.4318],[92.1827,21.4241],[92.1878,21.4265],[92.2019,21.3905],[92.22,21.4008],[92.2355,21.3978],[92.2468,21.4025],[92.247,21.4081],[92.2379,21.4137],[92.2417,21.4258],[92.2334,21.4296],[92.2294,21.4463],[92.2352,21.4475],[92.2351,21.4532],[92.2423,21.4521],[92.2384,21.457],[92.2388,21.4753],[92.2319,21.4822],[92.2268,21.4789],[92.2216,21.4832],[92.2229,21.4947],[92.2167,21.4986],[92.2173,21.5037],[92.2026,21.5032],[92.2014,21.5141],[92.1862,21.5102],[92.1858,21.501],[92.1825,21.5123],[92.1748,21.5075],[92.1595,21.5332],[92.1593,21.5415],[92.1773,21.5549],[92.1847,21.5684],[92.1686,21.5881],[92.1736,21.6],[92.1667,21.6056],[92.1489,21.5956],[92.1402,21.6008],[92.1214,21.5826],[92.1215,21.5859],[92.1158,21.5817],[92.1157,21.589],[92.1138,21.5816],[92.1064,21.582]]]}},{"type":"Feature","id":"ADM3_RangamatiSadar","properties":{"id":"ADM3_RangamatiSadar","name":"Rangamati Sadar","district":"Rangamati"},"geometry":{"type":"Polygon","coordinates":[[[92.1879,22.7965],[92.1763,22.8254],[92.1407,22.8046],[92.1383,22.7853],[92.1217,22.7709],[92.1259,22.7577],[92.112,22.7488],[92.0973,22.7514],[92.0625,22.7154],[92.0049,22.7045],[92.0533,22.6867],[92.0949,22.6482],[92.1166,22.6034],[92.1353,22.5475],[92.1536,22.514],[92.2134,22.5107],[92.2431,22.5002],[92.26,22.5019],[92.2796,22.4925],[92.2771,22.5117],[92.2844,22.5149],[92.2874,22.5284],[92.3119,22.5391],[92.3256,22.5428],[92.3522,22.523],[92.3758,22.5217],[92.3089,22.6559],[92.3015,22.6628],[92.2352,22.6913],[92.2018,22.7534],[92.1879,22.7965]]]}},{"type":"Feature","id":"ADM3_RangpurSadar","properties":{"id":"ADM3_RangpurSadar","name":"Rangpur Sadar","district":"Rangpur"},"geometry":{"type":"Polygon","coordinates":[[[89.1565,25.6664],[89.1818,25.6522],[89.2173,25.657],[89.2271,25.6665],[89.232,25.6615],[89.2334,25.6732],[89.2422,25.6766],[89.2434,25.6674],[89.2586,25.6696],[89.2633,25.6785],[89.2762,25.6796],[89.2786,25.6724],[89.2827,25.6823],[89.2933,25.676],[89.2925,25.6703],[89.2999,25.6735],[89.3063,25.6666],[89.3183,25.6653],[89.3167,25.6743],[89.3218,25.6725],[89.3195,25.6776],[89.3235,25.6844],[89.3103,25.6881],[89.3046,25.6963],[89.3234,25.7143],[89.3079,25.7219],[89.3052,25.7308],[89.2958,25.7333],[89.3036,25.7438],[89.2978,25.7465],[89.3177,25.8113],[89.3055,25.8078],[89.3074,25.8111],[89.3024,25.8116],[89.3037,25.8158],[89.2984,25.82],[89.2914,25.817],[89.2842,25.8234],[89.2726,25.8148],[89.2724,25.8202],[89.268,25.8189],[89.263,25.8129],[89.254,25.8185],[89.2554,25.8242],[89.2486,25.8258],[89.2347,25.817],[89.2093,25.8209],[89.2054,25.8257],[89.2099,25.8288],[89.2002,25.8362],[89.1893,25.8283],[89.1895,25.8218],[89.1978,25.8187],[89.1922,25.8173],[89.1911,25.8114],[89.1873,25.8185],[89.1809,25.8119],[89.1779,25.816],[89.1782,25.8115],[89.1747,25.8149],[89.1772,25.822],[89.1683,25.8147],[89.1539,25.819],[89.1559,25.8137],[89.1397,25.8194],[89.1323,25.8096],[89.1183,25.8062],[89.1178,25.8008],[89.1061,25.8081],[89.1052,25.7919],[89.1092,25.7898],[89.107,25.7846],[89.097,25.7824],[89.1045,25.7749],[89.0991,25.7739],[89.0967,25.7652],[89.1074,25.7605],[89.1088,25.7541],[89.0952,25.7513],[89.101,25.7362],[89.0834,25.7257],[89.085,25.7183],[89.0884,25.7143],[89.0953,25.7181],[89.0992,25.715],[89.1007,25.722],[89.108,25.7211],[89.11,25.7259],[89.1299,25.7235],[89.1383,25.7178],[89.1422,25.724],[89.1401,25.7141],[89.1502,25.7091],[89.152,25.7028],[89.1464,25.6958],[89.1587,25.6899],[89.1565,25.6664]]]}},{"type":"Feature","id":"ADM3_Rangunia","properties":{"id":"ADM3_Rangunia","name":"Rangunia","district":"Chittagong"},"geometry":{"type":"Polygon","coordinates":[[[92.1459,22.3477],[92.132,22.351],[92.1394,22.3549],[92.14,22.3675],[92.1204,22.3667],[92.1084,22.3917],[92.1043,22.3909],[92.0994,22.3997],[92.1185,22.4161],[92.1163,22.4233],[92.1237,22.4231],[92.1273,22.4307],[92.1428,22.4368],[92.139,22.4402],[92.1402,22.4501],[92.1282,22.4588],[92.134,22.4641],[92.13,22.4739],[92.1333,22.4791],[92.1159,22.5305],[92.1078,22.5299],[92.1068,22.5563],[92.0991,22.5581],[92.105,22.5662],[92.1013,22.5759],[92.0862,22.5853],[92.0807,22.5946],[92.0758,22.5935],[92.0804,22.6096],[92.0603,22.6148],[92.0453,22.6071],[92.046,22.6111],[92.0405,22.6114],[92.0408,22.62],[92.0355,22.6226],[92.0313,22.6109],[92.0129,22.6049],[92.0059,22.5866],[92.0175,22.569],[92.0147,22.5487],[92.0219,22.5434],[92.0213,22.5358],[92.0281,22.5277],[92.0174,22.518],[92.0216,22.5093],[92.0162,22.5063],[92.0162,22.4992],[92.0057,22.4966],[92.0047,22.4886],[91.9783,22.4801],[91.9804,22.4675],[91.9851,22.4665],[91.9774,22.4614],[91.987,22.4437],[91.9663,22.439],[91.9654,22.4214],[91.9821,22.4129],[91.9953,22.4125],[92.0242,22.4256],[92.0219,22.4059],[92.0336,22.3993],[92.0378,22.3789],[92.047,22.366],[92.0675,22.3697],[92.0797,22.348],[92.0796,22.3369],[92.088,22.328],[92.0887,22.3156],[92.103,22.3027],[92.1155,22.3006],[92.1157,22.3069],[92.1331,22.316],[92.1454,22.3097],[92.1509,22.3123],[92.1547,22.3232],[92.1517,22.3334],[92.1437,22.3327],[92.1459,22.3477]]]}},{"type":"Feature","id":"ADM3_Raninagar","properties":{"id":"ADM3_Raninagar","name":"Raninagar","district":"Naogaon"},"geometry":{"type":"Polygon","coordinates":[[[88.9624,24.7467],[88.9544,24.7503],[88.9508,24.7441],[88.9473,24.7484],[88.9424,24.7373],[88.9325,24.7311],[88.9157,24.7288],[88.9059,24.7326],[88.9033,24.7253],[88.893,24.7346],[88.8791,24.7278],[88.8747,24.7206],[88.8711,24.725],[88.8649,24.7208],[88.867,24.7257],[88.8524,24.7304],[88.8516,24.7117],[88.8457,24.713],[88.8439,24.7087],[88.8466,24.6995],[88.8644,24.6981],[88.8863,24.68],[88.8929,24.6926],[88.8904,24.7006],[88.8973,24.7079],[88.9179,24.6931],[88.9194,24.6853],[88.9275,24.6827],[88.9289,24.6743],[88.9221,24.6685],[88.941,24.6664],[88.9417,24.6696],[88.9481,24.6647],[88.952,24.6673],[88.9464,24.6822],[88.9487,24.6961],[88.9759,24.6975],[88.9827,24.6926],[88.9909,24.6713],[89.017,24.673],[89.015,24.6592],[89.0285,24.6546],[89.0323,24.6577],[89.0437,24.6485],[89.0535,24.6492],[89.0546,24.6399],[89.0665,24.6368],[89.075,24.6506],[89.0782,24.6696],[89.0834,24.6714],[89.0936,24.6693],[89.0925,24.644],[89.1033,24.6403],[89.1045,24.6348],[89.1188,24.6417],[89.1215,24.6538],[89.1242,24.6498],[89.1249,24.654],[89.1288,24.6508],[89.1356,24.6549],[89.1319,24.6592],[89.1353,24.66],[89.1332,24.672],[89.1383,24.6896],[89.1319,24.6928],[89.1312,24.6993],[89.1363,24.7018],[89.1319,24.7045],[89.1356,24.7115],[89.1451,24.7145],[89.1506,24.7387],[89.1361,24.7325],[89.1333,24.7425],[89.1264,24.7386],[89.129,24.7329],[89.1232,24.7299],[89.1264,24.7311],[89.1277,24.7226],[89.1317,24.7261],[89.1302,24.7141],[89.1283,24.7211],[89.1154,24.7246],[89.1107,24.7216],[89.118,24.721],[89.1206,24.7144],[89.1071,24.7153],[89.099,24.7258],[89.0835,24.7186],[89.0834,24.73],[89.088,24.7271],[89.0969,24.7342],[89.084,24.7407],[89.0963,24.7513],[89.089,24.7527],[89.085,24.7588],[89.0878,24.763],[89.0818,24.7647],[89.0884,24.7847],[89.0768,24.7891],[89.0717,24.7819],[89.0689,24.7849],[89.0631,24.7813],[89.0596,24.7864],[89.0548,24.7808],[89.0502,24.7905],[89.0458,24.7892],[89.0376,24.781],[89.0213,24.78],[89.0213,24.7714],[89.0142,24.7701],[89.0113,24.7638],[88.9972,24.7664],[88.9892,24.7545],[88.9898,24.7435],[88.9801,24.7471],[88.9734,24.739],[88.9624,24.7467]]]}},{"type":"Feature","id":"ADM3_Ranisankail","properties":{"id":"ADM3_Ranisankail","name":"Ranisankail","district":"Thakurgaon"},"geometry":{"type":"Polygon","coordinates":[[[88.1791,26.0301],[88.1828,26.0267],[88.1792,26.0226],[88.1548,26.0201],[88.1396,26.013],[88.1436,26.0005],[88.1348,25.9982],[88.1433,25.9912],[88.1678,25.9894],[88.1663,25.9613],[88.1764,25.9581],[88.1798,25.9658],[88.187,25.961],[88.1903,25.9459],[88.2005,25.9346],[88.1968,25.9284],[88.1825,25.9269],[88.1806,25.9193],[88.1854,25.9127],[88.1979,25.9106],[88.1903,25.8936],[88.2052,25.8865],[88.1934,25.8768],[88.1907,25.8547],[88.1979,25.8543],[88.2086,25.832],[88.2334,25.8382],[88.2417,25.8181],[88.2364,25.8106],[88.2469,25.8061],[88.2486,25.8135],[88.2587,25.8113],[88.2662,25.8181],[88.2609,25.8279],[88.253,25.8253],[88.2506,25.8333],[88.2553,25.8424],[88.2863,25.8483],[88.2941,25.8634],[88.3056,25.8609],[88.3155,25.8878],[88.3206,25.8876],[88.3187,25.8973],[88.3274,25.9014],[88.3224,25.9274],[88.3288,25.9359],[88.3299,25.9579],[88.345,25.9627],[88.3475,25.9771],[88.3368,25.9797],[88.3373,25.9873],[88.3309,25.995],[88.3238,25.9976],[88.3213,25.9921],[88.3134,25.9922],[88.2986,26.0036],[88.2915,26.0014],[88.2878,25.9901],[88.2715,25.9915],[88.2653,25.9999],[88.2713,26.0214],[88.2645,26.0228],[88.2602,26.0155],[88.241,26.0187],[88.235,26.025],[88.24,26.0386],[88.2297,26.0448],[88.2331,26.055],[88.2267,26.0599],[88.2238,26.0553],[88.2136,26.0567],[88.2103,26.0494],[88.2049,26.0532],[88.1979,26.0389],[88.1791,26.0301]]]}},{"type":"Feature","id":"ADM3_Raozan","properties":{"id":"ADM3_Raozan","name":"Raozan","district":"Chittagong"},"geometry":{"type":"MultiPolygon","coordinates":[[[[91.8715,22.4727],[91.874,22.4683],[91.8771,22.4714],[91.8715,22.4727]]],[[[91.8444,22.562],[91.8389,22.5528],[91.8456,22.5558],[91.8433,22.5499],[91.8467,22.5466],[91.8404,22.5432],[91.8472,22.5332],[91.843,22.537],[91.8394,22.5312],[91.8566,22.5221],[91.8413,22.5147],[91.8394,22.5094],[91.8475,22.502],[91.8775,22.5057],[91.8725,22.4981],[91.8819,22.4862],[91.8802,22.4714],[91.8863,22.4701],[91.8738,22.4673],[91.8673,22.4722],[91.8595,22.4671],[91.8773,22.466],[91.8755,22.4483],[91.8715,22.4616],[91.8621,22.4623],[91.86,22.4538],[91.8752,22.4332],[91.8911,22.43],[91.8841,22.4181],[91.8932,22.4059],[91.9183,22.4227],[91.9485,22.4255],[91.9654,22.4214],[91.9663,22.439],[91.987,22.4437],[91.9774,22.4614],[91.9851,22.4665],[91.9804,22.4675],[91.9812,22.489],[91.9894,22.4902],[91.976,22.4904],[91.9704,22.4953],[91.974,22.5069],[91.9782,22.5078],[91.9769,22.5174],[91.9715,22.5193],[91.9725,22.5343],[91.9665,22.5442],[91.9693,22.5478],[91.9642,22.5632],[91.959,22.5654],[91.9619,22.5741],[91.9567,22.5778],[91.9559,22.5897],[91.9413,22.607],[91.945,22.6117],[91.9388,22.6241],[91.9347,22.6571],[91.9236,22.6575],[91.9232,22.6662],[91.9171,22.6674],[91.908,22.6448],[91.9137,22.6431],[91.9152,22.6353],[91.908,22.6296],[91.9133,22.6253],[91.9109,22.6202],[91.8986,22.6208],[91.8989,22.6112],[91.8925,22.6101],[91.8883,22.5972],[91.8783,22.5946],[91.8725,22.5622],[91.8633,22.5624],[91.8638,22.5789],[91.8444,22.562]]]]}},{"type":"Feature","id":"ADM3_Raumari","properties":{"id":"ADM3_Raumari","name":"Raumari","district":"Kurigram"},"geometry":{"type":"Polygon","coordinates":[[[89.8346,25.4424],[89.8523,25.4664],[89.8492,25.4925],[89.8551,25.4973],[89.8602,25.5177],[89.8512,25.5387],[89.8659,25.5463],[89.8824,25.6173],[89.871,25.6626],[89.8632,25.666],[89.8466,25.6957],[89.8508,25.7124],[89.8337,25.7172],[89.8251,25.7125],[89.812,25.6881],[89.8091,25.6645],[89.8023,25.667],[89.8001,25.6824],[89.7872,25.6828],[89.791,25.6947],[89.779,25.693],[89.7797,25.6852],[89.7735,25.6844],[89.7708,25.6714],[89.776,25.6633],[89.7731,25.6485],[89.7812,25.6357],[89.78,25.6275],[89.7979,25.606],[89.7788,25.5588],[89.8021,25.5498],[89.7998,25.5427],[89.7894,25.5384],[89.7866,25.5286],[89.7952,25.4718],[89.8112,25.4685],[89.8118,25.4842],[89.819,25.4859],[89.829,25.4741],[89.8275,25.4625],[89.8346,25.4424]]]}},{"type":"Feature","id":"ADM3_Rowangchhari","properties":{"id":"ADM3_Rowangchhari","name":"Rowangchhari","district":"Bandarban"},"geometry":{"type":"Polygon","coordinates":[[[92.2843,22.0197],[92.3107,22.0431],[92.3136,22.0627],[92.3219,22.0708],[92.3141,22.0892],[92.3174,22.117],[92.344,22.1264],[92.3609,22.1475],[92.3802,22.1471],[92.4102,22.1553],[92.4638,22.1911],[92.4867,22.1988],[92.4807,22.2277],[92.4637,22.2542],[92.3726,22.3362],[92.2826,22.3556],[92.277,22.3539],[92.2778,22.3117],[92.2691,22.2807],[92.2872,22.2743],[92.2722,22.2369],[92.3016,22.2245],[92.3103,22.2055],[92.3095,22.1968],[92.2957,22.1809],[92.2778,22.176],[92.2523,22.2109],[92.2197,22.1959],[92.2208,22.1781],[92.2047,22.1645],[92.2638,22.0692],[92.2843,22.0197]]]}},{"type":"Feature","id":"ADM3_Royganj","properties":{"id":"ADM3_Royganj","name":"Royganj","district":"Sirajganj"},"geometry":{"type":"Polygon","coordinates":[[[89.5289,24.5616],[89.5322,24.547],[89.52,24.5363],[89.5223,24.5516],[89.5085,24.5568],[89.4977,24.5528],[89.4857,24.5569],[89.4728,24.5517],[89.4732,24.5438],[89.46,24.5424],[89.4558,24.5471],[89.4311,24.5508],[89.4249,24.5609],[89.4098,24.561],[89.4071,24.5526],[89.3936,24.5518],[89.3895,24.5411],[89.3999,24.5402],[89.4009,24.5268],[89.4113,24.5213],[89.4259,24.4987],[89.4159,24.4912],[89.4114,24.4799],[89.4286,24.4783],[89.43,24.4715],[89.4409,24.4709],[89.4546,24.4789],[89.4543,24.4685],[89.4474,24.468],[89.4398,24.459],[89.4425,24.4473],[89.4354,24.4392],[89.4388,24.4293],[89.4337,24.4248],[89.4649,24.4247],[89.4807,24.4178],[89.4831,24.4284],[89.5092,24.437],[89.5145,24.4341],[89.5116,24.4244],[89.507,24.426],[89.5054,24.4089],[89.5138,24.4114],[89.5158,24.423],[89.5278,24.4186],[89.5317,24.4227],[89.5293,24.4306],[89.552,24.4381],[89.5581,24.4366],[89.5577,24.4301],[89.5657,24.4328],[89.5704,24.4293],[89.576,24.4183],[89.5789,24.4232],[89.5866,24.4214],[89.5872,24.4171],[89.5981,24.4172],[89.5993,24.422],[89.608,24.4241],[89.5984,24.4354],[89.6077,24.4413],[89.5933,24.4452],[89.5966,24.4517],[89.61,24.4428],[89.6202,24.4455],[89.6178,24.4576],[89.6233,24.4641],[89.6121,24.4791],[89.6222,24.4842],[89.6151,24.4867],[89.6153,24.4992],[89.6057,24.5145],[89.5987,24.5178],[89.6011,24.5335],[89.6073,24.5391],[89.6037,24.546],[89.6171,24.5481],[89.6172,24.5544],[89.6018,24.5624],[89.5758,24.5475],[89.5652,24.5475],[89.5641,24.5534],[89.5558,24.5554],[89.5532,24.5481],[89.5465,24.5476],[89.5458,24.5536],[89.5386,24.5539],[89.5329,24.5633],[89.5289,24.5616]]]}},{"type":"Feature","id":"ADM3_Roypur","properties":{"id":"ADM3_Roypur","name":"Roypur","district":"Lakshmipur"},"geometry":{"type":"MultiPolygon","coordinates":[[[[90.6916,22.8995],[90.6974,22.9002],[90.6904,22.9024],[90.6916,22.8995]]],[[[90.7277,22.9056],[90.7238,22.9091],[90.7258,22.9042],[90.7277,22.9056]]],[[[90.7244,22.9108],[90.7243,22.918],[90.7209,22.922],[90.7203,22.9143],[90.7227,22.9108],[90.7244,22.9108]]],[[[90.6874,22.9184],[90.6829,22.9259],[90.6769,22.9314],[90.6791,22.9247],[90.6823,22.9235],[90.6851,22.9175],[90.6874,22.9184]]],[[[90.6769,22.9314],[90.6729,22.9378],[90.6663,22.9435],[90.6678,22.9397],[90.6769,22.9314]]],[[[90.6706,22.9579],[90.6658,22.965],[90.6673,22.9601],[90.6706,22.9579]]],[[[90.6904,23.0631],[90.6625,23.0507],[90.6666,23.0315],[90.6578,23.0234],[90.6697,23.0155],[90.6608,23.0132],[90.6628,23.0076],[90.6465,22.9844],[90.6493,22.9769],[90.669,22.9646],[90.7138,22.8955],[90.7249,22.9035],[90.7147,22.9402],[90.7323,22.9067],[90.7677,22.9234],[90.7583,22.9316],[90.7593,22.9473],[90.7349,22.9642],[90.743,22.9651],[90.7467,22.9773],[90.7554,22.97],[90.7577,22.9746],[90.7512,22.9862],[90.7568,22.9875],[90.7633,22.9812],[90.7726,22.9907],[90.7951,22.9907],[90.7953,22.9971],[90.807,23.006],[90.8117,23.0266],[90.8302,23.0356],[90.8317,23.0461],[90.8287,23.0521],[90.8014,23.0649],[90.7869,23.077],[90.7696,23.0772],[90.7521,23.0676],[90.7546,23.0599],[90.7433,23.0556],[90.7309,23.0419],[90.7067,23.0582],[90.6904,23.0631]]]]}},{"type":"Feature","id":"ADM3_Roypura","properties":{"id":"ADM3_Roypura","name":"Roypura","district":"Narsingdi"},"geometry":{"type":"Polygon","coordinates":[[[90.986,24.0306],[90.9622,24.0332],[90.9596,24.0396],[90.9651,24.0505],[90.957,24.0595],[90.9406,24.0545],[90.9294,24.061],[90.9282,24.0528],[90.9196,24.0505],[90.9136,24.0412],[90.9144,24.0501],[90.9082,24.0489],[90.9056,24.0544],[90.8715,24.029],[90.8694,24.0409],[90.8613,24.0468],[90.8622,24.0397],[90.8324,24.0514],[90.8228,24.0406],[90.8283,24.0224],[90.8283,24.0102],[90.8233,24.0077],[90.8251,23.9971],[90.8045,23.9796],[90.7838,23.9739],[90.7763,23.9782],[90.7721,23.9625],[90.7626,23.9543],[90.7653,23.9358],[90.7544,23.9335],[90.7492,23.9173],[90.7413,23.9117],[90.7424,23.8975],[90.748,23.8881],[90.7565,23.8844],[90.7727,23.8847],[90.794,23.9114],[90.8124,23.9119],[90.8218,23.8821],[90.8322,23.8732],[90.8402,23.876],[90.8413,23.8709],[90.8584,23.879],[90.8948,23.8632],[90.9088,23.8676],[90.9202,23.8829],[90.9312,23.9114],[90.9504,23.9264],[90.9531,23.9539],[90.9717,23.9677],[90.9738,23.9885],[90.9659,24.0054],[90.986,24.0306]]]}},{"type":"Feature","id":"ADM3_Ruma","properties":{"id":"ADM3_Ruma","name":"Ruma","district":"Bandarban"},"geometry":{"type":"Polygon","coordinates":[[[92.3048,21.9671],[92.3225,21.8898],[92.3782,21.9116],[92.4099,21.9327],[92.4275,21.9007],[92.4454,21.8529],[92.5027,21.8661],[92.5805,21.8944],[92.5701,21.9271],[92.5232,22.027],[92.5156,22.0679],[92.4986,22.1135],[92.4972,22.1533],[92.4867,22.1988],[92.4638,22.1911],[92.4102,22.1553],[92.3802,22.1471],[92.3609,22.1475],[92.344,22.1264],[92.3174,22.117],[92.3141,22.0892],[92.3219,22.0708],[92.3136,22.0627],[92.3107,22.0431],[92.2843,22.0197],[92.3048,21.9671]]]}},{"type":"Feature","id":"ADM3_Rupganj","properties":{"id":"ADM3_Rupganj","name":"Rupganj","district":"Narayanganj"},"geometry":{"type":"Polygon","coordinates":[[[90.6077,23.8343],[90.5958,23.8535],[90.598,23.8585],[90.6078,23.8583],[90.6095,23.8722],[90.613,23.8719],[90.6107,23.8852],[90.607,23.8833],[90.6031,23.8898],[90.5994,23.882],[90.5945,23.8816],[90.589,23.8885],[90.5707,23.895],[90.5576,23.8932],[90.5494,23.8853],[90.5345,23.887],[90.5257,23.8965],[90.5266,23.8906],[90.517,23.8879],[90.5202,23.8764],[90.5053,23.8748],[90.5023,23.8579],[90.4832,23.8469],[90.4713,23.8473],[90.4772,23.835],[90.4839,23.8316],[90.4878,23.8176],[90.4811,23.7935],[90.4716,23.7818],[90.4824,23.7734],[90.4857,23.7492],[90.4925,23.7433],[90.4899,23.736],[90.4975,23.7306],[90.5019,23.7181],[90.5128,23.7096],[90.5244,23.7174],[90.5265,23.7271],[90.5309,23.7285],[90.5294,23.7348],[90.5649,23.7443],[90.5612,23.7478],[90.5666,23.7608],[90.5779,23.7655],[90.5808,23.7629],[90.5813,23.7691],[90.5948,23.7821],[90.5878,23.7864],[90.5917,23.8003],[90.5869,23.8072],[90.5944,23.8119],[90.5899,23.8243],[90.6004,23.8338],[90.6077,23.8343]]]}},{"type":"Feature","id":"ADM3_Rupsa","properties":{"id":"ADM3_Rupsa","name":"Rupsa","district":"Khulna"},"geometry":{"type":"Polygon","coordinates":[[[89.6085,22.7608],[89.6112,22.774],[89.6159,22.7759],[89.6311,22.7629],[89.6441,22.7741],[89.6472,22.7529],[89.6542,22.755],[89.655,22.7727],[89.6611,22.7762],[89.6659,22.7989],[89.6769,22.7965],[89.6758,22.8126],[89.7113,22.8257],[89.7178,22.8484],[89.7114,22.858],[89.6987,22.8649],[89.6953,22.8742],[89.6989,22.8776],[89.6879,22.8875],[89.6863,22.8807],[89.6615,22.8757],[89.6598,22.8554],[89.6544,22.8491],[89.6465,22.8544],[89.6363,22.8492],[89.6279,22.8322],[89.6235,22.837],[89.6076,22.832],[89.6055,22.8417],[89.6115,22.8443],[89.6101,22.8474],[89.6006,22.8463],[89.5764,22.8566],[89.5552,22.8522],[89.553,22.8436],[89.5607,22.8227],[89.5746,22.8177],[89.5829,22.8025],[89.5843,22.7816],[89.5718,22.7636],[89.5818,22.7682],[89.5939,22.7613],[89.6085,22.7608]]]}},{"type":"Feature","id":"ADM3_Sabujbagh","properties":{"id":"ADM3_Sabujbagh","name":"Sabujbagh","district":"Dhaka"},"geometry":{"type":"Polygon","coordinates":[[[90.4602,23.7427],[90.4417,23.7471],[90.4266,23.744],[90.4284,23.7203],[90.4468,23.7233],[90.4474,23.7296],[90.4643,23.7348],[90.4602,23.7427]]]}},{"type":"Feature","id":"ADM3_Sadarpur","properties":{"id":"ADM3_Sadarpur","name":"Sadarpur","district":"Faridpur"},"geometry":{"type":"Polygon","coordinates":[[[90.0925,23.3741],[90.1013,23.3821],[90.0955,23.3862],[90.0956,23.4018],[90.1117,23.4112],[90.0931,23.4125],[90.1109,23.4316],[90.1058,23.4467],[90.1102,23.4558],[90.1283,23.4607],[90.1414,23.4754],[90.1574,23.4663],[90.1652,23.4898],[90.1719,23.4889],[90.182,23.498],[90.1583,23.5221],[90.135,23.5616],[90.102,23.5686],[90.0782,23.5614],[90.0864,23.555],[90.0814,23.5508],[90.0144,23.5494],[90.0071,23.5527],[89.9998,23.5453],[89.9901,23.5519],[89.9808,23.5489],[89.9701,23.5523],[89.9483,23.5385],[89.9386,23.5264],[89.9273,23.5361],[89.9265,23.5062],[89.9176,23.4939],[89.9342,23.4598],[89.9487,23.4634],[89.9643,23.4605],[89.9665,23.4658],[89.9846,23.4705],[89.9867,23.4755],[89.9986,23.4665],[90.0065,23.4676],[90.0044,23.456],[90.0213,23.4417],[90.0465,23.4559],[90.0501,23.4459],[90.0437,23.4447],[90.0451,23.4405],[90.0566,23.4424],[90.0749,23.4364],[90.0815,23.4154],[90.0803,23.4004],[90.0551,23.3866],[90.061,23.3804],[90.0615,23.3841],[90.07,23.3781],[90.0925,23.3741]]]}},{"type":"Feature","id":"ADM3_Sadullapur","properties":{"id":"ADM3_Sadullapur","name":"Sadullapur","district":"Gaibandha"},"geometry":{"type":"Polygon","coordinates":[[[89.5133,25.4366],[89.4975,25.4417],[89.4982,25.4511],[89.4795,25.4612],[89.4805,25.4679],[89.4877,25.4695],[89.4866,25.477],[89.5048,25.4838],[89.4989,25.491],[89.4898,25.4922],[89.4968,25.5025],[89.4886,25.5076],[89.4802,25.4932],[89.4413,25.4937],[89.442,25.4881],[89.4334,25.4869],[89.4301,25.4742],[89.4256,25.4759],[89.418,25.4643],[89.3988,25.464],[89.3914,25.4418],[89.3803,25.4437],[89.3779,25.4322],[89.3836,25.4287],[89.378,25.4243],[89.3817,25.4185],[89.3775,25.4171],[89.3784,25.4098],[89.3657,25.4029],[89.3646,25.3901],[89.3508,25.3788],[89.3549,25.3728],[89.344,25.3695],[89.3451,25.3527],[89.3402,25.337],[89.3472,25.3365],[89.3463,25.3278],[89.3397,25.329],[89.3302,25.3219],[89.3364,25.3142],[89.3439,25.3198],[89.3435,25.3074],[89.3495,25.2951],[89.3549,25.2924],[89.3631,25.2969],[89.3616,25.302],[89.3662,25.3056],[89.3875,25.3006],[89.3968,25.3108],[89.4104,25.3021],[89.4257,25.3003],[89.433,25.3069],[89.4307,25.3283],[89.4369,25.3314],[89.4325,25.3499],[89.4431,25.3512],[89.4487,25.3436],[89.4717,25.3425],[89.4724,25.3469],[89.4758,25.3435],[89.4742,25.3518],[89.4686,25.3542],[89.4768,25.3547],[89.471,25.3599],[89.4779,25.3645],[89.4731,25.3642],[89.4756,25.37],[89.4717,25.3659],[89.4733,25.3724],[89.4686,25.3751],[89.4904,25.3684],[89.5026,25.3794],[89.5058,25.3845],[89.4955,25.3874],[89.4945,25.3986],[89.4973,25.4041],[89.5054,25.4037],[89.5036,25.4069],[89.5205,25.4134],[89.5099,25.4226],[89.5149,25.4287],[89.5133,25.4366]]]}},{"type":"Feature","id":"ADM3_Saghatta","properties":{"id":"ADM3_Saghatta","name":"Saghatta","district":"Gaibandha"},"geometry":{"type":"Polygon","coordinates":[[[89.5677,25.2365],[89.5631,25.2378],[89.5536,25.2281],[89.5391,25.23],[89.5325,25.2223],[89.523,25.2263],[89.527,25.196],[89.513,25.1868],[89.5093,25.1963],[89.5006,25.1922],[89.5014,25.1825],[89.4972,25.1833],[89.4891,25.1734],[89.4935,25.1673],[89.4859,25.1531],[89.4914,25.1483],[89.4859,25.1399],[89.4934,25.1367],[89.4935,25.1441],[89.4951,25.1364],[89.5003,25.1381],[89.4984,25.1325],[89.491,25.1305],[89.5071,25.1234],[89.5054,25.1122],[89.5094,25.1134],[89.507,25.1109],[89.512,25.1051],[89.5031,25.0959],[89.5032,25.0889],[89.4951,25.0913],[89.5014,25.0854],[89.4985,25.0753],[89.5128,25.0742],[89.5102,25.0659],[89.507,25.0679],[89.509,25.0629],[89.5148,25.0604],[89.5178,25.0644],[89.5161,25.0591],[89.5236,25.056],[89.5244,25.0465],[89.5303,25.0463],[89.5336,25.0402],[89.5641,25.0379],[89.5731,25.0396],[89.5748,25.045],[89.6104,25.0509],[89.6403,25.0389],[89.6559,25.05],[89.6531,25.078],[89.6386,25.0901],[89.6494,25.1119],[89.6189,25.1109],[89.6169,25.0947],[89.6073,25.099],[89.6057,25.1185],[89.6147,25.1268],[89.6171,25.1504],[89.6118,25.1536],[89.6057,25.1422],[89.5995,25.153],[89.6026,25.1636],[89.6108,25.1644],[89.6127,25.1717],[89.5941,25.1867],[89.5852,25.1855],[89.5928,25.1932],[89.5853,25.1929],[89.5868,25.201],[89.5752,25.2156],[89.5772,25.22],[89.5669,25.2216],[89.5692,25.2306],[89.5744,25.2301],[89.5739,25.2349],[89.5677,25.2365]]]}},{"type":"Feature","id":"ADM3_Saidpur","properties":{"id":"ADM3_Saidpur","name":"Saidpur","district":"Nilphamari"},"geometry":{"type":"Polygon","coordinates":[[[88.952,25.7425],[88.9534,25.7506],[88.9454,25.7526],[88.9457,25.7614],[88.9404,25.7637],[88.9455,25.7641],[88.9455,25.7751],[88.9571,25.7783],[88.9618,25.7862],[88.9551,25.7882],[88.9607,25.7921],[88.9546,25.8026],[88.9471,25.8001],[88.943,25.8065],[88.9567,25.8138],[88.9853,25.8074],[88.9906,25.8143],[88.9984,25.8115],[89.0085,25.816],[89.0022,25.8238],[88.9907,25.8202],[88.9934,25.8235],[88.9879,25.8228],[88.9864,25.8301],[88.9895,25.8334],[88.9792,25.8349],[88.9902,25.8392],[88.9919,25.8452],[88.9854,25.8548],[88.9773,25.8569],[88.9788,25.8618],[88.9754,25.8589],[88.9623,25.8655],[88.9571,25.864],[88.9589,25.8583],[88.9523,25.8595],[88.9479,25.8538],[88.9278,25.8611],[88.9269,25.8503],[88.9143,25.8495],[88.9173,25.8425],[88.9114,25.8386],[88.9111,25.8429],[88.9017,25.8463],[88.8866,25.843],[88.8791,25.8316],[88.8815,25.822],[88.8713,25.8154],[88.8569,25.8173],[88.8564,25.8106],[88.8485,25.8123],[88.8451,25.8031],[88.856,25.7771],[88.867,25.7711],[88.8898,25.7708],[88.8916,25.7418],[88.8976,25.7353],[88.9158,25.7355],[88.9049,25.7378],[88.9091,25.7457],[88.9161,25.7387],[88.925,25.7408],[88.9283,25.735],[88.9401,25.7314],[88.9383,25.7347],[88.9466,25.7428],[88.9545,25.7395],[88.952,25.7425]]]}},{"type":"Feature","id":"ADM3_Sakhipur","properties":{"id":"ADM3_Sakhipur","name":"Sakhipur","district":"Tangail"},"geometry":{"type":"Polygon","coordinates":[[[90.1157,24.1827],[90.1319,24.1972],[90.1516,24.1996],[90.1677,24.2096],[90.2019,24.2124],[90.2052,24.221],[90.2209,24.2201],[90.2199,24.2141],[90.2145,24.2134],[90.2151,24.2053],[90.2287,24.2002],[90.2361,24.2029],[90.2405,24.1827],[90.2664,24.2153],[90.2898,24.2257],[90.2882,24.2416],[90.3004,24.2546],[90.3008,24.2696],[90.2811,24.2872],[90.2612,24.2916],[90.2479,24.3333],[90.2335,24.3352],[90.2288,24.3478],[90.249,24.4153],[90.2405,24.4132],[90.2038,24.432],[90.1747,24.429],[90.1684,24.4201],[90.1361,24.4244],[90.1236,24.4211],[90.1239,24.4161],[90.1073,24.4258],[90.1071,24.4148],[90.1152,24.4111],[90.1067,24.4114],[90.0971,24.405],[90.0977,24.3921],[90.0868,24.3885],[90.0831,24.3802],[90.0849,24.3759],[90.0921,24.3762],[90.0985,24.3623],[90.0886,24.3587],[90.0714,24.3608],[90.0708,24.3486],[90.0597,24.3459],[90.0677,24.3408],[90.0572,24.3398],[90.0554,24.3334],[90.0729,24.3219],[90.0691,24.3213],[90.0699,24.3148],[90.0629,24.3136],[90.0651,24.3068],[90.0562,24.3028],[90.0624,24.2981],[90.0591,24.2913],[90.0713,24.2922],[90.0678,24.3],[90.0749,24.296],[90.0669,24.2881],[90.0674,24.2809],[90.0808,24.2871],[90.0846,24.2831],[90.0817,24.2775],[90.0882,24.2798],[90.0782,24.2656],[90.0896,24.2662],[90.0749,24.2625],[90.0802,24.2569],[90.0869,24.2575],[90.0858,24.2484],[90.0988,24.2558],[90.096,24.2474],[90.1007,24.2501],[90.1054,24.2444],[90.0991,24.2418],[90.1047,24.2355],[90.0969,24.237],[90.1043,24.2279],[90.0996,24.2313],[90.0908,24.2276],[90.0913,24.2203],[90.0983,24.2223],[90.0912,24.2112],[90.0978,24.2134],[90.0976,24.2075],[90.1075,24.2049],[90.1041,24.2022],[90.1092,24.2019],[90.1092,24.197],[90.1147,24.1991],[90.1065,24.1913],[90.1112,24.1922],[90.1157,24.1827]]]}},{"type":"Feature","id":"ADM3_Saltha","properties":{"id":"ADM3_Saltha","name":"Saltha","district":"Faridpur"},"geometry":{"type":"Polygon","coordinates":[[[89.79,23.313],[89.8005,23.3185],[89.8266,23.3478],[89.8404,23.3314],[89.8503,23.3407],[89.8628,23.3389],[89.8708,23.3213],[89.8837,23.3356],[89.8732,23.3552],[89.8541,23.3631],[89.8419,23.359],[89.839,23.3621],[89.8379,23.3676],[89.8472,23.3745],[89.8534,23.3945],[89.8448,23.4048],[89.858,23.3989],[89.8633,23.4074],[89.8612,23.4198],[89.8498,23.4196],[89.8467,23.4242],[89.8439,23.4381],[89.8493,23.4498],[89.8448,23.4529],[89.8493,23.4667],[89.8276,23.4699],[89.849,23.4921],[89.8448,23.4931],[89.845,23.5],[89.842,23.4963],[89.8348,23.5036],[89.8258,23.4974],[89.8117,23.5091],[89.8046,23.5071],[89.8027,23.5006],[89.7969,23.4997],[89.7974,23.4939],[89.7858,23.4873],[89.7689,23.4942],[89.7698,23.5019],[89.7595,23.5073],[89.7462,23.491],[89.7398,23.4883],[89.7343,23.4936],[89.731,23.4794],[89.7209,23.4747],[89.7311,23.4772],[89.7352,23.4496],[89.7286,23.446],[89.7371,23.4443],[89.7397,23.4381],[89.7254,23.4264],[89.7331,23.4216],[89.7311,23.4149],[89.7417,23.4102],[89.7491,23.398],[89.7587,23.3956],[89.7621,23.3873],[89.7573,23.381],[89.7682,23.3743],[89.779,23.3756],[89.7736,23.3665],[89.7819,23.3536],[89.7806,23.3471],[89.7901,23.3368],[89.7943,23.3175],[89.79,23.313]]]}},{"type":"Feature","id":"ADM3_Sandwip","properties":{"id":"ADM3_Sandwip","name":"Sandwip","district":"Chittagong"},"geometry":{"type":"MultiPolygon","coordinates":[[[[91.3985,22.4226],[91.3934,22.4235],[91.3531,22.3765],[91.3548,22.371],[91.3905,22.3735],[91.3992,22.3808],[91.3974,22.3884],[91.4054,22.3825],[91.4089,22.3977],[91.4018,22.4138],[91.4036,22.4201],[91.3985,22.4226]]],[[[91.3399,22.5176],[91.3433,22.5199],[91.3394,22.526],[91.3399,22.5176]]],[[[91.3392,22.5301],[91.3447,22.5441],[91.343,22.5311],[91.353,22.5267],[91.3554,22.5467],[91.3543,22.5513],[91.3457,22.553],[91.3533,22.5554],[91.3509,22.5624],[91.3326,22.5649],[91.3392,22.5301]]],[[[91.5297,22.3904],[91.5561,22.3994],[91.5684,22.4094],[91.5715,22.4458],[91.5662,22.4686],[91.4762,22.5951],[91.4585,22.6087],[91.4327,22.6039],[91.4204,22.5965],[91.4259,22.5692],[91.4199,22.5232],[91.4364,22.475],[91.4804,22.3998],[91.5084,22.3875],[91.5297,22.3904]]],[[[91.3572,22.6017],[91.3498,22.6099],[91.3492,22.6042],[91.3572,22.6017]]],[[[91.3322,22.5657],[91.3497,22.5671],[91.3477,22.575],[91.3532,22.5743],[91.3536,22.5796],[91.3463,22.5845],[91.3538,22.5865],[91.3534,22.6001],[91.3439,22.6115],[91.3371,22.6085],[91.3366,22.5991],[91.334,22.6114],[91.3111,22.6028],[91.3322,22.5657]]],[[[91.3182,22.6499],[91.3282,22.6413],[91.3887,22.6274],[91.395,22.6317],[91.4103,22.6804],[91.3937,22.7],[91.3861,22.7026],[91.381,22.6984],[91.3846,22.7064],[91.3779,22.7137],[91.3604,22.7254],[91.3384,22.7321],[91.3487,22.7159],[91.3432,22.6858],[91.3345,22.6672],[91.3182,22.6499]]]]}},{"type":"Feature","id":"ADM3_Santhia","properties":{"id":"ADM3_Santhia","name":"Santhia","district":"Pabna"},"geometry":{"type":"Polygon","coordinates":[[[89.4031,24.041],[89.4093,24.02],[89.4138,24.0209],[89.4194,24.0131],[89.414,24.0013],[89.404,24.0008],[89.4127,23.9908],[89.411,23.9844],[89.4234,23.9832],[89.426,23.9939],[89.4335,23.9989],[89.4325,23.9897],[89.4383,23.993],[89.4455,23.9814],[89.46,23.9726],[89.4536,23.9699],[89.4547,23.9612],[89.4663,23.9607],[89.4703,23.9663],[89.4731,23.9584],[89.484,23.9703],[89.4952,23.967],[89.5008,23.96],[89.5208,23.9656],[89.5264,23.9545],[89.5425,23.9654],[89.5625,23.9663],[89.6069,23.9568],[89.6207,23.9732],[89.6282,23.9737],[89.6204,23.9784],[89.6249,23.9817],[89.6164,24.0103],[89.6122,24.0119],[89.612,24.0249],[89.5976,24.0414],[89.6128,24.0573],[89.6071,24.0781],[89.6133,24.08],[89.6092,24.0871],[89.6166,24.089],[89.6103,24.0981],[89.6047,24.0967],[89.5808,24.1116],[89.5591,24.1115],[89.5554,24.119],[89.5612,24.1172],[89.5641,24.1232],[89.5505,24.1297],[89.5469,24.1241],[89.5458,24.1315],[89.5329,24.1301],[89.5281,24.146],[89.5213,24.1439],[89.5231,24.139],[89.517,24.1406],[89.5137,24.1332],[89.5069,24.1306],[89.498,24.1383],[89.4856,24.1325],[89.482,24.1258],[89.4698,24.1304],[89.4619,24.1236],[89.4531,24.1318],[89.4496,24.1187],[89.4428,24.1168],[89.45,24.1051],[89.4448,24.0914],[89.4221,24.0866],[89.4173,24.0978],[89.4083,24.0948],[89.4139,24.0894],[89.4131,24.083],[89.4222,24.0768],[89.4191,24.0666],[89.422,24.0579],[89.4172,24.0556],[89.4162,24.0452],[89.4031,24.041]]]}},{"type":"Feature","id":"ADM3_Sapahar","properties":{"id":"ADM3_Sapahar","name":"Sapahar","district":"Naogaon"},"geometry":{"type":"Polygon","coordinates":[[[88.5721,25.1769],[88.5648,25.1746],[88.5556,25.1791],[88.5597,25.1846],[88.5576,25.1927],[88.548,25.1953],[88.5339,25.1881],[88.5329,25.1945],[88.5377,25.1979],[88.5006,25.2034],[88.4991,25.2105],[88.4754,25.2135],[88.472,25.1976],[88.4634,25.195],[88.4374,25.1986],[88.4416,25.2104],[88.4354,25.1998],[88.4431,25.1951],[88.4459,25.1803],[88.4423,25.1753],[88.4592,25.161],[88.4603,25.1386],[88.4414,25.1276],[88.4471,25.1079],[88.4463,25.0873],[88.4672,25.0867],[88.4605,25.0684],[88.4695,25.0634],[88.4666,25.0708],[88.4852,25.0574],[88.4886,25.0579],[88.4872,25.0651],[88.5015,25.0661],[88.5056,25.071],[88.5206,25.0679],[88.5221,25.0632],[88.5267,25.0718],[88.5323,25.0667],[88.5432,25.0679],[88.5479,25.0617],[88.5538,25.0635],[88.5448,25.0325],[88.5391,25.029],[88.5491,25.0116],[88.5911,25.0334],[88.6283,25.0326],[88.6182,25.041],[88.6196,25.0473],[88.6122,25.0549],[88.6181,25.0581],[88.6115,25.0638],[88.6124,25.0712],[88.6201,25.0723],[88.621,25.0788],[88.6174,25.0841],[88.6082,25.0831],[88.6075,25.0942],[88.6007,25.0985],[88.6213,25.11],[88.623,25.1151],[88.6161,25.1134],[88.5926,25.1282],[88.5966,25.1367],[88.5922,25.1438],[88.5949,25.1505],[88.5835,25.1547],[88.5855,25.1647],[88.5721,25.1769]]]}},{"type":"Feature","id":"ADM3_Sarail","properties":{"id":"ADM3_Sarail","name":"Sarail","district":"Brahamanbaria"},"geometry":{"type":"Polygon","coordinates":[[[91.0677,24.0448],[91.0795,24.0392],[91.0845,24.0452],[91.1005,24.0494],[91.1075,24.0424],[91.1156,24.0547],[91.1314,24.0501],[91.1547,24.0509],[91.1563,24.0358],[91.1681,24.0193],[91.1738,24.018],[91.1742,24.0018],[91.178,24.0275],[91.2001,24.0431],[91.2075,24.0413],[91.2236,24.0515],[91.2239,24.0587],[91.2354,24.0658],[91.2376,24.08],[91.2482,24.0827],[91.2466,24.0958],[91.2265,24.1071],[91.2091,24.1053],[91.2149,24.1071],[91.2117,24.1101],[91.1964,24.1074],[91.1957,24.0994],[91.2021,24.0939],[91.1916,24.0845],[91.1665,24.093],[91.1609,24.1171],[91.1429,24.1285],[91.141,24.1395],[91.11,24.1449],[91.1132,24.1615],[91.1177,24.1615],[91.1209,24.1701],[91.0946,24.169],[91.0808,24.1804],[91.0768,24.1764],[91.0755,24.1825],[91.0718,24.1807],[91.0721,24.1621],[91.0603,24.1672],[91.0553,24.1756],[91.0429,24.1752],[91.0425,24.1816],[91.0281,24.1819],[91.0219,24.1868],[90.9919,24.1647],[90.9853,24.1522],[91.0095,24.1288],[91.0442,24.1099],[91.0535,24.0845],[91.0429,24.0678],[91.0526,24.0656],[91.0551,24.0584],[91.0604,24.0635],[91.0667,24.0625],[91.0677,24.0448]]]}},{"type":"Feature","id":"ADM3_Sarankhola","properties":{"id":"ADM3_Sarankhola","name":"Sarankhola","district":"Bagerhat"},"geometry":{"type":"MultiPolygon","coordinates":[[[[89.8402,21.8278],[89.8373,21.8248],[89.8413,21.81],[89.8559,21.8097],[89.852,21.8091],[89.8529,21.8184],[89.8402,21.8278]]],[[[89.8608,21.835],[89.8633,21.8525],[89.853,21.8578],[89.8524,21.8469],[89.8608,21.835]]],[[[89.8502,21.8732],[89.8654,21.8824],[89.8754,21.8973],[89.8763,21.9102],[89.8607,21.9655],[89.8563,22.0281],[89.8428,22.0474],[89.8315,22.0501],[89.8268,22.0482],[89.8268,22.0411],[89.8413,22.0244],[89.842,22.005],[89.8052,21.9893],[89.8365,21.9695],[89.8455,21.9562],[89.8156,21.9374],[89.809,21.9237],[89.8123,21.9161],[89.8467,21.8952],[89.8482,21.8886],[89.8427,21.8795],[89.8502,21.8732]]],[[[89.7605,22.0306],[89.743,22.0159],[89.7528,22.006],[89.7521,21.9972],[89.7374,21.9906],[89.7473,21.9829],[89.7485,21.9734],[89.7151,21.9604],[89.725,21.9411],[89.7337,21.9502],[89.752,21.9481],[89.7673,21.952],[89.7654,21.9613],[89.7704,21.9532],[89.7528,21.9467],[89.7321,21.9483],[89.7265,21.9395],[89.7331,21.9278],[89.7318,21.9201],[89.7163,21.9048],[89.7342,21.8919],[89.7489,21.8557],[89.7728,21.8529],[89.78,21.8625],[89.7838,21.8854],[89.7546,21.8847],[89.7481,21.8937],[89.7565,21.8855],[89.7836,21.887],[89.7846,21.8989],[89.7756,21.9046],[89.7857,21.9087],[89.7812,21.919],[89.7707,21.9086],[89.7734,21.9356],[89.7719,21.9099],[89.7812,21.9209],[89.7881,21.9091],[89.779,21.9051],[89.7868,21.8984],[89.7831,21.8694],[89.7877,21.8775],[89.7949,21.8731],[89.8024,21.8796],[89.8078,21.8782],[89.8118,21.8893],[89.8077,21.8899],[89.8132,21.8888],[89.8081,21.8773],[89.8012,21.8777],[89.7949,21.8718],[89.7879,21.8754],[89.7705,21.8389],[89.7785,21.8334],[89.7879,21.842],[89.8321,21.8485],[89.8381,21.8536],[89.8365,21.8769],[89.845,21.8919],[89.8107,21.9143],[89.8064,21.9233],[89.8136,21.9398],[89.843,21.9561],[89.8303,21.9707],[89.8036,21.9883],[89.8078,21.9944],[89.8361,22.0014],[89.8406,22.0075],[89.8399,22.0211],[89.826,22.037],[89.8206,22.0527],[89.7997,22.0527],[89.7978,22.0421],[89.7988,22.0536],[89.8197,22.054],[89.7761,22.0888],[89.7702,22.0768],[89.7754,22.0606],[89.7668,22.0344],[89.7605,22.0306]]],[[[89.7694,22.079],[89.7738,22.0888],[89.7651,22.1156],[89.7551,22.1328],[89.7455,22.1344],[89.7694,22.079]]],[[[89.8877,22.1652],[89.8861,22.1668],[89.8874,22.1559],[89.8905,22.1473],[89.8912,22.1501],[89.8893,22.1582],[89.8877,22.1652]]],[[[89.89,22.3392],[89.8812,22.3469],[89.8749,22.3719],[89.8666,22.3647],[89.858,22.3696],[89.8429,22.3649],[89.838,22.3678],[89.8468,22.3696],[89.845,22.3794],[89.8195,22.3771],[89.81,22.3958],[89.8089,22.39],[89.7924,22.3851],[89.7941,22.3758],[89.7744,22.3731],[89.7753,22.3637],[89.7632,22.3541],[89.7698,22.3185],[89.7762,22.3089],[89.767,22.3024],[89.7698,22.2955],[89.75,22.2918],[89.7489,22.2834],[89.7546,22.275],[89.7382,22.2476],[89.7389,22.2112],[89.7497,22.1983],[89.7557,22.2337],[89.7618,22.2435],[89.7538,22.2531],[89.762,22.2603],[89.7545,22.2523],[89.7626,22.2435],[89.7569,22.2333],[89.7567,22.2137],[89.7495,22.1965],[89.7366,22.2093],[89.7311,22.1986],[89.7474,22.1867],[89.7425,22.1605],[89.744,22.1385],[89.758,22.1347],[89.7694,22.1151],[89.7755,22.0925],[89.8005,22.0722],[89.8368,22.1232],[89.8106,22.1402],[89.8147,22.15],[89.8344,22.1632],[89.8049,22.2089],[89.8079,22.2201],[89.8097,22.2098],[89.8368,22.164],[89.8305,22.1537],[89.8133,22.1446],[89.8377,22.1275],[89.8421,22.1197],[89.8349,22.1011],[89.8057,22.0755],[89.8174,22.066],[89.8453,22.0638],[89.8769,22.097],[89.8841,22.1149],[89.8849,22.141],[89.8767,22.1765],[89.8859,22.1773],[89.8805,22.1995],[89.8619,22.2335],[89.8576,22.2618],[89.8676,22.3046],[89.89,22.3392]]]]}},{"type":"Feature","id":"ADM3_Sariakandi","properties":{"id":"ADM3_Sariakandi","name":"Sariakandi","district":"Bogra"},"geometry":{"type":"Polygon","coordinates":[[[89.6571,24.7399],[89.6559,24.7477],[89.6665,24.7471],[89.6639,24.7546],[89.6731,24.7614],[89.675,24.7817],[89.7153,24.7773],[89.7303,24.7984],[89.71,24.807],[89.6849,24.8284],[89.6608,24.8881],[89.6737,24.8943],[89.6781,24.903],[89.6861,24.9028],[89.6834,24.9157],[89.6762,24.9178],[89.6724,24.9285],[89.6784,24.9477],[89.6765,24.9658],[89.6613,24.9874],[89.6609,25.0078],[89.6478,25.0467],[89.6403,25.0389],[89.6104,25.0509],[89.6005,25.0505],[89.5908,25.045],[89.595,25.0403],[89.5883,25.0343],[89.5881,25.0286],[89.5993,25.0315],[89.5984,25.0163],[89.5871,25.0184],[89.5848,25.0124],[89.5897,25.0072],[89.5809,25.0044],[89.5837,24.9648],[89.5668,24.955],[89.5613,24.9585],[89.5621,24.9644],[89.5488,24.9611],[89.5429,24.9412],[89.5309,24.939],[89.5348,24.9329],[89.5289,24.9337],[89.5245,24.9222],[89.5352,24.9192],[89.5289,24.913],[89.5323,24.9022],[89.5268,24.8931],[89.5229,24.895],[89.5245,24.8879],[89.5127,24.8856],[89.5188,24.8774],[89.515,24.8791],[89.5105,24.868],[89.5164,24.8683],[89.5124,24.8611],[89.5198,24.8635],[89.5378,24.8581],[89.545,24.8678],[89.5406,24.8615],[89.5444,24.8585],[89.5468,24.8621],[89.5521,24.8539],[89.5449,24.8336],[89.5268,24.8207],[89.5318,24.8047],[89.537,24.802],[89.5315,24.7918],[89.536,24.7871],[89.5547,24.7754],[89.5479,24.7894],[89.5596,24.7957],[89.573,24.7913],[89.5788,24.7762],[89.572,24.7577],[89.5801,24.7565],[89.5849,24.761],[89.5906,24.7451],[89.6009,24.7467],[89.6021,24.7522],[89.6078,24.751],[89.6217,24.7604],[89.6289,24.7576],[89.6296,24.7412],[89.6448,24.7362],[89.6571,24.7399]]]}},{"type":"Feature","id":"ADM3_Sarishabari","properties":{"id":"ADM3_Sarishabari","name":"Sarishabari","district":"Jamalpur"},"geometry":{"type":"Polygon","coordinates":[[[89.8181,24.5757],[89.8113,24.5776],[89.81,24.5836],[89.8159,24.5807],[89.8213,24.5875],[89.8281,24.5867],[89.8231,24.5952],[89.8352,24.603],[89.8271,24.6086],[89.8368,24.6084],[89.8361,24.6125],[89.8421,24.6147],[89.8418,24.6238],[89.8532,24.6198],[89.8425,24.6316],[89.8477,24.638],[89.8433,24.6453],[89.8688,24.649],[89.8654,24.6615],[89.8781,24.679],[89.8912,24.6743],[89.8994,24.6815],[89.8941,24.6963],[89.88,24.7083],[89.8782,24.7315],[89.8844,24.7389],[89.8802,24.7414],[89.9027,24.7347],[89.9018,24.742],[89.9074,24.7345],[89.9171,24.7462],[89.9275,24.7443],[89.925,24.7487],[89.9289,24.7512],[89.9216,24.7565],[89.9264,24.7545],[89.9366,24.7603],[89.9207,24.7647],[89.9172,24.7835],[89.8997,24.7928],[89.8982,24.8018],[89.8895,24.8032],[89.8894,24.8104],[89.8959,24.8088],[89.8964,24.815],[89.884,24.8244],[89.8766,24.8183],[89.8662,24.8219],[89.8596,24.8165],[89.8508,24.8269],[89.8367,24.8287],[89.8349,24.8116],[89.8263,24.8101],[89.8293,24.8045],[89.825,24.8044],[89.822,24.7968],[89.8093,24.8002],[89.8044,24.7894],[89.7975,24.7969],[89.7626,24.8111],[89.7592,24.8001],[89.7497,24.7948],[89.7303,24.7984],[89.7153,24.7773],[89.7329,24.7701],[89.7349,24.7611],[89.7414,24.7746],[89.758,24.7672],[89.7717,24.7729],[89.78,24.7652],[89.7826,24.7489],[89.7771,24.7431],[89.7884,24.7402],[89.7909,24.7352],[89.7834,24.724],[89.7724,24.724],[89.7737,24.7164],[89.7833,24.7039],[89.7925,24.7033],[89.7879,24.6965],[89.7929,24.6904],[89.7901,24.6864],[89.7968,24.6856],[89.7992,24.68],[89.7833,24.6692],[89.785,24.6258],[89.7655,24.6231],[89.765,24.6138],[89.7907,24.5686],[89.8114,24.5666],[89.8099,24.5729],[89.8181,24.5757]]]}},{"type":"Feature","id":"ADM3_Satkania","properties":{"id":"ADM3_Satkania","name":"Satkania","district":"Chittagong"},"geometry":{"type":"MultiPolygon","coordinates":[[[[91.9442,22.1804],[91.957,22.1709],[91.975,22.1772],[91.9689,22.1821],[91.9442,22.1804]]],[[[91.9409,22.1768],[91.9408,22.1658],[91.9348,22.1634],[91.9527,22.1619],[91.947,22.1613],[91.9464,22.1562],[91.9536,22.1489],[91.95,22.1459],[91.9525,22.1393],[91.9651,22.1405],[91.9744,22.1263],[91.9728,22.1193],[91.9831,22.1234],[91.9903,22.1114],[91.9878,22.1075],[91.9951,22.1028],[91.993,22.0945],[91.9853,22.0963],[91.9797,22.1091],[91.9713,22.1075],[91.9698,22.1131],[91.9667,22.1054],[91.9562,22.1053],[91.9524,22.0983],[91.9555,22.0688],[91.9834,22.0757],[91.9732,22.0617],[91.9796,22.0601],[91.9854,22.0463],[91.9833,22.0346],[91.9893,22.034],[91.9963,22.0143],[92.0267,22.0191],[92.0269,22.0293],[92.0489,22.0378],[92.0685,22.0126],[92.0787,22.0135],[92.0702,22.0381],[92.0761,22.0344],[92.0939,22.044],[92.0971,22.0599],[92.1066,22.064],[92.1035,22.0698],[92.1114,22.0777],[92.1256,22.0713],[92.1391,22.0738],[92.147,22.0635],[92.1549,22.0614],[92.1644,22.0671],[92.164,22.0707],[92.1552,22.0703],[92.1641,22.0843],[92.1412,22.0917],[92.1699,22.1045],[92.1732,22.1129],[92.1601,22.1283],[92.1708,22.1446],[92.1624,22.1472],[92.1612,22.1598],[92.1557,22.165],[92.1643,22.1821],[92.1404,22.2059],[92.1334,22.205],[92.1266,22.1969],[92.1357,22.1843],[92.1386,22.1708],[92.1231,22.1776],[92.1166,22.1692],[92.122,22.1285],[92.1157,22.1312],[92.1012,22.1597],[92.0743,22.1604],[92.0626,22.1549],[92.0513,22.1416],[92.0473,22.1437],[92.0487,22.1595],[92.0384,22.1699],[92.0286,22.1713],[92.0249,22.1476],[92.0103,22.142],[91.9963,22.145],[91.9938,22.1519],[91.9836,22.156],[91.9834,22.1637],[91.9723,22.1664],[91.9736,22.1559],[91.9972,22.1421],[91.9712,22.1554],[91.9699,22.1661],[91.9821,22.1656],[91.9755,22.176],[91.9554,22.1695],[91.9409,22.1768]]]]}},{"type":"Feature","id":"ADM3_SatkhiraSadar","properties":{"id":"ADM3_SatkhiraSadar","name":"Satkhira Sadar","district":"Satkhira"},"geometry":{"type":"Polygon","coordinates":[[[89.1709,22.6519],[89.1719,22.6732],[89.1555,22.6833],[89.1537,22.7077],[89.1441,22.7103],[89.1494,22.7157],[89.1493,22.7245],[89.1401,22.7264],[89.1297,22.7167],[89.1223,22.7288],[89.1105,22.7279],[89.1026,22.7341],[89.1198,22.7353],[89.1231,22.746],[89.1078,22.7535],[89.0963,22.7686],[89.0979,22.7814],[89.0931,22.789],[89.1,22.7988],[89.0876,22.8064],[89.1042,22.8069],[89.0983,22.8102],[89.0973,22.8228],[89.0852,22.8249],[89.0755,22.8177],[89.0755,22.8233],[89.0682,22.8243],[89.0595,22.8183],[89.0482,22.8289],[89.0309,22.8241],[88.9999,22.8303],[88.9961,22.8289],[89.0022,22.8185],[88.9986,22.8151],[88.9743,22.8188],[88.9684,22.8083],[88.959,22.8081],[88.9578,22.796],[88.9495,22.7974],[88.9417,22.7904],[88.938,22.7931],[88.9356,22.782],[88.9239,22.7797],[88.9258,22.77],[88.9189,22.7711],[88.911,22.7579],[88.9209,22.7528],[88.9157,22.7367],[88.9252,22.728],[88.9279,22.7181],[88.9561,22.7041],[88.9623,22.6951],[88.9616,22.6854],[88.9555,22.6861],[88.9478,22.6775],[88.9449,22.6623],[88.9285,22.6524],[88.9347,22.6182],[88.9565,22.6205],[88.9459,22.6329],[88.9489,22.6408],[88.9626,22.639],[88.9736,22.6237],[88.977,22.6398],[88.9911,22.6551],[88.9877,22.6673],[89.0202,22.665],[89.0166,22.6536],[89.0382,22.6508],[89.0415,22.664],[89.0581,22.6626],[89.0661,22.6708],[89.0728,22.6675],[89.0933,22.638],[89.0946,22.6129],[89.1004,22.601],[89.1115,22.5987],[89.125,22.5864],[89.1317,22.5873],[89.1399,22.6109],[89.1355,22.6302],[89.1436,22.6439],[89.1709,22.6519]]]}},{"type":"Feature","id":"ADM3_Saturia","properties":{"id":"ADM3_Saturia","name":"Saturia","district":"Manikganj"},"geometry":{"type":"Polygon","coordinates":[[[89.941,23.9287],[89.9491,23.9133],[89.9763,23.9165],[89.9808,23.9123],[89.9817,23.9222],[89.9892,23.9187],[89.9938,23.922],[90.0086,23.9061],[90.0528,23.8967],[90.0543,23.8921],[90.0474,23.8868],[90.0507,23.886],[90.0724,23.8894],[90.0721,23.8951],[90.0849,23.9017],[90.0829,23.9109],[90.0719,23.9051],[90.067,23.9114],[90.0747,23.9258],[90.0669,23.9285],[90.0635,23.9509],[90.074,23.9603],[90.0506,23.9606],[90.038,23.9717],[90.0443,23.9736],[90.0388,23.9826],[90.0502,23.989],[90.0564,23.9996],[90.0451,23.996],[90.043,24.0045],[90.0249,24.0054],[90.0221,24.0148],[90.0197,24.0097],[90.0134,24.0124],[90.0135,24.0076],[90.0066,24.0105],[90.009,24.0032],[89.9902,23.9991],[89.9926,24.0046],[89.9885,24.0094],[89.9771,24.0119],[89.9766,24.0176],[89.9854,24.0186],[89.9807,24.0327],[89.9721,24.036],[89.9746,24.0326],[89.9684,24.0302],[89.9669,24.0144],[89.9588,24.0153],[89.9484,24.0283],[89.9474,24.0166],[89.9416,24.0174],[89.9387,24.0118],[89.9472,24.0043],[89.939,24.0044],[89.9309,23.9959],[89.9375,24.0056],[89.9335,24.006],[89.9152,23.9958],[89.922,23.9903],[89.9208,23.9853],[89.9284,23.9835],[89.9283,23.9781],[89.9378,23.9776],[89.938,23.9837],[89.9512,23.986],[89.9455,23.9734],[89.947,23.9541],[89.9414,23.9535],[89.9454,23.9432],[89.9499,23.9427],[89.9486,23.9327],[89.941,23.9287]]]}},{"type":"Feature","id":"ADM3_Savar","properties":{"id":"ADM3_Savar","name":"Savar","district":"Dhaka"},"geometry":{"type":"Polygon","coordinates":[[[90.3423,23.7721],[90.3345,23.7752],[90.3431,23.7987],[90.3396,23.8112],[90.343,23.8247],[90.3371,23.8321],[90.341,23.8423],[90.3371,23.8479],[90.3482,23.853],[90.3563,23.8727],[90.3445,23.9024],[90.3483,23.9292],[90.3408,23.9556],[90.3356,23.954],[90.3397,23.9514],[90.3355,23.9479],[90.3304,23.9549],[90.3174,23.9575],[90.3192,23.9506],[90.3002,23.9488],[90.2978,23.9619],[90.2813,23.9674],[90.2704,23.9628],[90.2697,23.9685],[90.26,23.9712],[90.262,23.9754],[90.2501,23.9916],[90.2559,23.9949],[90.252,24.0003],[90.26,24.0148],[90.2523,24.0186],[90.2533,24.0272],[90.246,24.0333],[90.2387,24.0297],[90.24,24.0094],[90.2227,24.0102],[90.216,24.0051],[90.2095,24.0099],[90.2043,24.0053],[90.2031,24.0096],[90.1944,24.0082],[90.1918,24.014],[90.1842,24.0103],[90.1861,24.0074],[90.1809,24.0044],[90.186,23.9992],[90.1902,23.9777],[90.1987,23.9753],[90.1985,23.968],[90.2311,23.9426],[90.2317,23.9359],[90.2246,23.9278],[90.2267,23.9004],[90.2291,23.8844],[90.2343,23.8817],[90.232,23.8713],[90.237,23.8651],[90.238,23.847],[90.2458,23.8384],[90.2477,23.8097],[90.2411,23.7781],[90.2567,23.762],[90.2566,23.7516],[90.2658,23.7446],[90.2863,23.7498],[90.2919,23.7706],[90.3108,23.7736],[90.3117,23.7576],[90.3171,23.7486],[90.3336,23.7428],[90.3421,23.7483],[90.3297,23.751],[90.3442,23.7686],[90.3423,23.7721]]]}},{"type":"Feature","id":"ADM3_Senbagh","properties":{"id":"ADM3_Senbagh","name":"Senbagh","district":"Noakhali"},"geometry":{"type":"Polygon","coordinates":[[[91.1772,22.8841],[91.1782,22.8767],[91.1861,22.88],[91.1974,22.8746],[91.2039,22.8776],[91.2029,22.8831],[91.2135,22.8871],[91.2276,22.8887],[91.2396,22.8788],[91.2433,22.882],[91.2406,22.8843],[91.2489,22.8888],[91.2587,22.8875],[91.2482,22.894],[91.2467,22.9008],[91.2601,22.9099],[91.2631,22.9459],[91.2593,22.9472],[91.2601,22.9588],[91.2524,22.9605],[91.258,22.9731],[91.2587,23.0112],[91.2649,23.0219],[91.2581,23.0312],[91.2638,23.0345],[91.2556,23.0395],[91.259,23.0546],[91.2355,23.0588],[91.2359,23.066],[91.2255,23.0665],[91.2226,23.0579],[91.2146,23.0667],[91.186,23.0601],[91.1734,23.0707],[91.1678,23.0698],[91.1622,23.0834],[91.153,23.0833],[91.1404,23.0792],[91.1365,23.0631],[91.1229,23.0562],[91.1284,23.0356],[91.1478,23.0372],[91.1504,23.028],[91.1595,23.0282],[91.1676,23.0204],[91.1745,23.0217],[91.1791,23.0028],[91.1937,22.9978],[91.2041,22.9873],[91.1949,22.9855],[91.199,22.9789],[91.1889,22.9753],[91.1965,22.9694],[91.1883,22.9645],[91.1872,22.9535],[91.1972,22.953],[91.1953,22.9431],[91.2123,22.9389],[91.2155,22.9302],[91.211,22.9302],[91.2142,22.928],[91.2089,22.9224],[91.2135,22.9179],[91.2114,22.9103],[91.2038,22.9078],[91.1961,22.8895],[91.1772,22.8841]]]}},{"type":"Feature","id":"ADM3_Serajdikhan","properties":{"id":"ADM3_Serajdikhan","name":"Serajdikhan","district":"Munshiganj"},"geometry":{"type":"Polygon","coordinates":[[[90.2862,23.6739],[90.2682,23.6531],[90.2496,23.6545],[90.2453,23.6323],[90.251,23.6132],[90.2665,23.6176],[90.268,23.6059],[90.2784,23.6041],[90.2804,23.6091],[90.2913,23.6047],[90.3005,23.613],[90.3174,23.5976],[90.3221,23.586],[90.3311,23.5893],[90.3308,23.5953],[90.3362,23.5984],[90.3448,23.581],[90.3345,23.58],[90.3311,23.5672],[90.3234,23.5629],[90.3307,23.5618],[90.3377,23.553],[90.3378,23.557],[90.3469,23.551],[90.3624,23.5506],[90.3667,23.5445],[90.3603,23.5377],[90.3603,23.5302],[90.3715,23.5181],[90.3653,23.5193],[90.3605,23.5045],[90.3885,23.5034],[90.3927,23.5285],[90.406,23.5311],[90.4059,23.5179],[90.4094,23.5308],[90.4198,23.5307],[90.4289,23.545],[90.433,23.5444],[90.4373,23.5562],[90.429,23.5674],[90.4398,23.5783],[90.4398,23.5974],[90.3905,23.6499],[90.3683,23.6527],[90.3556,23.6398],[90.3453,23.637],[90.3315,23.6417],[90.2862,23.6739]]]}},{"type":"Feature","id":"ADM3_ShahAli","properties":{"id":"ADM3_ShahAli","name":"Shah Ali","district":"Dhaka"},"geometry":{"type":"Polygon","coordinates":[[[90.3491,23.7963],[90.3553,23.7999],[90.3516,23.806],[90.3567,23.8119],[90.3513,23.8176],[90.3511,23.8279],[90.343,23.8247],[90.3396,23.8112],[90.3431,23.7987],[90.3491,23.7963]]]}},{"type":"Feature","id":"ADM3_ShahMakhdum","properties":{"id":"ADM3_ShahMakhdum","name":"Shah Makhdum","district":"Rajshahi"},"geometry":{"type":"Polygon","coordinates":[[[88.6221,24.3937],[88.6267,24.3966],[88.6274,24.4112],[88.592,24.4157],[88.5895,24.3989],[88.6045,24.3958],[88.6046,24.384],[88.6096,24.3829],[88.6163,24.396],[88.6221,24.3937]]]}},{"type":"Feature","id":"ADM3_Shahbagh","properties":{"id":"ADM3_Shahbagh","name":"Shahbagh","district":"Dhaka"},"geometry":{"type":"Polygon","coordinates":[[[90.4119,23.7229],[90.4103,23.7362],[90.396,23.7415],[90.3932,23.75],[90.3874,23.7299],[90.4119,23.7229]]]}},{"type":"Feature","id":"ADM3_Shahjadpur","properties":{"id":"ADM3_Shahjadpur","name":"Shahjadpur","district":"Sirajganj"},"geometry":{"type":"Polygon","coordinates":[[[89.6197,24.2367],[89.6053,24.2348],[89.6057,24.2432],[89.5944,24.2443],[89.5976,24.2671],[89.587,24.2522],[89.5481,24.2518],[89.5518,24.2427],[89.5435,24.2441],[89.5438,24.2391],[89.5327,24.2367],[89.5277,24.2394],[89.5151,24.2257],[89.5267,24.2075],[89.5156,24.1973],[89.5217,24.1978],[89.5251,24.1918],[89.5174,24.1891],[89.5179,24.1788],[89.5351,24.1728],[89.5338,24.1668],[89.5227,24.1676],[89.5294,24.1597],[89.5217,24.1542],[89.5329,24.1301],[89.5458,24.1315],[89.5469,24.1241],[89.5505,24.1297],[89.5641,24.1232],[89.5612,24.1172],[89.5554,24.119],[89.5591,24.1115],[89.5808,24.1116],[89.6047,24.0967],[89.6163,24.097],[89.63,24.0833],[89.6371,24.0868],[89.6846,24.0584],[89.6927,24.0697],[89.6894,24.0732],[89.7119,24.0806],[89.7109,24.0902],[89.7157,24.0827],[89.7258,24.0949],[89.7402,24.0951],[89.7484,24.108],[89.7606,24.1054],[89.7654,24.1129],[89.7423,24.123],[89.7378,24.1195],[89.7401,24.1249],[89.7362,24.1296],[89.7221,24.1311],[89.7123,24.1401],[89.7181,24.1516],[89.7255,24.1525],[89.7234,24.1643],[89.7332,24.1668],[89.7302,24.1752],[89.7219,24.18],[89.7212,24.1894],[89.7148,24.1927],[89.7106,24.2047],[89.7155,24.2074],[89.7066,24.2131],[89.7092,24.2214],[89.7021,24.226],[89.6983,24.2224],[89.6983,24.23],[89.6891,24.2249],[89.6772,24.2336],[89.6742,24.2299],[89.6564,24.2322],[89.6505,24.2113],[89.6469,24.2121],[89.6456,24.2294],[89.6342,24.2295],[89.6308,24.2381],[89.6197,24.2367]]]}},{"type":"Feature","id":"ADM3_Shahrasti","properties":{"id":"ADM3_Shahrasti","name":"Shahrasti","district":"Chandpur"},"geometry":{"type":"Polygon","coordinates":[[[91.0141,23.2485],[91.0036,23.245],[91.0003,23.2533],[90.9947,23.2573],[90.9901,23.2536],[90.9789,23.2671],[90.9596,23.267],[90.951,23.2786],[90.9236,23.2825],[90.9219,23.2891],[90.9145,23.2922],[90.9079,23.2846],[90.9139,23.2801],[90.9087,23.2736],[90.9103,23.2627],[90.8981,23.2617],[90.8896,23.249],[90.8746,23.2439],[90.881,23.2382],[90.8951,23.2374],[90.9188,23.22],[90.9325,23.2205],[90.9274,23.2171],[90.9316,23.2108],[90.9077,23.2012],[90.9084,23.1923],[90.8996,23.1846],[90.9019,23.1528],[90.9139,23.1563],[90.9121,23.1478],[90.9229,23.149],[90.9358,23.1435],[90.9555,23.1459],[90.9644,23.1284],[90.9808,23.1332],[90.9879,23.1409],[91.0095,23.1425],[91.012,23.1536],[91.0057,23.1548],[91.0059,23.1752],[91.0,23.1817],[91.0116,23.1867],[91.0082,23.1917],[91.0187,23.1951],[91.0141,23.1962],[91.0128,23.2057],[91.0154,23.213],[91.0265,23.2191],[91.03,23.2294],[91.0235,23.2354],[91.0237,23.2473],[91.0141,23.2485]]]}},{"type":"Feature","id":"ADM3_Shailkupa","properties":{"id":"ADM3_Shailkupa","name":"Shailkupa","district":"Jhenaidah"},"geometry":{"type":"Polygon","coordinates":[[[89.1787,23.5877],[89.1923,23.5843],[89.1892,23.598],[89.1939,23.5986],[89.2067,23.587],[89.2225,23.5909],[89.2195,23.5886],[89.2316,23.5824],[89.2288,23.574],[89.2414,23.5709],[89.2695,23.5799],[89.2685,23.587],[89.2787,23.5942],[89.3025,23.5875],[89.301,23.5798],[89.3156,23.5746],[89.3231,23.5652],[89.3379,23.568],[89.345,23.5787],[89.3451,23.5866],[89.3409,23.5889],[89.3573,23.6327],[89.355,23.639],[89.3662,23.6466],[89.3767,23.6635],[89.3661,23.6613],[89.366,23.668],[89.3491,23.6711],[89.348,23.6828],[89.3217,23.7028],[89.3225,23.7132],[89.3116,23.7192],[89.311,23.7311],[89.2667,23.7427],[89.2512,23.7636],[89.2438,23.7644],[89.2319,23.7563],[89.2157,23.7597],[89.2138,23.7539],[89.197,23.744],[89.18,23.7501],[89.1673,23.7367],[89.1588,23.7356],[89.1581,23.7223],[89.1405,23.7252],[89.1278,23.7216],[89.1279,23.7167],[89.1209,23.7128],[89.1238,23.7027],[89.1185,23.6938],[89.1219,23.6841],[89.1073,23.671],[89.1107,23.6633],[89.1216,23.6615],[89.1321,23.6501],[89.1498,23.65],[89.1437,23.6321],[89.1541,23.6231],[89.1541,23.6139],[89.1612,23.6145],[89.1615,23.6089],[89.1716,23.606],[89.179,23.6113],[89.1668,23.5985],[89.1787,23.5877]]]}},{"type":"Feature","id":"ADM3_Shajahanpur","properties":{"id":"ADM3_Shajahanpur","name":"Shajahanpur","district":"Bogra"},"geometry":{"type":"Polygon","coordinates":[[[89.3069,24.8212],[89.3063,24.8158],[89.3204,24.8027],[89.3129,24.7893],[89.3149,24.7658],[89.2942,24.7602],[89.2872,24.7479],[89.2793,24.7497],[89.2794,24.7376],[89.2738,24.7312],[89.2807,24.7117],[89.2802,24.7049],[89.2757,24.7032],[89.2771,24.693],[89.2899,24.6904],[89.3105,24.6962],[89.3209,24.6855],[89.3235,24.6964],[89.3302,24.6976],[89.3358,24.691],[89.3635,24.7028],[89.3758,24.6997],[89.3763,24.6923],[89.3806,24.6929],[89.3809,24.6982],[89.3884,24.6992],[89.3921,24.7104],[89.4019,24.7059],[89.3979,24.7167],[89.4191,24.7191],[89.423,24.7253],[89.4573,24.7163],[89.4621,24.7234],[89.493,24.7285],[89.4902,24.7412],[89.4755,24.7418],[89.4662,24.7495],[89.4663,24.7564],[89.454,24.763],[89.4542,24.8014],[89.4473,24.8223],[89.4364,24.8267],[89.4338,24.8384],[89.427,24.8317],[89.4214,24.8301],[89.4187,24.834],[89.4187,24.8287],[89.4085,24.8241],[89.3938,24.8346],[89.3864,24.8294],[89.3652,24.8315],[89.3571,24.8242],[89.3445,24.8216],[89.3268,24.8228],[89.3155,24.8181],[89.3069,24.8212]]]}},{"type":"Feature","id":"ADM3_Shalikha","properties":{"id":"ADM3_Shalikha","name":"Shalikha","district":"Magura"},"geometry":{"type":"Polygon","coordinates":[[[89.4256,23.2587],[89.4403,23.2618],[89.4551,23.2572],[89.4551,23.2639],[89.4626,23.2679],[89.4637,23.284],[89.4717,23.2877],[89.4803,23.2849],[89.4768,23.2946],[89.4841,23.3131],[89.4902,23.3171],[89.4865,23.3225],[89.4765,23.3234],[89.4624,23.3101],[89.4511,23.3118],[89.4525,23.333],[89.4471,23.3378],[89.4461,23.3338],[89.4412,23.3354],[89.4218,23.3496],[89.4221,23.3635],[89.4159,23.3602],[89.4024,23.3664],[89.3954,23.376],[89.3983,23.3947],[89.3915,23.3953],[89.3884,23.3836],[89.365,23.3804],[89.3648,23.3923],[89.3537,23.4105],[89.3283,23.4162],[89.3255,23.4323],[89.3159,23.4309],[89.3045,23.4393],[89.2941,23.4345],[89.2915,23.4445],[89.2754,23.4361],[89.2567,23.4411],[89.256,23.4337],[89.2712,23.4282],[89.2551,23.4147],[89.2609,23.4091],[89.2498,23.4036],[89.2524,23.3955],[89.246,23.3925],[89.2504,23.3825],[89.244,23.3772],[89.2751,23.3683],[89.2776,23.3639],[89.2729,23.3558],[89.2844,23.3494],[89.2827,23.3402],[89.3005,23.3302],[89.3081,23.3182],[89.3132,23.325],[89.3187,23.324],[89.3247,23.3098],[89.3223,23.2995],[89.3367,23.3035],[89.3436,23.2839],[89.3685,23.3022],[89.3736,23.2896],[89.3937,23.2825],[89.4092,23.2689],[89.4184,23.2679],[89.4256,23.2587]]]}},{"type":"Feature","id":"ADM3_ShariatpurSadar","properties":{"id":"ADM3_ShariatpurSadar","name":"Shariatpur Sadar","district":"Shariatpur"},"geometry":{"type":"Polygon","coordinates":[[[90.3937,23.2139],[90.3913,23.2205],[90.3837,23.2155],[90.3795,23.2183],[90.3772,23.2302],[90.3728,23.2288],[90.3662,23.2445],[90.3498,23.2409],[90.348,23.2569],[90.3128,23.2993],[90.3103,23.2949],[90.3018,23.2984],[90.2966,23.2948],[90.2925,23.2989],[90.2903,23.2904],[90.275,23.2848],[90.2571,23.2874],[90.257,23.2735],[90.2476,23.2742],[90.2421,23.2643],[90.2341,23.2606],[90.2419,23.2473],[90.2418,23.2311],[90.2503,23.235],[90.2472,23.2165],[90.2542,23.2105],[90.2659,23.2097],[90.2736,23.1959],[90.2757,23.1996],[90.2838,23.1972],[90.2921,23.1458],[90.308,23.1447],[90.3092,23.1323],[90.3175,23.1371],[90.3342,23.1376],[90.3391,23.1336],[90.3446,23.1404],[90.3612,23.1333],[90.3623,23.1438],[90.3744,23.1556],[90.3757,23.1597],[90.3673,23.1604],[90.3682,23.1646],[90.3773,23.1658],[90.3759,23.1749],[90.3986,23.1784],[90.382,23.1908],[90.3817,23.2007],[90.3896,23.2024],[90.3937,23.2139]]]}},{"type":"Feature","id":"ADM3_Sharsha","properties":{"id":"ADM3_Sharsha","name":"Sharsha","district":"Jessore"},"geometry":{"type":"Polygon","coordinates":[[[88.9873,23.2028],[88.9782,23.1886],[88.9804,23.1827],[88.976,23.182],[88.9753,23.1925],[88.9618,23.1932],[88.9572,23.1822],[88.939,23.1769],[88.934,23.1619],[88.9278,23.1632],[88.9323,23.1562],[88.9308,23.1433],[88.9208,23.1433],[88.9179,23.1292],[88.9103,23.1299],[88.8998,23.1122],[88.8916,23.1078],[88.883,23.1112],[88.8836,23.1047],[88.8684,23.1012],[88.8746,23.0899],[88.8662,23.0862],[88.8653,23.0775],[88.8613,23.0789],[88.8738,23.0663],[88.8749,23.0444],[88.8844,23.0372],[88.8809,23.0255],[88.8722,23.0177],[88.8743,23.0102],[88.8802,23.0085],[88.8779,23.0034],[88.845,23.0105],[88.852,23.0021],[88.8656,23.0004],[88.8649,22.9865],[88.8711,22.9787],[88.857,22.9688],[88.8589,22.9438],[88.8689,22.9516],[88.8758,22.9485],[88.8795,22.9543],[88.8941,22.9525],[88.8929,22.938],[88.8869,22.9337],[88.8906,22.9274],[88.9086,22.9192],[88.9186,22.9247],[88.918,22.9132],[88.929,22.9199],[88.936,22.912],[88.9419,22.9125],[88.9488,22.9223],[88.9554,22.9134],[88.9702,22.9213],[88.9743,22.9163],[88.9756,22.9221],[88.992,22.9161],[88.9884,22.92],[88.992,22.922],[88.991,22.933],[88.9853,22.9405],[88.9896,22.9454],[88.9835,22.9742],[88.9914,22.9844],[88.9874,22.9945],[88.9964,22.9935],[89.001,22.999],[89.0024,23.0148],[89.0085,23.0224],[89.0008,23.0308],[89.0049,23.0466],[88.9997,23.0866],[89.006,23.0913],[88.9961,23.0942],[88.9949,23.1004],[89.0092,23.1051],[89.0018,23.1336],[89.0115,23.1391],[89.0056,23.1459],[88.9986,23.1404],[88.9923,23.1482],[88.9959,23.15],[88.995,23.1606],[89.0053,23.17],[89.0005,23.1869],[89.0043,23.1934],[88.9873,23.2028]]]}},{"type":"Feature","id":"ADM3_SherebanglaNagar","properties":{"id":"ADM3_SherebanglaNagar","name":"Sher-e-bangla Nagar","district":"Dhaka"},"geometry":{"type":"Polygon","coordinates":[[[90.3656,23.7749],[90.3742,23.7582],[90.3818,23.7586],[90.3874,23.751],[90.3901,23.7583],[90.384,23.7581],[90.3784,23.784],[90.366,23.7825],[90.362,23.7774],[90.3656,23.7749]]]}},{"type":"Feature","id":"ADM3_Sherpur","properties":{"id":"ADM3_Sherpur","name":"Sherpur","district":"Bogra"},"geometry":{"type":"Polygon","coordinates":[[[89.4756,24.7234],[89.4621,24.7234],[89.4573,24.7163],[89.423,24.7253],[89.4191,24.7191],[89.3979,24.7167],[89.4019,24.7059],[89.3921,24.7104],[89.3884,24.6992],[89.3809,24.6982],[89.3806,24.6929],[89.3763,24.6923],[89.3758,24.6997],[89.3635,24.7028],[89.3263,24.6833],[89.3274,24.6722],[89.3377,24.6658],[89.3332,24.6443],[89.3428,24.6269],[89.338,24.6012],[89.3293,24.5974],[89.3249,24.5885],[89.3304,24.5691],[89.3377,24.5654],[89.3349,24.5606],[89.3454,24.5635],[89.3456,24.5589],[89.368,24.5581],[89.3724,24.5543],[89.392,24.5573],[89.3936,24.5518],[89.4071,24.5526],[89.4098,24.561],[89.4249,24.5609],[89.4311,24.5508],[89.4558,24.5471],[89.46,24.5424],[89.4732,24.5438],[89.4728,24.5517],[89.4857,24.5569],[89.4977,24.5528],[89.5085,24.5568],[89.5223,24.5516],[89.52,24.5363],[89.5322,24.547],[89.5289,24.5616],[89.5217,24.5649],[89.5342,24.576],[89.5258,24.5778],[89.5286,24.5833],[89.5161,24.5796],[89.5155,24.5858],[89.4962,24.5937],[89.5084,24.6081],[89.5097,24.6328],[89.5042,24.6397],[89.497,24.637],[89.487,24.646],[89.4958,24.6637],[89.4817,24.6703],[89.4885,24.6743],[89.4853,24.6838],[89.4905,24.6874],[89.4856,24.6893],[89.4919,24.6942],[89.4909,24.7047],[89.4889,24.7102],[89.477,24.7074],[89.4756,24.7234]]]}},{"type":"Feature","id":"ADM3_SherpurSadar","properties":{"id":"ADM3_SherpurSadar","name":"Sherpur Sadar","district":"Sherpur"},"geometry":{"type":"Polygon","coordinates":[[[89.8959,24.9947],[89.8931,24.9876],[89.8999,24.9906],[89.9047,24.985],[89.9039,24.958],[89.9081,24.9548],[89.9377,24.9595],[89.9445,24.9337],[89.956,24.9244],[89.9824,24.917],[89.9962,24.9229],[90.0055,24.913],[90.0221,24.9096],[90.0288,24.909],[90.029,24.9142],[90.0381,24.9188],[90.0327,24.9096],[90.0505,24.913],[90.0666,24.906],[90.081,24.909],[90.1164,24.9057],[90.1148,24.9105],[90.1235,24.9102],[90.1254,24.9175],[90.1155,24.9316],[90.1242,24.9321],[90.1283,24.9484],[90.115,24.9622],[90.119,24.971],[90.1374,24.969],[90.1168,24.997],[90.121,25.0079],[90.1343,25.0198],[90.1302,25.0232],[90.1313,25.0347],[90.1231,25.0306],[90.113,25.0362],[90.1188,25.0566],[90.0998,25.0573],[90.0761,25.0651],[90.0716,25.0726],[90.0742,25.0786],[90.0645,25.0903],[90.0596,25.0784],[90.0458,25.0857],[90.0459,25.0802],[90.0361,25.0844],[90.0212,25.079],[90.0253,25.0768],[90.0216,25.0657],[90.0069,25.0578],[89.992,25.0656],[89.985,25.0551],[89.9571,25.0657],[89.9402,25.0553],[89.9252,25.0628],[89.9048,25.0438],[89.9049,25.0338],[89.8819,25.035],[89.8798,25.0199],[89.8924,25.0188],[89.8903,25.0079],[89.8959,24.9947]]]}},{"type":"Feature","id":"ADM3_ShibChar","properties":{"id":"ADM3_ShibChar","name":"Shib Char","district":"Madaripur"},"geometry":{"type":"Polygon","coordinates":[[[90.0758,23.3092],[90.0749,23.3032],[90.0848,23.2952],[90.0818,23.2859],[90.0929,23.2893],[90.0941,23.2978],[90.129,23.3004],[90.1329,23.2877],[90.12,23.2743],[90.1365,23.2825],[90.1585,23.2645],[90.1684,23.2727],[90.1699,23.2612],[90.1755,23.2558],[90.1854,23.2602],[90.19,23.275],[90.2089,23.2622],[90.2183,23.27],[90.2302,23.27],[90.2392,23.2891],[90.2376,23.2984],[90.244,23.3168],[90.2384,23.3269],[90.2279,23.3327],[90.2472,23.3432],[90.2484,23.3494],[90.2332,23.3569],[90.2327,23.362],[90.2454,23.3776],[90.2645,23.3793],[90.2412,23.3941],[90.224,23.3967],[90.2205,23.4114],[90.2381,23.4172],[90.2452,23.4276],[90.2712,23.4269],[90.2706,23.4327],[90.2814,23.4465],[90.182,23.498],[90.1719,23.4889],[90.1652,23.4898],[90.1574,23.4663],[90.1414,23.4754],[90.1283,23.4607],[90.1102,23.4558],[90.1058,23.4467],[90.1109,23.4316],[90.0931,23.4125],[90.1117,23.4112],[90.0956,23.4018],[90.0955,23.3862],[90.1013,23.3821],[90.0878,23.3669],[90.0841,23.3486],[90.0985,23.3428],[90.1023,23.3333],[90.0916,23.3265],[90.0923,23.3118],[90.0839,23.3059],[90.0758,23.3092]]]}},{"type":"Feature","id":"ADM3_Shibalaya","properties":{"id":"ADM3_Shibalaya","name":"Shibalaya","district":"Manikganj"},"geometry":{"type":"Polygon","coordinates":[[[89.7327,23.8354],[89.7709,23.8333],[89.7804,23.7983],[89.8358,23.751],[89.8444,23.7387],[89.8678,23.7598],[89.8659,23.7659],[89.8542,23.7655],[89.8535,23.7725],[89.8485,23.7738],[89.8499,23.781],[89.8841,23.8003],[89.8961,23.7925],[89.9219,23.7978],[89.9318,23.807],[89.9239,23.8181],[89.9277,23.8257],[89.9191,23.8202],[89.9131,23.8298],[89.9176,23.8384],[89.8966,23.8369],[89.8929,23.8445],[89.8961,23.8473],[89.8903,23.8463],[89.8877,23.8507],[89.8944,23.862],[89.8899,23.8706],[89.8798,23.8729],[89.8694,23.8607],[89.8638,23.8638],[89.8569,23.8559],[89.8569,23.8619],[89.8504,23.8594],[89.8451,23.8492],[89.8343,23.8526],[89.8204,23.8489],[89.826,23.8666],[89.8151,23.8697],[89.814,23.8829],[89.8178,23.8828],[89.8219,23.9011],[89.8158,23.9067],[89.7843,23.8997],[89.7901,23.9083],[89.7833,23.9106],[89.7811,23.9051],[89.7775,23.9099],[89.7652,23.8999],[89.7643,23.9036],[89.7107,23.9071],[89.6972,23.9152],[89.6982,23.8959],[89.7027,23.8934],[89.697,23.8666],[89.7038,23.8771],[89.7122,23.8584],[89.7327,23.8354]]]}},{"type":"Feature","id":"ADM3_Shibganj_340057","properties":{"id":"ADM3_Shibganj_340057","name":"Shibganj","district":"Bogra"},"geometry":{"type":"Polygon","coordinates":[[[89.3753,24.9846],[89.3698,24.9896],[89.3822,24.9982],[89.3809,25.0021],[89.3949,25.0062],[89.4015,25.0156],[89.4063,25.0123],[89.4247,25.0146],[89.4297,25.0226],[89.4328,25.0206],[89.4561,25.0339],[89.4554,25.0573],[89.4491,25.0615],[89.4543,25.0713],[89.4525,25.0757],[89.4421,25.0734],[89.4448,25.0705],[89.4413,25.0689],[89.4296,25.0733],[89.4258,25.0651],[89.4226,25.0754],[89.4132,25.0831],[89.4096,25.0774],[89.3989,25.0788],[89.4033,25.0676],[89.3914,25.0665],[89.3887,25.0472],[89.3808,25.0603],[89.3695,25.0677],[89.3601,25.0664],[89.3555,25.0814],[89.3597,25.089],[89.3533,25.0891],[89.345,25.101],[89.3398,25.0974],[89.3368,25.1014],[89.3313,25.0999],[89.34,25.11],[89.3292,25.1232],[89.3173,25.1159],[89.2974,25.117],[89.2796,25.0858],[89.2699,25.0833],[89.2464,25.0651],[89.251,25.052],[89.2445,25.0482],[89.2429,25.0298],[89.2362,25.0204],[89.229,25.0185],[89.2142,25.0288],[89.2137,25.0237],[89.2205,25.023],[89.1975,25.0003],[89.2058,24.9967],[89.1909,24.9958],[89.1914,24.9897],[89.1982,24.9854],[89.1863,24.9827],[89.1778,24.9696],[89.1871,24.9622],[89.1869,24.947],[89.1904,24.9451],[89.1836,24.9395],[89.1898,24.9237],[89.2132,24.9128],[89.2313,24.9159],[89.2489,24.9264],[89.2669,24.9422],[89.2722,24.9619],[89.3019,24.9586],[89.3366,24.9661],[89.3385,24.9476],[89.3491,24.9499],[89.3599,24.9439],[89.3597,24.965],[89.3759,24.9776],[89.3753,24.9846]]]}},{"type":"Feature","id":"ADM3_Shibganj_581700","properties":{"id":"ADM3_Shibganj_581700","name":"Shibganj","district":"Nawabganj"},"geometry":{"type":"Polygon","coordinates":[[[88.1742,24.8626],[88.1622,24.8581],[88.164,24.8501],[88.1604,24.8486],[88.1509,24.8494],[88.1503,24.8534],[88.1504,24.8501],[88.1449,24.8512],[88.1471,24.8437],[88.1412,24.8419],[88.1409,24.8345],[88.1319,24.8361],[88.1363,24.8054],[88.1307,24.8051],[88.1235,24.8232],[88.1123,24.8142],[88.105,24.7997],[88.1061,24.7797],[88.089,24.783],[88.0778,24.7692],[88.0724,24.7731],[88.0683,24.7693],[88.0745,24.7609],[88.0657,24.7508],[88.0725,24.7438],[88.0628,24.7216],[88.0086,24.6679],[88.0412,24.6434],[88.087,24.5737],[88.1213,24.572],[88.1226,24.5845],[88.1505,24.5871],[88.1586,24.5825],[88.1632,24.5872],[88.1772,24.5884],[88.1847,24.585],[88.1893,24.5884],[88.2025,24.5798],[88.2204,24.5759],[88.2149,24.5878],[88.2278,24.5738],[88.2298,24.5887],[88.22,24.5984],[88.2066,24.5915],[88.2066,24.6003],[88.1972,24.6001],[88.1936,24.6048],[88.1998,24.6042],[88.1967,24.6094],[88.2006,24.6141],[88.1902,24.6212],[88.201,24.6222],[88.2123,24.6128],[88.2182,24.6224],[88.2257,24.62],[88.2251,24.63],[88.232,24.6324],[88.2413,24.6261],[88.2376,24.634],[88.2463,24.6448],[88.2412,24.6581],[88.2496,24.6534],[88.2569,24.6651],[88.2684,24.6656],[88.27,24.6612],[88.2784,24.6679],[88.2953,24.6702],[88.298,24.6804],[88.2945,24.6866],[88.2693,24.679],[88.2579,24.6808],[88.2491,24.6898],[88.2562,24.7014],[88.2789,24.7141],[88.2874,24.73],[88.2598,24.7625],[88.2319,24.7637],[88.2201,24.7695],[88.2279,24.7724],[88.2395,24.7908],[88.2374,24.8026],[88.2115,24.8188],[88.2177,24.8227],[88.2162,24.8297],[88.2108,24.828],[88.2071,24.8369],[88.2122,24.8479],[88.2024,24.8506],[88.2041,24.861],[88.1998,24.859],[88.1993,24.8662],[88.1874,24.8582],[88.1742,24.8626]]]}},{"type":"Feature","id":"ADM3_Shibpur","properties":{"id":"ADM3_Shibpur","name":"Shibpur","district":"Narsingdi"},"geometry":{"type":"Polygon","coordinates":[[[90.7921,24.0996],[90.7797,24.0979],[90.7819,24.0934],[90.7626,24.0798],[90.7567,24.0844],[90.7572,24.0903],[90.743,24.0932],[90.7384,24.1052],[90.73,24.106],[90.7373,24.0984],[90.7352,24.0853],[90.7452,24.0805],[90.7238,24.0857],[90.7263,24.0636],[90.7006,24.08],[90.6911,24.0778],[90.6893,24.0825],[90.6701,24.0724],[90.6658,24.0757],[90.6456,24.0699],[90.6353,24.0715],[90.6628,24.0327],[90.6702,24.0106],[90.6744,24.0084],[90.684,24.0149],[90.6952,24.0109],[90.6957,24.0048],[90.6753,23.9909],[90.6829,23.9772],[90.7001,23.9761],[90.7015,23.9927],[90.7089,23.9991],[90.7207,23.995],[90.7116,23.9897],[90.7135,23.9693],[90.7076,23.9467],[90.695,23.936],[90.7276,23.938],[90.7397,23.957],[90.7421,23.9456],[90.7331,23.9356],[90.7405,23.9343],[90.7633,23.9441],[90.7626,23.9543],[90.7721,23.9625],[90.7763,23.9782],[90.7838,23.9739],[90.8045,23.9796],[90.8251,23.9971],[90.8233,24.0077],[90.8283,24.0102],[90.8283,24.0224],[90.8228,24.0406],[90.8345,24.0525],[90.8195,24.066],[90.8156,24.0885],[90.8193,24.0881],[90.8189,24.0948],[90.796,24.0945],[90.7921,24.0996]]]}},{"type":"Feature","id":"ADM3_Shyamnagar","properties":{"id":"ADM3_Shyamnagar","name":"Shyamnagar","district":"Satkhira"},"geometry":{"type":"MultiPolygon","coordinates":[[[[89.2462,21.6891],[89.2344,21.6931],[89.2302,21.7006],[89.2242,21.6986],[89.2091,21.6644],[89.211,21.6527],[89.2587,21.6583],[89.2629,21.6621],[89.2602,21.6673],[89.2774,21.6677],[89.2885,21.6781],[89.2904,21.691],[89.2746,21.6958],[89.257,21.6967],[89.2462,21.6891]]],[[[89.2757,21.7555],[89.2452,21.7559],[89.2214,21.7471],[89.2197,21.738],[89.2283,21.7127],[89.2257,21.7049],[89.2336,21.7044],[89.2375,21.6953],[89.2478,21.692],[89.2547,21.6992],[89.2806,21.7062],[89.2885,21.7317],[89.2848,21.749],[89.2757,21.7555]]],[[[89.2121,21.8218],[89.1929,21.826],[89.1845,21.8166],[89.1902,21.8109],[89.1922,21.7862],[89.209,21.7707],[89.2186,21.7522],[89.262,21.7615],[89.2866,21.7548],[89.287,21.7819],[89.2818,21.7928],[89.2578,21.7945],[89.2392,21.8137],[89.2348,21.811],[89.2324,21.8207],[89.2121,21.8218]]],[[[89.2709,21.8175],[89.2665,21.832],[89.2587,21.8325],[89.2521,21.8176],[89.2336,21.8165],[89.2573,21.7971],[89.2698,21.7938],[89.2819,21.7969],[89.2709,21.8175]]],[[[89.1043,21.7811],[89.0843,21.7958],[89.077,21.8116],[89.0763,21.8284],[89.0836,21.857],[89.0614,21.8839],[89.0573,21.8989],[89.059,21.9199],[89.0373,21.9202],[89.0338,21.8951],[89.0526,21.878],[89.0606,21.8533],[89.0593,21.8343],[89.0449,21.7867],[89.0676,21.7734],[89.092,21.7401],[89.102,21.735],[89.1071,21.7226],[89.1213,21.7188],[89.1358,21.722],[89.145,21.7324],[89.1452,21.7501],[89.1424,21.7556],[89.134,21.7575],[89.1304,21.7699],[89.1043,21.7811]]],[[[89.301,21.8381],[89.3063,21.8569],[89.323,21.879],[89.3598,21.9001],[89.3482,21.9423],[89.3064,21.998],[89.2888,21.9883],[89.3015,21.983],[89.3035,21.9728],[89.2934,21.9634],[89.2982,21.9559],[89.2904,21.9514],[89.29,21.9405],[89.2969,21.9307],[89.3211,21.917],[89.2908,21.879],[89.3081,21.8696],[89.2989,21.8574],[89.2941,21.8394],[89.2812,21.8357],[89.2972,21.8185],[89.301,21.8381]]],[[[89.1853,22.0219],[89.165,22.0207],[89.1713,21.9957],[89.1431,21.9617],[89.1428,21.9383],[89.1549,21.9251],[89.177,21.9263],[89.1812,21.9357],[89.1645,21.9447],[89.1692,21.955],[89.1655,21.9446],[89.1826,21.9361],[89.1809,21.9256],[89.2016,21.9239],[89.2107,21.9184],[89.2136,21.9089],[89.2015,21.8861],[89.194,21.829],[89.2492,21.8182],[89.259,21.8401],[89.254,21.8546],[89.2573,21.8593],[89.2508,21.8583],[89.2396,21.866],[89.2584,21.8604],[89.2549,21.8554],[89.2602,21.8401],[89.2556,21.8342],[89.2631,21.8356],[89.2738,21.8539],[89.2676,21.8681],[89.2689,21.8832],[89.2473,21.8873],[89.2317,21.8767],[89.2294,21.8867],[89.2334,21.8899],[89.2308,21.8776],[89.2451,21.8881],[89.2694,21.8843],[89.285,21.9054],[89.2538,21.9092],[89.2456,21.9154],[89.2407,21.9287],[89.2222,21.9294],[89.2107,21.9352],[89.2019,21.949],[89.2046,21.9623],[89.2427,21.9856],[89.1949,22.0026],[89.1853,22.0219]]],[[[89.1237,22.0462],[89.1361,22.0663],[89.1286,22.0728],[89.1209,22.0696],[89.1048,22.0453],[89.0957,22.0493],[89.0935,22.0407],[89.0957,22.0216],[89.0908,22.0142],[89.097,21.9797],[89.0935,21.9613],[89.0972,21.9402],[89.1155,21.9521],[89.1065,21.9592],[89.1062,21.9759],[89.1188,21.9795],[89.1154,21.9907],[89.1302,21.9981],[89.1274,22.0262],[89.1156,22.0297],[89.1237,22.0462]]],[[[89.1496,22.0281],[89.1469,22.0397],[89.1512,22.0503],[89.1735,22.0623],[89.1495,22.0767],[89.1276,22.055],[89.1172,22.0283],[89.1279,22.0269],[89.1334,22.0078],[89.1292,22.0032],[89.1314,21.9988],[89.116,21.9879],[89.1209,21.979],[89.1078,21.9757],[89.1121,21.9668],[89.1083,21.9598],[89.116,21.957],[89.1169,21.9511],[89.0974,21.938],[89.0922,21.9485],[89.0844,21.9268],[89.0962,21.9213],[89.1055,21.9232],[89.1295,21.945],[89.1077,21.9228],[89.0958,21.9206],[89.0837,21.9243],[89.0798,21.9037],[89.0985,21.8775],[89.1049,21.8467],[89.103,21.8261],[89.1161,21.8171],[89.119,21.8247],[89.1145,21.8413],[89.13,21.8485],[89.1187,21.8759],[89.1265,21.8873],[89.1224,21.8918],[89.1278,21.8885],[89.1206,21.8752],[89.1325,21.8494],[89.1167,21.8422],[89.1185,21.8173],[89.1026,21.8221],[89.0991,21.8137],[89.1517,21.7949],[89.1676,21.8031],[89.1792,21.8388],[89.1625,21.8493],[89.1625,21.8623],[89.1515,21.8598],[89.1497,21.866],[89.1545,21.8725],[89.1422,21.8751],[89.1454,21.8801],[89.1433,21.8737],[89.1556,21.8735],[89.1518,21.8615],[89.1641,21.8622],[89.1635,21.8502],[89.1719,21.8484],[89.1823,21.8342],[89.185,21.874],[89.2011,21.9127],[89.1541,21.9137],[89.1394,21.9224],[89.1311,21.9502],[89.1329,21.9629],[89.1631,21.9952],[89.1496,22.0281]]],[[[89.2614,22.0808],[89.248,22.095],[89.2308,22.1001],[89.2255,22.096],[89.2484,22.074],[89.2536,22.0604],[89.2448,22.0403],[89.2193,22.0082],[89.2487,21.9913],[89.2508,21.981],[89.2422,21.9701],[89.2099,21.952],[89.2197,21.9449],[89.236,21.9417],[89.2304,21.9502],[89.2472,21.9536],[89.2612,21.9658],[89.2557,21.973],[89.2651,21.9773],[89.261,21.9839],[89.263,21.9976],[89.2658,21.9777],[89.2567,21.9734],[89.2625,21.9658],[89.2454,21.9518],[89.232,21.9492],[89.2539,21.9287],[89.2601,21.9166],[89.279,21.92],[89.2687,21.9291],[89.2692,21.9394],[89.2612,21.9439],[89.2707,21.9392],[89.2707,21.9287],[89.2944,21.9105],[89.2926,21.8921],[89.2778,21.8753],[89.2842,21.8427],[89.2931,21.8414],[89.2961,21.8572],[89.3064,21.8698],[89.2929,21.8749],[89.2898,21.8805],[89.3195,21.9185],[89.2991,21.9275],[89.2887,21.9395],[89.2887,21.9494],[89.2961,21.9547],[89.2922,21.9629],[89.3022,21.9725],[89.2999,21.9823],[89.2872,21.9882],[89.3056,22.0006],[89.2966,22.0227],[89.2863,22.033],[89.2944,22.0274],[89.2773,22.0593],[89.2815,22.072],[89.2956,22.0853],[89.286,22.0877],[89.2614,22.0808]]],[[[89.1635,22.4003],[89.1583,22.3917],[89.1443,22.3894],[89.1346,22.3652],[89.1181,22.3679],[89.1109,22.3782],[89.1051,22.3779],[89.0967,22.3919],[89.0961,22.4027],[89.0863,22.3991],[89.0818,22.3916],[89.0634,22.3956],[89.0671,22.3911],[89.062,22.3858],[89.0656,22.3838],[89.0619,22.3764],[89.0682,22.376],[89.0556,22.3496],[89.0663,22.3389],[89.0644,22.3332],[89.0579,22.3419],[89.0429,22.3381],[89.0403,22.3433],[89.0278,22.3436],[89.005,22.3199],[89.0252,22.2948],[88.9996,22.2962],[88.9958,22.2856],[89.0194,22.269],[89.016,22.2535],[89.0346,22.258],[89.0418,22.2251],[89.0754,22.1942],[89.0756,22.1858],[89.0674,22.1729],[89.0714,22.1542],[89.076,22.149],[89.0916,22.1626],[89.1019,22.1561],[89.0988,22.1432],[89.0808,22.1323],[89.0478,22.097],[89.0557,22.0647],[89.0654,22.0582],[89.0869,22.0555],[89.097,22.0942],[89.0797,22.0978],[89.0766,22.1023],[89.0823,22.1143],[89.0944,22.1113],[89.0942,22.1192],[89.0842,22.1223],[89.0924,22.1262],[89.085,22.1225],[89.0946,22.12],[89.0954,22.1106],[89.083,22.113],[89.0772,22.1022],[89.0983,22.0942],[89.0908,22.0589],[89.0873,22.0543],[89.0677,22.0544],[89.0896,22.0186],[89.0942,22.0248],[89.0939,22.0503],[89.1038,22.0473],[89.1192,22.0702],[89.1291,22.0737],[89.1389,22.068],[89.1481,22.0779],[89.1257,22.102],[89.1158,22.1205],[89.1199,22.1298],[89.1405,22.1295],[89.1298,22.1358],[89.1258,22.1511],[89.107,22.1563],[89.0852,22.1807],[89.109,22.1584],[89.1263,22.1541],[89.1321,22.1369],[89.1438,22.1302],[89.138,22.1239],[89.1194,22.126],[89.1312,22.1016],[89.1481,22.087],[89.1598,22.0894],[89.1749,22.0816],[89.1786,22.1013],[89.1914,22.1153],[89.188,22.1221],[89.1715,22.1235],[89.1667,22.1306],[89.1695,22.1413],[89.1659,22.1471],[89.1438,22.1519],[89.1389,22.1642],[89.1462,22.1829],[89.1572,22.1918],[89.1604,22.208],[89.1586,22.1911],[89.1492,22.184],[89.1421,22.1691],[89.1432,22.1559],[89.1643,22.1514],[89.17,22.1451],[89.169,22.1312],[89.1737,22.1244],[89.1893,22.1232],[89.1941,22.1185],[89.1807,22.101],[89.1777,22.0808],[89.1617,22.0871],[89.1503,22.0849],[89.1742,22.0723],[89.1787,22.0649],[89.1727,22.0535],[89.1558,22.0442],[89.1549,22.0379],[89.1633,22.0279],[89.187,22.0252],[89.2056,22.0024],[89.2454,22.0592],[89.2382,22.0736],[89.2164,22.0888],[89.2059,22.1197],[89.1915,22.1337],[89.1915,22.1549],[89.2055,22.1472],[89.21,22.1646],[89.2197,22.1716],[89.2023,22.1781],[89.197,22.1694],[89.1812,22.1648],[89.1805,22.1725],[89.1865,22.1764],[89.1873,22.1842],[89.1877,22.1749],[89.1814,22.1666],[89.1987,22.1743],[89.1941,22.1887],[89.1999,22.215],[89.1911,22.2192],[89.1916,22.2282],[89.181,22.2293],[89.1929,22.2296],[89.1916,22.2199],[89.2016,22.2165],[89.1956,22.1875],[89.1983,22.1824],[89.2221,22.1726],[89.2117,22.1621],[89.2085,22.1456],[89.1919,22.1509],[89.1957,22.1336],[89.2044,22.1284],[89.2243,22.1342],[89.2106,22.1388],[89.2128,22.1488],[89.2263,22.1578],[89.2423,22.1612],[89.2236,22.2],[89.2491,22.2273],[89.2526,22.2249],[89.2273,22.1999],[89.2461,22.1604],[89.2277,22.1562],[89.2135,22.1448],[89.2133,22.1405],[89.2271,22.1342],[89.2077,22.1268],[89.2185,22.0975],[89.2328,22.1047],[89.2511,22.1014],[89.2656,22.118],[89.2593,22.1527],[89.2629,22.1584],[89.2575,22.1644],[89.2628,22.1669],[89.2585,22.1633],[89.2636,22.1592],[89.2606,22.1529],[89.2655,22.1371],[89.2806,22.1607],[89.301,22.1743],[89.3116,22.1875],[89.3028,22.2166],[89.3114,22.2316],[89.292,22.2566],[89.3124,22.2757],[89.3144,22.2837],[89.2816,22.2874],[89.2757,22.3098],[89.2536,22.3347],[89.246,22.3597],[89.238,22.3684],[89.2175,22.3768],[89.2153,22.3688],[89.1953,22.3663],[89.1891,22.3931],[89.1734,22.4017],[89.1635,22.4003]]]]}},{"type":"Feature","id":"ADM3_Shyampur","properties":{"id":"ADM3_Shyampur","name":"Shyampur","district":"Dhaka"},"geometry":{"type":"Polygon","coordinates":[[[90.4203,23.696],[90.4272,23.6887],[90.4383,23.6876],[90.4345,23.6936],[90.4383,23.703],[90.4295,23.7077],[90.4241,23.7102],[90.4292,23.7017],[90.4203,23.696]]]}},{"type":"Feature","id":"ADM3_Singair","properties":{"id":"ADM3_Singair","name":"Singair","district":"Manikganj"},"geometry":{"type":"Polygon","coordinates":[[[90.1267,23.8665],[90.1183,23.8558],[90.1213,23.8472],[90.1149,23.8521],[90.1132,23.8446],[90.1098,23.8466],[90.092,23.8333],[90.0688,23.8288],[90.0669,23.8241],[90.0727,23.8124],[90.0598,23.803],[90.062,23.7902],[90.0514,23.783],[90.0513,23.7713],[90.0664,23.7741],[90.0749,23.7666],[90.0767,23.7601],[90.0704,23.7597],[90.0783,23.7511],[90.074,23.7299],[90.1076,23.7284],[90.1052,23.7188],[90.1147,23.7172],[90.1238,23.7346],[90.1294,23.7347],[90.1369,23.7459],[90.1542,23.7477],[90.1596,23.7257],[90.1764,23.7263],[90.1884,23.7166],[90.1909,23.7223],[90.206,23.7259],[90.2254,23.7092],[90.2367,23.7157],[90.2555,23.7151],[90.2511,23.7249],[90.2379,23.7357],[90.2236,23.7392],[90.2186,23.7483],[90.2365,23.7797],[90.2411,23.7781],[90.2477,23.8097],[90.2458,23.8384],[90.2396,23.8321],[90.2187,23.8402],[90.2035,23.838],[90.2039,23.8308],[90.1972,23.8303],[90.1951,23.8222],[90.1854,23.8183],[90.1753,23.8221],[90.1721,23.8179],[90.1719,23.8278],[90.1597,23.8332],[90.1505,23.8282],[90.1463,23.8445],[90.1267,23.8665]]]}},{"type":"Feature","id":"ADM3_Singra","properties":{"id":"ADM3_Singra","name":"Singra","district":"Natore"},"geometry":{"type":"Polygon","coordinates":[[[89.0635,24.5345],[89.0589,24.5279],[89.0673,24.5238],[89.0571,24.5192],[89.0613,24.5093],[89.0527,24.5006],[89.0567,24.4938],[89.0457,24.4811],[89.0483,24.4751],[89.0399,24.4677],[89.05,24.4615],[89.0507,24.4528],[89.0576,24.4546],[89.0643,24.448],[89.0633,24.4433],[89.0521,24.4397],[89.056,24.43],[89.06,24.429],[89.0618,24.4365],[89.072,24.4414],[89.0771,24.4335],[89.0738,24.4263],[89.0772,24.4177],[89.0717,24.414],[89.0761,24.4077],[89.0866,24.4216],[89.0911,24.4125],[89.102,24.4139],[89.1117,24.4072],[89.1297,24.4167],[89.1336,24.4098],[89.1467,24.412],[89.169,24.4011],[89.171,24.4146],[89.2041,24.409],[89.2163,24.4131],[89.2112,24.4245],[89.2322,24.4407],[89.2409,24.442],[89.2401,24.4364],[89.2539,24.4338],[89.2561,24.4392],[89.2754,24.4487],[89.2839,24.4622],[89.279,24.4666],[89.2852,24.4715],[89.2806,24.477],[89.2832,24.4849],[89.2873,24.4827],[89.3056,24.4995],[89.3046,24.5075],[89.3201,24.5196],[89.3173,24.5231],[89.3377,24.5443],[89.3415,24.5586],[89.3349,24.5606],[89.3377,24.5654],[89.3274,24.5753],[89.3249,24.5885],[89.3293,24.5974],[89.3079,24.5982],[89.3071,24.6138],[89.2972,24.6144],[89.3004,24.6192],[89.2861,24.6267],[89.2571,24.6289],[89.2534,24.6192],[89.2483,24.6196],[89.255,24.6141],[89.2541,24.6054],[89.2364,24.5953],[89.2379,24.5841],[89.2285,24.58],[89.2133,24.5994],[89.2161,24.6131],[89.2079,24.6111],[89.2055,24.6042],[89.2031,24.613],[89.1959,24.614],[89.2011,24.6181],[89.2007,24.6278],[89.2101,24.6346],[89.2035,24.6343],[89.2007,24.6434],[89.1919,24.6413],[89.1902,24.651],[89.1795,24.6437],[89.1734,24.6464],[89.1711,24.6353],[89.1758,24.6314],[89.1714,24.6293],[89.1718,24.6217],[89.149,24.6172],[89.1537,24.6217],[89.1462,24.6234],[89.1428,24.6298],[89.1357,24.644],[89.1364,24.656],[89.1455,24.6587],[89.1446,24.6711],[89.1541,24.6728],[89.1565,24.6681],[89.1668,24.6717],[89.1633,24.6855],[89.1568,24.6875],[89.1428,24.6785],[89.138,24.684],[89.1332,24.672],[89.1353,24.66],[89.1319,24.6592],[89.1356,24.6549],[89.1288,24.6508],[89.1249,24.654],[89.1242,24.6498],[89.1215,24.6538],[89.1223,24.6469],[89.115,24.6386],[89.0975,24.6371],[89.1019,24.6212],[89.0983,24.6193],[89.0959,24.6032],[89.1001,24.6025],[89.0952,24.5942],[89.1048,24.5839],[89.1039,24.5625],[89.0973,24.5578],[89.0983,24.5416],[89.0915,24.538],[89.0846,24.5446],[89.0794,24.5334],[89.0635,24.5345]]]}},{"type":"Feature","id":"ADM3_SirajganjSadar","properties":{"id":"ADM3_SirajganjSadar","name":"Sirajganj Sadar","district":"Sirajganj"},"geometry":{"type":"Polygon","coordinates":[[[89.7616,24.3703],[89.766,24.3758],[89.7647,24.3862],[89.7466,24.4305],[89.7552,24.4553],[89.7422,24.4568],[89.7426,24.4712],[89.7577,24.4834],[89.7474,24.483],[89.7582,24.4996],[89.7555,24.5063],[89.7503,24.5049],[89.7342,24.5184],[89.7386,24.5231],[89.7476,24.5203],[89.75,24.5295],[89.7445,24.5327],[89.7486,24.5349],[89.7463,24.5373],[89.7699,24.54],[89.77,24.5614],[89.7891,24.5723],[89.7807,24.5912],[89.7716,24.6002],[89.7618,24.5902],[89.7565,24.5967],[89.7424,24.5967],[89.7373,24.5841],[89.7442,24.5686],[89.7277,24.5725],[89.7257,24.5916],[89.7071,24.5893],[89.7069,24.5801],[89.701,24.5836],[89.6914,24.5752],[89.6879,24.5624],[89.6928,24.5487],[89.6834,24.5453],[89.6807,24.5547],[89.6751,24.5523],[89.668,24.5574],[89.6689,24.5734],[89.6629,24.5807],[89.652,24.5762],[89.6484,24.5838],[89.6548,24.5913],[89.6469,24.6001],[89.6313,24.5968],[89.6109,24.6132],[89.6027,24.6088],[89.5993,24.5946],[89.6042,24.5833],[89.6018,24.5624],[89.6172,24.5544],[89.6171,24.5481],[89.6037,24.546],[89.6073,24.5391],[89.6011,24.5335],[89.5987,24.5178],[89.6057,24.5145],[89.6153,24.4992],[89.6151,24.4867],[89.6222,24.4842],[89.6121,24.4791],[89.6233,24.4641],[89.6178,24.4576],[89.6202,24.4455],[89.6301,24.4483],[89.6235,24.4382],[89.6313,24.4368],[89.6294,24.431],[89.627,24.4353],[89.6179,24.4312],[89.6248,24.4286],[89.6194,24.4237],[89.6246,24.4212],[89.6224,24.4111],[89.6501,24.4109],[89.6485,24.4191],[89.6623,24.4201],[89.6584,24.4236],[89.6608,24.431],[89.6674,24.4142],[89.6817,24.4132],[89.6786,24.407],[89.6882,24.4038],[89.6836,24.3989],[89.684,24.3816],[89.6866,24.3746],[89.6896,24.3804],[89.6972,24.374],[89.6986,24.3656],[89.7016,24.3642],[89.7069,24.3728],[89.72,24.3762],[89.7252,24.3712],[89.7267,24.3778],[89.7316,24.3776],[89.7416,24.3721],[89.7385,24.3555],[89.7435,24.3526],[89.7459,24.3708],[89.7616,24.3703]]]}},{"type":"Feature","id":"ADM3_Sitakunda","properties":{"id":"ADM3_Sitakunda","name":"Sitakunda","district":"Chittagong"},"geometry":{"type":"Polygon","coordinates":[[[91.7719,22.4593],[91.7578,22.4771],[91.7689,22.4946],[91.7585,22.5014],[91.7589,22.5135],[91.7372,22.5522],[91.7262,22.5513],[91.7125,22.588],[91.7071,22.5852],[91.6944,22.6249],[91.6797,22.6416],[91.6791,22.6517],[91.6529,22.6996],[91.6341,22.6921],[91.6302,22.6834],[91.6139,22.6824],[91.6053,22.6868],[91.6022,22.6818],[91.6075,22.6738],[91.6129,22.6753],[91.6163,22.6703],[91.5987,22.665],[91.5921,22.6797],[91.5835,22.6816],[91.5809,22.6872],[91.5445,22.6731],[91.5816,22.6342],[91.5853,22.6152],[91.599,22.603],[91.5913,22.6149],[91.5977,22.6112],[91.69,22.5141],[91.7087,22.4882],[91.737,22.4291],[91.7345,22.4158],[91.7482,22.3667],[91.7757,22.3751],[91.774,22.3807],[91.7952,22.3922],[91.7761,22.4366],[91.7719,22.4593]]]}},{"type":"Feature","id":"ADM3_Sonadanga","properties":{"id":"ADM3_Sonadanga","name":"Sonadanga","district":"Khulna"},"geometry":{"type":"Polygon","coordinates":[[[89.5405,22.8005],[89.5542,22.802],[89.5595,22.818],[89.5397,22.8373],[89.5172,22.8345],[89.5336,22.8234],[89.5405,22.8005]]]}},{"type":"Feature","id":"ADM3_Sonagazi","properties":{"id":"ADM3_Sonagazi","name":"Sonagazi","district":"Feni"},"geometry":{"type":"MultiPolygon","coordinates":[[[[91.4503,22.7777],[91.4512,22.7631],[91.4544,22.7569],[91.4538,22.7674],[91.4503,22.7777]]],[[[91.3795,22.7794],[91.3947,22.7766],[91.3816,22.7845],[91.377,22.7845],[91.3795,22.7794]]],[[[91.3281,22.7975],[91.3311,22.8175],[91.3125,22.8195],[91.3135,22.809],[91.3281,22.7975]]],[[[91.3298,22.8471],[91.3229,22.8439],[91.3227,22.8422],[91.3257,22.8421],[91.331,22.8451],[91.3298,22.8471]]],[[[91.4655,22.8483],[91.449,22.826],[91.4419,22.8266],[91.4314,22.8377],[91.4261,22.8176],[91.4173,22.8128],[91.4473,22.7845],[91.4431,22.8022],[91.4606,22.8264],[91.4655,22.8483]]],[[[91.332,22.8207],[91.3363,22.8403],[91.3214,22.8391],[91.3186,22.842],[91.3265,22.849],[91.312,22.8455],[91.3097,22.8409],[91.3252,22.8371],[91.3252,22.827],[91.332,22.8207]]],[[[91.4241,22.7574],[91.4302,22.7666],[91.4303,22.779],[91.4196,22.7874],[91.4235,22.7969],[91.4134,22.7985],[91.4053,22.8084],[91.4128,22.8194],[91.4231,22.8244],[91.4283,22.8395],[91.4354,22.8394],[91.4422,22.829],[91.4494,22.8279],[91.4745,22.8756],[91.4624,22.8775],[91.4611,22.8909],[91.4654,22.8959],[91.4587,22.902],[91.4747,22.9025],[91.4685,22.9043],[91.47,22.9183],[91.4575,22.9321],[91.4504,22.9294],[91.4401,22.9384],[91.4287,22.914],[91.4194,22.9138],[91.419,22.9093],[91.4174,22.9196],[91.4107,22.9236],[91.4044,22.923],[91.4062,22.9198],[91.4011,22.917],[91.3948,22.9193],[91.3906,22.9296],[91.3925,22.9443],[91.3842,22.9434],[91.3812,22.9565],[91.3671,22.9596],[91.3661,22.9431],[91.3483,22.9483],[91.3543,22.9391],[91.3417,22.9397],[91.3407,22.934],[91.3339,22.9357],[91.3301,22.929],[91.3363,22.9255],[91.3279,22.91],[91.3386,22.9092],[91.3411,22.9133],[91.3529,22.8972],[91.3436,22.8967],[91.3446,22.8812],[91.336,22.8848],[91.3285,22.8821],[91.3353,22.8754],[91.3431,22.8773],[91.3372,22.8628],[91.3524,22.8657],[91.3478,22.8569],[91.3519,22.852],[91.3393,22.8603],[91.3382,22.8208],[91.3325,22.7974],[91.3445,22.7891],[91.3679,22.8018],[91.3768,22.7853],[91.3926,22.7819],[91.4072,22.7654],[91.4241,22.7574]]]]}},{"type":"Feature","id":"ADM3_Sonaimuri","properties":{"id":"ADM3_Sonaimuri","name":"Sonaimuri","district":"Noakhali"},"geometry":{"type":"Polygon","coordinates":[[[91.1949,22.9855],[91.2041,22.9873],[91.1937,22.9978],[91.1791,23.0028],[91.1745,23.0217],[91.1676,23.0204],[91.1595,23.0282],[91.1504,23.028],[91.1478,23.0372],[91.1284,23.0356],[91.1229,23.0562],[91.1365,23.0631],[91.14,23.0743],[91.135,23.0768],[91.0794,23.0716],[91.0804,23.0768],[91.0507,23.0835],[91.0394,23.1006],[91.0259,23.0894],[91.0185,23.0887],[91.0157,23.0787],[91.0076,23.0763],[91.01,23.068],[90.9968,23.0657],[91.0019,23.0581],[90.9958,23.0504],[91.0019,23.0441],[90.9962,23.044],[90.9958,23.0319],[91.0032,23.0212],[90.9972,23.0251],[90.9931,23.019],[91.0,23.0138],[91.0041,23.0007],[91.0027,22.9896],[90.9969,22.9863],[90.9991,22.9778],[91.0121,22.9772],[91.0196,22.9714],[91.0369,22.9722],[91.0486,22.9913],[91.0979,22.984],[91.0993,22.9768],[91.1212,22.9829],[91.1288,22.9734],[91.1525,22.9747],[91.1562,22.9884],[91.1949,22.9855]]]}},{"type":"Feature","id":"ADM3_Sonargaon","properties":{"id":"ADM3_Sonargaon","name":"Sonargaon","district":"Narayanganj"},"geometry":{"type":"Polygon","coordinates":[[[90.5808,23.7629],[90.5779,23.7655],[90.5666,23.7608],[90.5612,23.7478],[90.5649,23.7443],[90.5294,23.7348],[90.5309,23.7285],[90.5265,23.7271],[90.5244,23.7174],[90.5125,23.7092],[90.5249,23.6864],[90.5326,23.6899],[90.5359,23.7016],[90.5446,23.704],[90.5493,23.7119],[90.5483,23.7081],[90.5561,23.7087],[90.5511,23.7011],[90.5564,23.695],[90.5689,23.6953],[90.5716,23.6876],[90.5749,23.6915],[90.5585,23.6315],[90.5425,23.5962],[90.5419,23.5826],[90.548,23.5755],[90.5417,23.5629],[90.5649,23.5344],[90.5796,23.5379],[90.5593,23.5738],[90.5608,23.5898],[90.5735,23.5973],[90.6083,23.6003],[90.6269,23.614],[90.638,23.6491],[90.6397,23.6742],[90.6645,23.6733],[90.6631,23.6816],[90.6729,23.7017],[90.6598,23.7108],[90.6606,23.7179],[90.6518,23.7201],[90.6576,23.7262],[90.6496,23.725],[90.6489,23.7319],[90.6419,23.73],[90.6414,23.7394],[90.6169,23.7485],[90.5995,23.765],[90.5808,23.7629]]]}},{"type":"Feature","id":"ADM3_Sonatola","properties":{"id":"ADM3_Sonatola","name":"Sonatola","district":"Bogra"},"geometry":{"type":"Polygon","coordinates":[[[89.5254,24.9202],[89.5289,24.9337],[89.5348,24.9329],[89.5309,24.939],[89.5429,24.9412],[89.5488,24.9611],[89.5621,24.9644],[89.5613,24.9585],[89.5668,24.955],[89.5837,24.9648],[89.5809,25.0044],[89.5897,25.0072],[89.5848,25.0124],[89.5871,25.0184],[89.5984,25.0163],[89.6007,25.0289],[89.5881,25.0286],[89.595,25.0403],[89.5908,25.045],[89.5748,25.045],[89.5731,25.0396],[89.5641,25.0379],[89.5336,25.0402],[89.5303,25.0463],[89.5205,25.0402],[89.4929,25.0507],[89.4878,25.0617],[89.4746,25.0617],[89.4721,25.055],[89.4625,25.0545],[89.4651,25.0613],[89.4533,25.0655],[89.4561,25.0339],[89.4409,25.0248],[89.4421,25.0099],[89.4501,25.0027],[89.4394,24.9908],[89.4476,24.9826],[89.4494,24.9722],[89.4602,24.9718],[89.4562,24.9595],[89.4604,24.9516],[89.4646,24.9547],[89.4653,24.9461],[89.4761,24.947],[89.4817,24.938],[89.4894,24.9394],[89.4928,24.9326],[89.4968,24.943],[89.5067,24.941],[89.5133,24.9339],[89.5129,24.9265],[89.5215,24.922],[89.5226,24.9159],[89.5254,24.9202]]]}},{"type":"Feature","id":"ADM3_Sreebardi","properties":{"id":"ADM3_Sreebardi","name":"Sreebardi","district":"Sherpur"},"geometry":{"type":"Polygon","coordinates":[[[89.8965,25.1106],[89.9146,25.0892],[89.9113,25.0722],[89.9174,25.064],[89.9402,25.0553],[89.9571,25.0657],[89.9785,25.0558],[89.985,25.0551],[89.992,25.0656],[90.0069,25.0578],[90.013,25.0592],[90.0112,25.063],[90.0216,25.0657],[90.0253,25.0768],[90.0212,25.079],[90.0361,25.0844],[90.0473,25.0815],[90.0295,25.1037],[90.0278,25.1244],[90.0107,25.1317],[90.0119,25.1406],[89.9997,25.139],[90.0002,25.1485],[89.9914,25.1479],[89.9866,25.1595],[89.9764,25.167],[89.9765,25.1721],[90.0002,25.1674],[90.0032,25.1757],[89.9953,25.1818],[89.992,25.2029],[89.9844,25.2043],[89.9866,25.2157],[89.9698,25.2315],[89.9699,25.2377],[89.9936,25.2449],[89.9909,25.2508],[90.0115,25.2755],[90.0041,25.2806],[89.996,25.2768],[89.9807,25.281],[89.9769,25.2971],[89.9666,25.3038],[89.9544,25.3011],[89.9492,25.2928],[89.9317,25.286],[89.9313,25.2607],[89.9217,25.2598],[89.9163,25.2663],[89.9057,25.2658],[89.9026,25.2593],[89.8994,25.2262],[89.8893,25.2141],[89.8847,25.1871],[89.894,25.1803],[89.9019,25.1808],[89.9105,25.1716],[89.9019,25.1645],[89.8997,25.1346],[89.8933,25.1322],[89.8965,25.1106]]]}},{"type":"Feature","id":"ADM3_Sreemangal","properties":{"id":"ADM3_Sreemangal","name":"Sreemangal","district":"Maulvibazar"},"geometry":{"type":"Polygon","coordinates":[[[91.6144,24.2828],[91.6188,24.2575],[91.6129,24.2503],[91.6182,24.2395],[91.6156,24.2318],[91.6292,24.2101],[91.6294,24.1992],[91.6366,24.1972],[91.6412,24.188],[91.6413,24.1766],[91.655,24.1758],[91.6575,24.1797],[91.6591,24.1955],[91.6525,24.196],[91.6544,24.2027],[91.6472,24.2153],[91.6653,24.2337],[91.6669,24.2107],[91.6766,24.2008],[91.6801,24.1757],[91.6882,24.1622],[91.6949,24.1597],[91.7033,24.1637],[91.706,24.1544],[91.7217,24.1526],[91.7283,24.1434],[91.7366,24.146],[91.7394,24.1417],[91.7592,24.1416],[91.745,24.2471],[91.7833,24.2251],[91.7934,24.2394],[91.7924,24.2583],[91.7864,24.262],[91.769,24.2507],[91.766,24.2542],[91.7768,24.2587],[91.776,24.27],[91.7927,24.2729],[91.7922,24.3033],[91.7881,24.3078],[91.7685,24.3071],[91.7725,24.3234],[91.7685,24.3303],[91.7829,24.3331],[91.7831,24.3581],[91.7713,24.3592],[91.7757,24.3674],[91.7874,24.361],[91.7961,24.365],[91.7984,24.3763],[91.7885,24.3827],[91.7957,24.3858],[91.7867,24.4041],[91.7752,24.4029],[91.7722,24.4085],[91.7557,24.4012],[91.7147,24.3996],[91.7083,24.4072],[91.6928,24.4011],[91.6885,24.4029],[91.6891,24.4137],[91.6787,24.4047],[91.6678,24.409],[91.6498,24.405],[91.6439,24.4144],[91.6565,24.4191],[91.6503,24.4246],[91.6493,24.4339],[91.6426,24.4342],[91.6426,24.4408],[91.6337,24.4451],[91.6341,24.4503],[91.6385,24.4495],[91.6339,24.4553],[91.6379,24.4587],[91.6332,24.4658],[91.6118,24.4717],[91.6139,24.4633],[91.6074,24.4424],[91.6104,24.4378],[91.6179,24.4395],[91.6199,24.4333],[91.6161,24.4287],[91.6207,24.4176],[91.6017,24.4156],[91.6028,24.3648],[91.6248,24.3639],[91.6205,24.3605],[91.6296,24.3443],[91.6322,24.3176],[91.6255,24.2975],[91.6144,24.2828]]]}},{"type":"Feature","id":"ADM3_Sreenagar","properties":{"id":"ADM3_Sreenagar","name":"Sreenagar","district":"Munshiganj"},"geometry":{"type":"Polygon","coordinates":[[[90.1583,23.5221],[90.182,23.498],[90.2177,23.4779],[90.228,23.4945],[90.2386,23.5008],[90.2553,23.4958],[90.2722,23.4987],[90.2804,23.4928],[90.2893,23.5004],[90.2924,23.4962],[90.3063,23.4994],[90.3119,23.4942],[90.3267,23.5028],[90.3329,23.4948],[90.3432,23.4941],[90.3452,23.4984],[90.3405,23.5036],[90.3477,23.5093],[90.3499,23.5272],[90.3629,23.5283],[90.3603,23.5377],[90.3667,23.5445],[90.3624,23.5506],[90.3469,23.551],[90.3378,23.557],[90.3377,23.553],[90.3307,23.5618],[90.3234,23.5629],[90.3311,23.5672],[90.3345,23.58],[90.3448,23.581],[90.3362,23.5984],[90.3266,23.5857],[90.3194,23.5868],[90.3174,23.5976],[90.3005,23.613],[90.2913,23.6047],[90.2841,23.6091],[90.2784,23.6041],[90.268,23.6059],[90.2665,23.6176],[90.251,23.6132],[90.2453,23.6323],[90.2406,23.6329],[90.2365,23.6214],[90.2262,23.6136],[90.2259,23.6014],[90.2088,23.5892],[90.2035,23.5643],[90.1922,23.5594],[90.1858,23.5629],[90.1772,23.5558],[90.1816,23.5414],[90.1765,23.5268],[90.1583,23.5221]]]}},{"type":"Feature","id":"ADM3_Sreepur_171075","properties":{"id":"ADM3_Sreepur_171075","name":"Sreepur","district":"Gazipur"},"geometry":{"type":"Polygon","coordinates":[[[90.2905,24.2778],[90.3008,24.2696],[90.2993,24.248],[90.3146,24.2325],[90.321,24.2075],[90.3255,24.2056],[90.3243,24.2007],[90.3302,24.1998],[90.3294,24.1873],[90.3346,24.1856],[90.3367,24.1737],[90.3408,24.1751],[90.3483,24.162],[90.3558,24.1584],[90.3583,24.164],[90.3719,24.1634],[90.3755,24.1583],[90.3876,24.1618],[90.3978,24.1519],[90.415,24.1782],[90.4311,24.1809],[90.4364,24.1737],[90.4464,24.1746],[90.4541,24.1694],[90.4633,24.1529],[90.4571,24.1423],[90.467,24.1328],[90.4565,24.1307],[90.4529,24.1192],[90.4608,24.1036],[90.4463,24.1033],[90.4491,24.0898],[90.4385,24.0859],[90.4218,24.0927],[90.4197,24.0661],[90.4452,24.0593],[90.4449,24.0335],[90.46,24.0189],[90.4667,24.0214],[90.4739,24.0145],[90.4878,24.0138],[90.4924,24.0277],[90.4984,24.032],[90.4978,24.0751],[90.5074,24.0865],[90.5222,24.0906],[90.5148,24.1001],[90.522,24.1104],[90.5166,24.1287],[90.5409,24.134],[90.542,24.1454],[90.5533,24.1598],[90.5516,24.1712],[90.5405,24.1802],[90.5404,24.2001],[90.5486,24.2195],[90.5419,24.2355],[90.5291,24.2369],[90.5248,24.2429],[90.529,24.2544],[90.546,24.2677],[90.5467,24.2741],[90.5209,24.288],[90.5292,24.3031],[90.5133,24.3113],[90.4876,24.3142],[90.4574,24.3392],[90.4421,24.341],[90.4264,24.3305],[90.4281,24.3102],[90.4094,24.2967],[90.4024,24.2827],[90.3928,24.2816],[90.3794,24.2905],[90.3764,24.2849],[90.3625,24.281],[90.3622,24.2861],[90.3566,24.2879],[90.3593,24.3001],[90.3476,24.2938],[90.3254,24.2992],[90.2905,24.2778]]]}},{"type":"Feature","id":"ADM3_Sreepur_021808","properties":{"id":"ADM3_Sreepur_021808","name":"Sreepur","district":"Magura"},"geometry":{"type":"Polygon","coordinates":[[[89.4395,23.6555],[89.4114,23.6818],[89.3857,23.6765],[89.3752,23.6647],[89.3665,23.6641],[89.3767,23.6635],[89.3662,23.6466],[89.355,23.639],[89.3573,23.6327],[89.3409,23.5889],[89.3451,23.5866],[89.345,23.5787],[89.3396,23.5646],[89.412,23.5544],[89.4123,23.544],[89.4174,23.5413],[89.4419,23.5373],[89.4527,23.5418],[89.4657,23.5309],[89.4579,23.5163],[89.471,23.5317],[89.4875,23.5239],[89.4978,23.5355],[89.5097,23.5321],[89.5098,23.5257],[89.5326,23.5288],[89.5375,23.5361],[89.5354,23.5402],[89.523,23.5505],[89.5066,23.5524],[89.4995,23.5578],[89.4973,23.5791],[89.4842,23.5928],[89.4706,23.5971],[89.4822,23.62],[89.4802,23.6275],[89.47,23.6348],[89.4397,23.6403],[89.4357,23.6492],[89.4395,23.6555]]]}},{"type":"Feature","id":"ADM3_Subarnachar","properties":{"id":"ADM3_Subarnachar","name":"Subarnachar","district":"Noakhali"},"geometry":{"type":"MultiPolygon","coordinates":[[[[91.2562,22.4098],[91.2638,22.4146],[91.2664,22.4238],[91.2565,22.4355],[91.2458,22.4263],[91.2562,22.4098]]],[[[91.2771,22.4411],[91.2769,22.4476],[91.2726,22.4484],[91.271,22.4431],[91.2771,22.4411]]],[[[91.1654,22.4795],[91.1942,22.4998],[91.2012,22.5106],[91.1931,22.5193],[91.1637,22.5173],[91.1654,22.4795]]],[[[91.3394,22.526],[91.3348,22.5322],[91.3392,22.5301],[91.3362,22.5559],[91.3111,22.6028],[91.2738,22.5548],[91.2721,22.5489],[91.2759,22.5488],[91.2679,22.5361],[91.266,22.5201],[91.291,22.4839],[91.3181,22.4979],[91.3103,22.5071],[91.3258,22.501],[91.3342,22.5072],[91.3344,22.5126],[91.3269,22.5171],[91.3316,22.517],[91.33,22.521],[91.3399,22.5176],[91.3394,22.526]]],[[[91.1721,22.7064],[91.1587,22.6784],[91.1437,22.6933],[91.1329,22.723],[91.0862,22.7314],[91.0663,22.7215],[91.0614,22.7289],[91.0269,22.7411],[91.0178,22.7396],[91.0099,22.7504],[90.9815,22.7486],[90.9809,22.7153],[91.0078,22.7072],[91.0169,22.686],[91.0169,22.6786],[91.0009,22.6656],[90.9884,22.6393],[91.0092,22.6127],[91.0165,22.5793],[91.1125,22.5844],[91.1423,22.58],[91.159,22.5863],[91.1636,22.5205],[91.1809,22.5262],[91.2092,22.5241],[91.2141,22.5314],[91.2306,22.5273],[91.2392,22.5481],[91.2476,22.5535],[91.2588,22.5755],[91.2589,22.5852],[91.2636,22.5815],[91.288,22.6186],[91.2845,22.626],[91.275,22.6273],[91.2779,22.6308],[91.2634,22.6354],[91.2813,22.6315],[91.2821,22.643],[91.2543,22.6477],[91.2187,22.6625],[91.2024,22.6737],[91.1721,22.7064]]]]}},{"type":"Feature","id":"ADM3_Sujanagar","properties":{"id":"ADM3_Sujanagar","name":"Sujanagar","district":"Pabna"},"geometry":{"type":"Polygon","coordinates":[[[89.6069,23.9568],[89.5625,23.9663],[89.5425,23.9654],[89.5264,23.9545],[89.5208,23.9656],[89.5008,23.96],[89.4952,23.967],[89.484,23.9703],[89.4731,23.9584],[89.4703,23.9663],[89.4663,23.9607],[89.4547,23.9612],[89.4536,23.9699],[89.46,23.9726],[89.4455,23.9814],[89.4383,23.993],[89.4325,23.9897],[89.4335,23.9989],[89.4196,23.9813],[89.411,23.9844],[89.4089,23.9946],[89.4012,23.9837],[89.4078,23.9703],[89.4078,23.9485],[89.3796,23.9088],[89.3903,23.9048],[89.4089,23.8817],[89.4626,23.8427],[89.5142,23.8189],[89.5721,23.8081],[89.5837,23.8144],[89.6433,23.8109],[89.6276,23.82],[89.617,23.8393],[89.6233,23.8604],[89.6129,23.8733],[89.6226,23.8761],[89.6199,23.8781],[89.6264,23.8831],[89.6164,23.8961],[89.5992,23.8914],[89.6041,23.8993],[89.5864,23.9121],[89.6194,23.9118],[89.613,23.9273],[89.5837,23.9439],[89.6069,23.9568]]]}},{"type":"Feature","id":"ADM3_Sulla","properties":{"id":"ADM3_Sulla","name":"Sulla","district":"Sunamganj"},"geometry":{"type":"Polygon","coordinates":[[[91.3343,24.6629],[91.3433,24.6737],[91.3485,24.666],[91.3592,24.678],[91.349,24.6883],[91.3716,24.6906],[91.3801,24.6953],[91.3731,24.7001],[91.382,24.7053],[91.3747,24.7024],[91.3712,24.7121],[91.363,24.7089],[91.3534,24.718],[91.3432,24.7145],[91.3506,24.7309],[91.3455,24.7323],[91.3458,24.7403],[91.329,24.7388],[91.3308,24.7457],[91.3074,24.7263],[91.3047,24.7321],[91.3152,24.7423],[91.2998,24.7511],[91.3056,24.7612],[91.2974,24.7624],[91.2949,24.7685],[91.293,24.7612],[91.2765,24.7691],[91.2606,24.7616],[91.2643,24.7564],[91.262,24.7507],[91.2764,24.7514],[91.2574,24.7251],[91.2481,24.7274],[91.2511,24.7332],[91.2427,24.7404],[91.2319,24.7411],[91.2305,24.7473],[91.1914,24.7471],[91.1937,24.7579],[91.205,24.7502],[91.2029,24.7602],[91.2072,24.7681],[91.2192,24.7718],[91.2184,24.7774],[91.2023,24.7909],[91.212,24.7969],[91.227,24.797],[91.2255,24.8012],[91.208,24.8012],[91.2065,24.8083],[91.2003,24.8096],[91.1703,24.7892],[91.1712,24.7799],[91.1664,24.7798],[91.1585,24.7648],[91.1514,24.7663],[91.1353,24.7574],[91.1489,24.7549],[91.152,24.7472],[91.1593,24.7481],[91.1555,24.741],[91.1473,24.7467],[91.1518,24.73],[91.1413,24.7242],[91.1587,24.7249],[91.1591,24.7177],[91.1721,24.7256],[91.2068,24.709],[91.2066,24.7139],[91.2124,24.7131],[91.2206,24.7206],[91.2219,24.7281],[91.2293,24.7237],[91.2266,24.7066],[91.2197,24.7024],[91.2309,24.6929],[91.2409,24.6921],[91.242,24.68],[91.2334,24.6723],[91.2238,24.6752],[91.2225,24.6694],[91.2327,24.6664],[91.23,24.6547],[91.2261,24.6506],[91.2099,24.6525],[91.2047,24.6318],[91.199,24.6343],[91.1937,24.6259],[91.1783,24.6303],[91.1789,24.6166],[91.2,24.6094],[91.2043,24.5942],[91.1967,24.5888],[91.2071,24.5859],[91.206,24.577],[91.2253,24.5755],[91.234,24.569],[91.2651,24.5797],[91.2646,24.5929],[91.2727,24.6057],[91.2736,24.5982],[91.2937,24.5972],[91.3081,24.6368],[91.3051,24.6544],[91.3128,24.6465],[91.3343,24.6629]]]}},{"type":"Feature","id":"ADM3_SunamganjSadar","properties":{"id":"ADM3_SunamganjSadar","name":"Sunamganj Sadar","district":"Sunamganj"},"geometry":{"type":"Polygon","coordinates":[[[91.2665,25.0316],[91.2701,25.0255],[91.2647,25.016],[91.2843,25.0212],[91.2919,25.0126],[91.2995,25.0132],[91.3061,25.0078],[91.3055,24.9981],[91.3141,24.9966],[91.3099,24.9936],[91.3126,24.9858],[91.3231,24.9789],[91.3207,24.9729],[91.3154,24.9763],[91.3195,24.9608],[91.314,24.9584],[91.3247,24.9524],[91.3122,24.9515],[91.3005,24.94],[91.3246,24.9376],[91.3329,24.9224],[91.3358,24.9253],[91.3316,24.9343],[91.3358,24.9407],[91.348,24.9434],[91.3525,24.9491],[91.3468,24.9523],[91.3526,24.9545],[91.3548,24.9645],[91.366,24.9684],[91.367,24.9612],[91.3738,24.9572],[91.3817,24.9616],[91.3936,24.9493],[91.3932,24.9648],[91.4066,24.9682],[91.4038,24.9794],[91.4077,24.996],[91.4438,24.9977],[91.4435,25.0054],[91.45,25.0022],[91.4669,25.0151],[91.4778,25.038],[91.4547,25.0418],[91.4457,25.0482],[91.4468,25.0643],[91.4574,25.0625],[91.4605,25.0556],[91.4681,25.0537],[91.4718,25.0566],[91.4673,25.064],[91.4694,25.0704],[91.4891,25.0723],[91.4995,25.079],[91.5027,25.0886],[91.4981,25.0893],[91.4995,25.0929],[91.4958,25.0901],[91.4838,25.0949],[91.4837,25.1032],[91.49,25.1048],[91.4992,25.1169],[91.4962,25.1292],[91.5172,25.1337],[91.5179,25.1475],[91.5018,25.1439],[91.4996,25.1355],[91.4919,25.139],[91.4892,25.1352],[91.4706,25.1337],[91.4642,25.1349],[91.4704,25.1398],[91.4685,25.1519],[91.4405,25.1498],[91.4329,25.1568],[91.425,25.1572],[91.4146,25.1712],[91.4108,25.1638],[91.3885,25.1678],[91.3891,25.1344],[91.3979,25.1201],[91.3891,25.1135],[91.3983,25.0929],[91.3957,25.0815],[91.3829,25.0771],[91.3758,25.0802],[91.3657,25.0579],[91.3528,25.0561],[91.3569,25.0528],[91.3318,25.0635],[91.3077,25.0649],[91.3028,25.0588],[91.2926,25.0678],[91.2941,25.0502],[91.2762,25.0424],[91.2665,25.0316]]]}},{"type":"Feature","id":"ADM3_Sundarganj","properties":{"id":"ADM3_Sundarganj","name":"Sundarganj","district":"Gaibandha"},"geometry":{"type":"Polygon","coordinates":[[[89.7062,25.4596],[89.7049,25.4693],[89.6827,25.4662],[89.685,25.4745],[89.6702,25.4866],[89.6743,25.4927],[89.6939,25.4925],[89.6983,25.4962],[89.6814,25.5165],[89.6977,25.5337],[89.6914,25.5378],[89.6675,25.5358],[89.6163,25.5691],[89.6059,25.5683],[89.5966,25.5582],[89.5873,25.5565],[89.5665,25.5846],[89.5363,25.5905],[89.5327,25.6006],[89.5391,25.6012],[89.5417,25.6093],[89.5481,25.6082],[89.5489,25.626],[89.5438,25.6388],[89.5356,25.6425],[89.5359,25.649],[89.5225,25.634],[89.5219,25.623],[89.5082,25.6182],[89.4971,25.6222],[89.5029,25.6115],[89.4945,25.6147],[89.4884,25.5999],[89.4905,25.5904],[89.4982,25.5857],[89.4942,25.5762],[89.4875,25.5759],[89.471,25.5987],[89.4428,25.5844],[89.4343,25.592],[89.4323,25.5876],[89.4125,25.5875],[89.4087,25.553],[89.4047,25.5501],[89.4132,25.549],[89.4052,25.5475],[89.4064,25.5418],[89.4118,25.5416],[89.4057,25.5357],[89.4035,25.5389],[89.403,25.5333],[89.4118,25.5364],[89.4186,25.5286],[89.4243,25.5362],[89.4276,25.5372],[89.4285,25.5316],[89.4379,25.5385],[89.4378,25.5271],[89.4432,25.5276],[89.434,25.5205],[89.4505,25.5178],[89.4398,25.5122],[89.4443,25.504],[89.4394,25.5013],[89.4413,25.4937],[89.4802,25.4932],[89.4886,25.5076],[89.4968,25.5025],[89.4898,25.4922],[89.4989,25.491],[89.5048,25.4838],[89.4866,25.477],[89.4877,25.4695],[89.4805,25.4679],[89.4795,25.4612],[89.4982,25.4511],[89.4975,25.4417],[89.5133,25.4366],[89.531,25.441],[89.5446,25.4373],[89.5686,25.4463],[89.5772,25.4325],[89.5864,25.4371],[89.5939,25.4231],[89.6091,25.4225],[89.6126,25.4131],[89.622,25.4133],[89.6127,25.4102],[89.6256,25.4049],[89.6264,25.4095],[89.6312,25.4086],[89.6359,25.4013],[89.6681,25.3977],[89.6871,25.4085],[89.6923,25.4024],[89.7013,25.4022],[89.6993,25.4181],[89.6907,25.4125],[89.6865,25.4151],[89.7003,25.4373],[89.7062,25.4596]]]}},{"type":"Feature","id":"ADM3_Sutrapur","properties":{"id":"ADM3_Sutrapur","name":"Sutrapur","district":"Dhaka"},"geometry":{"type":"Polygon","coordinates":[[[90.4115,23.7135],[90.4119,23.7035],[90.4171,23.6997],[90.4199,23.717],[90.4277,23.7167],[90.4288,23.7223],[90.4119,23.723],[90.4115,23.7135]]]}},{"type":"Feature","id":"ADM3_SylhetSadar","properties":{"id":"ADM3_SylhetSadar","name":"Sylhet Sadar","district":"Sylhet"},"geometry":{"type":"Polygon","coordinates":[[[91.803,24.8894],[91.8124,24.8923],[91.8153,24.8983],[91.8317,24.8976],[91.8356,24.9057],[91.8412,24.8884],[91.8567,24.8882],[91.8537,24.8808],[91.8574,24.8816],[91.8626,24.8735],[91.8637,24.8773],[91.8714,24.8745],[91.8758,24.8648],[91.8853,24.8643],[91.8811,24.8672],[91.8903,24.8709],[91.8947,24.8675],[91.9,24.8739],[91.9167,24.8737],[91.9244,24.8637],[91.9377,24.8644],[91.9416,24.8771],[91.9392,24.8877],[91.9526,24.8926],[91.9667,24.8856],[91.989,24.9086],[92.0098,24.9172],[91.9993,24.9227],[91.9932,24.9205],[91.984,24.9531],[91.975,24.9488],[91.9708,24.9579],[91.9626,24.958],[91.964,24.9509],[91.9598,24.9483],[91.9517,24.9503],[91.9536,24.9566],[91.9429,24.9567],[91.9317,24.9925],[91.9196,25.0027],[91.9191,25.0104],[91.9033,25.0121],[91.8909,24.9958],[91.8807,24.9923],[91.8804,24.987],[91.8532,24.9921],[91.8433,24.9823],[91.8296,24.9841],[91.832,24.9888],[91.8168,25.0094],[91.7838,25.0066],[91.7756,25.021],[91.7622,25.0115],[91.7404,25.0051],[91.7367,24.9911],[91.7229,24.9851],[91.7219,24.9805],[91.7112,24.979],[91.7134,24.9726],[91.6993,24.9754],[91.7113,24.968],[91.7046,24.9495],[91.7137,24.9466],[91.7007,24.9378],[91.6907,24.9369],[91.7043,24.9324],[91.7059,24.9232],[91.7327,24.9187],[91.7343,24.9039],[91.7643,24.908],[91.7576,24.8885],[91.7622,24.8836],[91.7842,24.9121],[91.789,24.9001],[91.7793,24.8964],[91.7892,24.8937],[91.8013,24.8975],[91.803,24.8894]]]}},{"type":"Feature","id":"ADM3_Tahirpur","properties":{"id":"ADM3_Tahirpur","name":"Tahirpur","district":"Sunamganj"},"geometry":{"type":"Polygon","coordinates":[[[91.2866,25.1856],[91.2921,25.1934],[91.2761,25.1992],[91.2679,25.2074],[91.2507,25.1958],[91.1946,25.2019],[91.1252,25.1941],[91.0711,25.1984],[91.0761,25.1895],[91.073,25.1764],[91.0876,25.1572],[91.0853,25.1447],[91.0652,25.1314],[91.0572,25.1335],[91.0556,25.1396],[91.0319,25.1392],[91.0223,25.1276],[91.0259,25.1271],[91.026,25.1168],[91.0444,25.11],[91.0452,25.1024],[91.0511,25.1025],[91.0455,25.089],[91.0655,25.0795],[91.071,25.0849],[91.0777,25.0837],[91.0777,25.0773],[91.0861,25.0684],[91.1223,25.0712],[91.134,25.0512],[91.1278,25.0539],[91.1187,25.0479],[91.1345,25.0247],[91.1512,25.0357],[91.1683,25.0308],[91.1729,25.0444],[91.1944,25.0533],[91.1993,25.0634],[91.2252,25.0664],[91.2315,25.0803],[91.2656,25.0828],[91.2595,25.1193],[91.2541,25.122],[91.2513,25.1159],[91.2461,25.1162],[91.2419,25.1227],[91.2503,25.1373],[91.2559,25.1308],[91.2669,25.1338],[91.2653,25.1418],[91.2781,25.16],[91.2709,25.1644],[91.2718,25.161],[91.2601,25.1596],[91.2571,25.1735],[91.278,25.169],[91.2789,25.1588],[91.2857,25.1563],[91.2794,25.1691],[91.2866,25.1856]]]}},{"type":"Feature","id":"ADM3_Tala","properties":{"id":"ADM3_Tala","name":"Tala","district":"Satkhira"},"geometry":{"type":"Polygon","coordinates":[[[89.2452,22.6407],[89.2514,22.6577],[89.2596,22.6582],[89.2658,22.6457],[89.2635,22.6321],[89.2876,22.6207],[89.2905,22.6241],[89.2764,22.6314],[89.3017,22.647],[89.2623,22.6688],[89.2603,22.718],[89.2683,22.7008],[89.2864,22.6971],[89.3004,22.683],[89.3095,22.695],[89.3045,22.7039],[89.3057,22.7138],[89.3109,22.7177],[89.3213,22.7135],[89.3296,22.7161],[89.3259,22.7186],[89.3316,22.7294],[89.3106,22.7502],[89.3101,22.7622],[89.2989,22.772],[89.2987,22.7879],[89.2898,22.7948],[89.2708,22.7906],[89.2653,22.7965],[89.265,22.8132],[89.2484,22.8111],[89.2456,22.8164],[89.2564,22.8313],[89.253,22.837],[89.2358,22.8339],[89.2324,22.825],[89.2145,22.8214],[89.1968,22.811],[89.1864,22.816],[89.1788,22.8126],[89.1721,22.8202],[89.1632,22.8023],[89.1491,22.7953],[89.1417,22.8037],[89.1574,22.8107],[89.1542,22.832],[89.1477,22.836],[89.1452,22.8267],[89.1281,22.8248],[89.1169,22.8304],[89.0978,22.8271],[89.0961,22.8164],[89.1042,22.8069],[89.0876,22.8064],[89.1,22.7988],[89.0931,22.789],[89.0979,22.7814],[89.0963,22.7686],[89.1078,22.7535],[89.1231,22.746],[89.1198,22.7353],[89.1026,22.7341],[89.1105,22.7279],[89.1223,22.7288],[89.1297,22.7167],[89.1401,22.7264],[89.1493,22.7245],[89.1494,22.7157],[89.1441,22.7103],[89.1537,22.7077],[89.1555,22.6833],[89.1719,22.6732],[89.1728,22.6487],[89.1832,22.6543],[89.2068,22.6344],[89.2111,22.6353],[89.2115,22.6309],[89.2154,22.6322],[89.2192,22.6242],[89.234,22.6411],[89.2409,22.644],[89.2452,22.6407]]]}},{"type":"Feature","id":"ADM3_TangailSadar","properties":{"id":"ADM3_TangailSadar","name":"Tangail Sadar","district":"Tangail"},"geometry":{"type":"Polygon","coordinates":[[[89.9687,24.2931],[89.9671,24.2973],[89.9562,24.2991],[89.9582,24.2888],[89.945,24.2886],[89.9301,24.3017],[89.927,24.3107],[89.9164,24.3109],[89.9167,24.3207],[89.9113,24.3258],[89.8937,24.3277],[89.8902,24.3335],[89.8979,24.3427],[89.8935,24.3499],[89.8852,24.3467],[89.8818,24.3283],[89.8808,24.3412],[89.8669,24.3423],[89.8667,24.337],[89.8507,24.3431],[89.8367,24.337],[89.832,24.3485],[89.8208,24.348],[89.8176,24.3577],[89.8049,24.3634],[89.7985,24.3595],[89.7993,24.3419],[89.7629,24.3411],[89.7717,24.3299],[89.7742,24.3015],[89.787,24.2886],[89.7901,24.2766],[89.783,24.2367],[89.7999,24.1642],[89.8194,24.1636],[89.8285,24.1558],[89.8585,24.1482],[89.8617,24.1507],[89.8582,24.1599],[89.868,24.1642],[89.8967,24.1593],[89.8893,24.1738],[89.8974,24.2092],[89.9141,24.2152],[89.9356,24.2045],[89.9287,24.2209],[89.9404,24.2278],[89.9485,24.2266],[89.949,24.216],[89.9552,24.2129],[89.9514,24.2104],[89.9499,24.191],[89.9643,24.1994],[89.9737,24.1972],[89.9761,24.2087],[89.9841,24.2089],[89.986,24.2439],[89.9779,24.2564],[89.9808,24.2625],[89.9654,24.2806],[89.9717,24.2759],[89.9768,24.2784],[89.9698,24.2828],[89.9687,24.2931]]]}},{"type":"Feature","id":"ADM3_Tanore","properties":{"id":"ADM3_Tanore","name":"Tanore","district":"Rajshahi"},"geometry":{"type":"Polygon","coordinates":[[[88.5401,24.4933],[88.542,24.4847],[88.5568,24.4886],[88.5534,24.4933],[88.5566,24.4966],[88.5708,24.4895],[88.5775,24.4978],[88.5788,24.5139],[88.568,24.5174],[88.5745,24.5222],[88.5747,24.5357],[88.586,24.5419],[88.5957,24.5615],[88.5866,24.5753],[88.5932,24.585],[88.5931,24.6092],[88.6045,24.6259],[88.6057,24.6199],[88.6299,24.6119],[88.6266,24.6276],[88.6313,24.6259],[88.6361,24.6325],[88.6295,24.6317],[88.6236,24.645],[88.6302,24.6516],[88.6296,24.6703],[88.6204,24.7018],[88.6157,24.7047],[88.5935,24.6984],[88.591,24.686],[88.5783,24.6762],[88.5712,24.6816],[88.5815,24.699],[88.576,24.6963],[88.5716,24.7031],[88.5625,24.7053],[88.546,24.7005],[88.5273,24.7092],[88.5197,24.7075],[88.5186,24.7125],[88.5056,24.7186],[88.4879,24.7065],[88.4897,24.6903],[88.4828,24.6813],[88.4599,24.6849],[88.4553,24.6776],[88.4737,24.6687],[88.4803,24.6788],[88.4895,24.676],[88.5106,24.6821],[88.5109,24.6722],[88.5014,24.6742],[88.5013,24.6666],[88.4948,24.6692],[88.4887,24.6652],[88.4918,24.6589],[88.4886,24.6563],[88.4659,24.6614],[88.4583,24.6582],[88.4353,24.6668],[88.434,24.651],[88.4199,24.6489],[88.4303,24.643],[88.4291,24.6355],[88.4195,24.6331],[88.4175,24.6226],[88.4228,24.616],[88.3969,24.604],[88.4105,24.5914],[88.4229,24.5993],[88.4352,24.5991],[88.4397,24.5901],[88.4479,24.5954],[88.4576,24.5915],[88.4532,24.5823],[88.4929,24.5543],[88.4975,24.5563],[88.5135,24.5476],[88.528,24.5549],[88.5346,24.5524],[88.5308,24.5402],[88.5342,24.5303],[88.5413,24.5353],[88.5527,24.5282],[88.545,24.5226],[88.5436,24.5141],[88.5332,24.5137],[88.5327,24.5046],[88.5401,24.4933]]]}},{"type":"Feature","id":"ADM3_Taraganj","properties":{"id":"ADM3_Taraganj","name":"Taraganj","district":"Rangpur"},"geometry":{"type":"Polygon","coordinates":[[[89.0909,25.7314],[89.1018,25.7389],[89.0952,25.7513],[89.1088,25.7541],[89.1074,25.7605],[89.0967,25.7652],[89.0991,25.7739],[89.1045,25.7749],[89.097,25.7824],[89.107,25.7846],[89.1092,25.7898],[89.1052,25.7919],[89.1071,25.8062],[89.101,25.8247],[89.062,25.8341],[89.0432,25.8127],[89.0433,25.8164],[89.0137,25.8197],[89.0067,25.814],[89.002,25.8157],[89.0052,25.8126],[88.9906,25.8143],[88.9853,25.8074],[88.9567,25.8138],[88.943,25.8065],[88.9471,25.8001],[88.9546,25.8026],[88.9607,25.7921],[88.9551,25.7882],[88.9618,25.7862],[88.9593,25.7811],[88.9455,25.7751],[88.9455,25.7641],[88.9404,25.7637],[88.9457,25.7614],[88.9454,25.7526],[88.9534,25.7506],[88.952,25.7425],[88.9575,25.7392],[88.966,25.7377],[88.9653,25.7494],[88.9747,25.7527],[88.9782,25.7496],[88.9877,25.7573],[88.9926,25.7473],[89.0106,25.7446],[89.0129,25.7346],[89.0216,25.7343],[89.0175,25.7381],[89.0207,25.7409],[89.0363,25.742],[89.0439,25.7398],[89.0487,25.7296],[89.0604,25.7265],[89.0549,25.7372],[89.0718,25.7368],[89.0696,25.7405],[89.0759,25.7433],[89.0909,25.7314]]]}},{"type":"Feature","id":"ADM3_Tarail","properties":{"id":"ADM3_Tarail","name":"Tarail","district":"Kishoreganj"},"geometry":{"type":"Polygon","coordinates":[[[90.9442,24.605],[90.9356,24.6035],[90.9279,24.6158],[90.9163,24.6137],[90.9159,24.6012],[90.9072,24.5946],[90.904,24.5998],[90.8848,24.6003],[90.88,24.5925],[90.8631,24.5944],[90.8632,24.5991],[90.8569,24.5995],[90.8398,24.5799],[90.82,24.588],[90.8197,24.5745],[90.8099,24.5657],[90.8152,24.5606],[90.8092,24.5509],[90.8098,24.5418],[90.8065,24.5401],[90.8047,24.5467],[90.8017,24.5379],[90.8065,24.5209],[90.8144,24.5191],[90.8151,24.5056],[90.8275,24.502],[90.8348,24.5208],[90.8319,24.5264],[90.838,24.5275],[90.841,24.5187],[90.8524,24.5294],[90.871,24.5336],[90.8832,24.5183],[90.8856,24.4993],[90.906,24.4993],[90.9029,24.4893],[90.9293,24.4895],[90.9493,24.4986],[90.9525,24.5075],[90.9462,24.5228],[90.961,24.5363],[90.9718,24.5323],[90.9792,24.5403],[90.9729,24.5415],[90.9693,24.5531],[90.9611,24.5528],[90.95,24.5617],[90.9501,24.5787],[90.9396,24.5832],[90.9463,24.5911],[90.9421,24.5981],[90.9442,24.605]]]}},{"type":"Feature","id":"ADM3_Tarash","properties":{"id":"ADM3_Tarash","name":"Tarash","district":"Sirajganj"},"geometry":{"type":"Polygon","coordinates":[[[89.3962,24.3378],[89.4047,24.3472],[89.4139,24.3416],[89.42,24.3486],[89.415,24.3605],[89.4313,24.368],[89.4195,24.3765],[89.4301,24.38],[89.4307,24.3869],[89.4108,24.3907],[89.411,24.3947],[89.4208,24.3938],[89.4325,24.4001],[89.4317,24.4101],[89.4228,24.4165],[89.4388,24.4293],[89.4354,24.4392],[89.4425,24.4473],[89.4398,24.459],[89.4474,24.468],[89.4543,24.4685],[89.4546,24.4789],[89.4409,24.4709],[89.43,24.4715],[89.4286,24.4783],[89.4114,24.4799],[89.4159,24.4912],[89.4259,24.4987],[89.4113,24.5213],[89.4009,24.5268],[89.3999,24.5402],[89.3895,24.5411],[89.3933,24.5568],[89.3724,24.5543],[89.3415,24.563],[89.3377,24.5443],[89.3259,24.5294],[89.3213,24.5298],[89.3162,24.5144],[89.3046,24.5075],[89.3056,24.4995],[89.2873,24.4827],[89.2832,24.4849],[89.2812,24.4565],[89.2714,24.4451],[89.2561,24.4392],[89.2553,24.4343],[89.2517,24.4365],[89.2472,24.4271],[89.2603,24.4232],[89.2729,24.4269],[89.2851,24.4205],[89.2833,24.4032],[89.2876,24.4002],[89.2834,24.3791],[89.2933,24.3648],[89.3001,24.3671],[89.3131,24.351],[89.3535,24.3483],[89.3661,24.3539],[89.3783,24.3483],[89.375,24.3383],[89.3838,24.3409],[89.3923,24.3344],[89.3962,24.3378]]]}},{"type":"Feature","id":"ADM3_Tazumuddin","properties":{"id":"ADM3_Tazumuddin","name":"Tazumuddin","district":"Bhola"},"geometry":{"type":"MultiPolygon","coordinates":[[[[90.8539,22.3362],[90.8583,22.3316],[90.8584,22.3403],[90.8539,22.3362]]],[[[90.8572,22.3437],[90.8564,22.3447],[90.856,22.3434],[90.8572,22.3437]]],[[[90.8883,22.3615],[90.8899,22.3858],[90.8858,22.3959],[90.8649,22.3579],[90.8665,22.3422],[90.8737,22.3342],[90.8754,22.345],[90.8883,22.3615]]],[[[90.9723,22.4206],[90.9548,22.4089],[90.9496,22.388],[90.9898,22.391],[90.9723,22.4206]]],[[[90.9509,22.4645],[90.9374,22.4558],[90.9336,22.4337],[90.9476,22.418],[90.9677,22.4276],[90.9509,22.4645]]],[[[90.8966,22.4508],[90.9088,22.4668],[90.8932,22.4644],[90.891,22.4545],[90.8966,22.4508]]],[[[90.7647,22.4042],[90.7688,22.3741],[90.7859,22.3582],[90.7953,22.3656],[90.8242,22.3453],[90.8364,22.3439],[90.8437,22.3758],[90.8645,22.4109],[90.8652,22.4234],[90.8258,22.4664],[90.8136,22.4694],[90.8146,22.4746],[90.8079,22.4724],[90.8068,22.4679],[90.8117,22.4663],[90.8052,22.463],[90.8054,22.4412],[90.7917,22.4444],[90.7834,22.4133],[90.7772,22.4069],[90.7647,22.4042]]],[[[90.8844,22.5171],[90.853,22.543],[90.8609,22.526],[90.8664,22.4938],[90.8825,22.4907],[90.9054,22.4963],[90.905,22.5023],[90.8844,22.5171]]],[[[90.8502,22.5368],[90.8524,22.5456],[90.8418,22.5511],[90.8451,22.5287],[90.8449,22.5357],[90.8502,22.5368]]],[[[90.8409,22.57],[90.841,22.5642],[90.875,22.5309],[90.9198,22.4956],[90.9339,22.4937],[90.8938,22.5603],[90.8744,22.5701],[90.8409,22.57]]]]}},{"type":"Feature","id":"ADM3_Tejgaon","properties":{"id":"ADM3_Tejgaon","name":"Tejgaon","district":"Dhaka"},"geometry":{"type":"Polygon","coordinates":[[[90.3941,23.7764],[90.3899,23.7753],[90.389,23.7646],[90.3833,23.7655],[90.384,23.7581],[90.3901,23.7583],[90.3874,23.751],[90.3941,23.7476],[90.3987,23.7516],[90.3941,23.7538],[90.3979,23.7781],[90.3941,23.7764]]]}},{"type":"Feature","id":"ADM3_TejgaonIndArea","properties":{"id":"ADM3_TejgaonIndArea","name":"Tejgaon Ind. Area","district":"Dhaka"},"geometry":{"type":"Polygon","coordinates":[[[90.3979,23.7781],[90.3941,23.7538],[90.3987,23.7516],[90.4154,23.7677],[90.414,23.7722],[90.4,23.7733],[90.3979,23.7781]]]}},{"type":"Feature","id":"ADM3_Teknaf","properties":{"id":"ADM3_Teknaf","name":"Teknaf","district":"Cox's Bazar"},"geometry":{"type":"MultiPolygon","coordinates":[[[[92.3272,20.6354],[92.3184,20.6337],[92.315,20.6281],[92.3249,20.6183],[92.3246,20.5946],[92.3303,20.5906],[92.3272,20.6354]]],[[[92.2867,20.9045],[92.2729,20.9259],[92.2745,20.9172],[92.2867,20.9045]]],[[[92.2664,20.982],[92.2663,20.9879],[92.2638,20.9935],[92.2635,20.9878],[92.2664,20.982]]],[[[92.2026,21.1489],[92.1862,21.1464],[92.1859,21.1384],[92.1797,21.1362],[92.1709,21.1392],[92.1715,21.1426],[92.1607,21.1398],[92.1468,21.1436],[92.1471,21.1479],[92.136,21.1488],[92.1352,21.1536],[92.1215,21.1582],[92.1023,21.154],[92.0862,21.1366],[92.1374,21.0894],[92.1306,21.0842],[92.1347,21.0783],[92.1282,21.0792],[92.1852,21.0108],[92.2021,20.959],[92.2239,20.9134],[92.2744,20.84],[92.31,20.7691],[92.3311,20.7465],[92.344,20.74],[92.3514,20.7412],[92.3403,20.7468],[92.342,20.7581],[92.338,20.7604],[92.3351,20.7916],[92.3021,20.8844],[92.2701,20.9195],[92.2617,20.9529],[92.2634,20.9784],[92.2512,21.0256],[92.265,21.0622],[92.2583,21.0788],[92.2335,21.0968],[92.2237,21.1199],[92.2174,21.1226],[92.207,21.1189],[92.2004,21.1244],[92.1976,21.1393],[92.2026,21.1489]]]]}},{"type":"Feature","id":"ADM3_Tentulia","properties":{"id":"ADM3_Tentulia","name":"Tentulia","district":"Panchagarh"},"geometry":{"type":"Polygon","coordinates":[[[88.5229,26.487],[88.5247,26.4917],[88.5186,26.5013],[88.5214,26.5106],[88.5056,26.5164],[88.4897,26.5104],[88.4835,26.5411],[88.4588,26.5472],[88.4564,26.537],[88.4482,26.5354],[88.443,26.5441],[88.4312,26.5502],[88.4211,26.5711],[88.416,26.6317],[88.4092,26.634],[88.3877,26.612],[88.3985,26.6037],[88.3759,26.5943],[88.3708,26.5607],[88.3574,26.5427],[88.3594,26.5303],[88.3519,26.5233],[88.3487,26.5076],[88.336,26.4996],[88.3312,26.4846],[88.3337,26.4788],[88.3407,26.4784],[88.3405,26.4691],[88.347,26.4684],[88.3549,26.4471],[88.366,26.4709],[88.3605,26.4847],[88.3711,26.4883],[88.3877,26.4789],[88.4049,26.4859],[88.4049,26.4807],[88.4195,26.4659],[88.4228,26.4728],[88.4284,26.473],[88.4371,26.4661],[88.4581,26.4667],[88.4852,26.4603],[88.4788,26.4526],[88.4864,26.4507],[88.4962,26.4372],[88.4894,26.431],[88.4982,26.4256],[88.4939,26.4189],[88.5027,26.4176],[88.4956,26.4095],[88.5019,26.4033],[88.509,26.4092],[88.5047,26.4184],[88.5094,26.4227],[88.5186,26.4231],[88.5175,26.4194],[88.5283,26.4234],[88.5213,26.4279],[88.5248,26.4371],[88.5207,26.4465],[88.5118,26.4422],[88.5042,26.446],[88.5212,26.4518],[88.5181,26.4568],[88.5224,26.4622],[88.5257,26.4563],[88.5317,26.4563],[88.533,26.4654],[88.528,26.4714],[88.5116,26.4723],[88.5136,26.4836],[88.5229,26.487]]]}},{"type":"Feature","id":"ADM3_Terokhada","properties":{"id":"ADM3_Terokhada","name":"Terokhada","district":"Khulna"},"geometry":{"type":"Polygon","coordinates":[[[89.5644,22.8543],[89.5764,22.8566],[89.6006,22.8463],[89.6101,22.8474],[89.6115,22.8443],[89.6055,22.8417],[89.6076,22.832],[89.6235,22.837],[89.6279,22.8322],[89.6363,22.8492],[89.6465,22.8544],[89.6544,22.8491],[89.6598,22.8554],[89.6615,22.8757],[89.6863,22.8807],[89.6879,22.8875],[89.6989,22.8776],[89.7087,22.8821],[89.7148,22.8778],[89.7193,22.885],[89.7115,22.8918],[89.7268,22.8944],[89.7284,22.8988],[89.7214,22.9029],[89.7412,22.9188],[89.7263,22.9176],[89.7511,22.9457],[89.7492,22.9639],[89.7417,22.9651],[89.7365,22.9732],[89.7098,22.9713],[89.6893,22.9767],[89.6762,22.9675],[89.6695,22.9772],[89.6518,22.9835],[89.6479,22.979],[89.6499,22.9685],[89.6284,22.9614],[89.6235,22.9704],[89.6124,22.956],[89.6116,22.931],[89.5697,22.9152],[89.5661,22.9013],[89.571,22.8901],[89.5699,22.8704],[89.5644,22.8543]]]}},{"type":"Feature","id":"ADM3_ThakurgaonSadar","properties":{"id":"ADM3_ThakurgaonSadar","name":"Thakurgaon Sadar","district":"Thakurgaon"},"geometry":{"type":"Polygon","coordinates":[[[88.3689,26.1801],[88.3556,26.1647],[88.3539,26.1543],[88.3326,26.1343],[88.3471,26.1324],[88.3447,26.1203],[88.3649,26.121],[88.3469,26.1039],[88.3511,26.1013],[88.3429,26.0999],[88.342,26.0939],[88.3307,26.0956],[88.3248,26.0849],[88.3138,26.0836],[88.3196,26.074],[88.3191,26.0514],[88.3009,26.0317],[88.3056,26.0237],[88.3038,26.0103],[88.31,26.0033],[88.3037,26.0011],[88.3134,25.9922],[88.3213,25.9921],[88.3238,25.9976],[88.3309,25.995],[88.3373,25.9873],[88.3368,25.9797],[88.3465,25.9784],[88.3463,25.9733],[88.3614,25.9681],[88.3706,25.9748],[88.3833,25.969],[88.3854,25.9647],[88.3807,25.9606],[88.3859,25.9565],[88.3875,25.9632],[88.3876,25.9541],[88.3926,25.9511],[88.4007,25.9609],[88.4115,25.9627],[88.4254,25.9599],[88.4323,25.9506],[88.4399,25.9545],[88.4485,25.9521],[88.4435,25.9422],[88.4335,25.9364],[88.4399,25.9382],[88.441,25.9351],[88.4358,25.935],[88.4508,25.9285],[88.4424,25.9161],[88.4456,25.9055],[88.4512,25.9064],[88.4554,25.9144],[88.4717,25.9102],[88.4837,25.9188],[88.5017,25.9187],[88.5033,25.9244],[88.4983,25.9233],[88.4957,25.928],[88.5063,25.9261],[88.5077,25.9178],[88.5064,25.9324],[88.5119,25.9413],[88.5236,25.9516],[88.5369,25.952],[88.5379,25.9635],[88.5297,25.9771],[88.5305,25.9915],[88.5454,25.9981],[88.542,26.008],[88.5459,26.0192],[88.5656,26.0237],[88.5574,26.0285],[88.5694,26.0272],[88.5734,26.02],[88.5893,26.0204],[88.5972,26.0309],[88.6092,26.0352],[88.6057,26.051],[88.6143,26.0586],[88.6187,26.057],[88.6159,26.0629],[88.6268,26.0559],[88.6379,26.0704],[88.6338,26.0728],[88.6365,26.0791],[88.6465,26.0827],[88.6412,26.1027],[88.6343,26.1042],[88.6384,26.1079],[88.6276,26.1166],[88.622,26.1306],[88.5983,26.1439],[88.586,26.1412],[88.5852,26.1504],[88.5727,26.1496],[88.5658,26.1642],[88.5595,26.1656],[88.564,26.175],[88.5574,26.1737],[88.5563,26.1797],[88.5446,26.1814],[88.5482,26.1891],[88.5366,26.1839],[88.5373,26.1795],[88.5221,26.1803],[88.5167,26.201],[88.4775,26.2038],[88.4686,26.2015],[88.4733,26.1976],[88.4599,26.1931],[88.4525,26.1985],[88.4332,26.1956],[88.4318,26.2013],[88.4169,26.204],[88.4089,26.2038],[88.4154,26.1978],[88.4082,26.1951],[88.3856,26.2012],[88.3841,26.1823],[88.3758,26.1844],[88.3689,26.1801]]]}},{"type":"Feature","id":"ADM3_Thanchi","properties":{"id":"ADM3_Thanchi","name":"Thanchi","district":"Bandarban"},"geometry":{"type":"Polygon","coordinates":[[[92.5282,21.3797],[92.541,21.3761],[92.5551,21.3843],[92.5611,21.3801],[92.5672,21.3444],[92.5734,21.3333],[92.5715,21.3244],[92.597,21.2436],[92.6229,21.2509],[92.6218,21.2568],[92.6299,21.2632],[92.6295,21.2686],[92.6803,21.2856],[92.6798,21.2977],[92.6635,21.32],[92.6511,21.3586],[92.6504,21.3859],[92.6434,21.4],[92.6411,21.4288],[92.6312,21.4468],[92.6242,21.4755],[92.6272,21.4882],[92.6197,21.5159],[92.6152,21.5704],[92.609,21.5847],[92.611,21.623],[92.6018,21.6547],[92.6077,21.6813],[92.6012,21.7026],[92.6087,21.7311],[92.6054,21.7432],[92.6119,21.781],[92.6094,21.8171],[92.6214,21.8253],[92.6155,21.8322],[92.6139,21.8519],[92.5925,21.8728],[92.5805,21.8944],[92.5027,21.8661],[92.4454,21.8529],[92.4275,21.9007],[92.4099,21.9327],[92.3782,21.9116],[92.3225,21.8898],[92.3623,21.8355],[92.4624,21.635],[92.502,21.578],[92.4984,21.5441],[92.4892,21.5328],[92.5194,21.4418],[92.5191,21.3947],[92.5282,21.3797]]]}},{"type":"Feature","id":"ADM3_Titas","properties":{"id":"ADM3_Titas","name":"Titas","district":"Comilla"},"geometry":{"type":"Polygon","coordinates":[[[90.865,23.5507],[90.8721,23.5636],[90.8679,23.5624],[90.8632,23.5803],[90.8578,23.5824],[90.8581,23.5937],[90.8536,23.5961],[90.8549,23.6073],[90.8587,23.6044],[90.8617,23.6076],[90.8582,23.6226],[90.8314,23.6295],[90.8205,23.6175],[90.8105,23.6317],[90.8042,23.6313],[90.8026,23.6244],[90.7981,23.6272],[90.7995,23.6381],[90.7952,23.6405],[90.7914,23.6317],[90.7822,23.6263],[90.7651,23.6248],[90.7583,23.6317],[90.7399,23.6317],[90.7353,23.6276],[90.7395,23.625],[90.7344,23.6009],[90.7135,23.5736],[90.7177,23.5732],[90.7227,23.5833],[90.732,23.5785],[90.732,23.5904],[90.7404,23.5914],[90.7462,23.5643],[90.7371,23.5559],[90.7571,23.5521],[90.7753,23.5406],[90.829,23.5607],[90.8351,23.5535],[90.8494,23.5623],[90.8586,23.5608],[90.8621,23.5538],[90.8533,23.5522],[90.865,23.5507]]]}},{"type":"Feature","id":"ADM3_Tongibari","properties":{"id":"ADM3_Tongibari","name":"Tongibari","district":"Munshiganj"},"geometry":{"type":"Polygon","coordinates":[[[90.3955,23.4115],[90.4036,23.4001],[90.4105,23.4051],[90.4217,23.4013],[90.4223,23.4068],[90.4328,23.4095],[90.432,23.4163],[90.4869,23.4046],[90.5011,23.4059],[90.4954,23.4091],[90.4952,23.4154],[90.4867,23.4168],[90.4926,23.4438],[90.5063,23.4695],[90.5062,23.4837],[90.5018,23.4847],[90.5019,23.4971],[90.4931,23.4975],[90.4928,23.5055],[90.4832,23.5033],[90.4739,23.5084],[90.477,23.5149],[90.4726,23.5199],[90.4726,23.5324],[90.4829,23.5555],[90.468,23.5531],[90.4667,23.5571],[90.4739,23.559],[90.4716,23.5636],[90.454,23.5506],[90.4373,23.5562],[90.433,23.5444],[90.4262,23.542],[90.4153,23.5238],[90.4121,23.5135],[90.4155,23.4995],[90.4079,23.4953],[90.3899,23.4698],[90.3923,23.4656],[90.4022,23.4723],[90.4321,23.4649],[90.4245,23.4507],[90.4307,23.4425],[90.4176,23.4428],[90.412,23.4357],[90.4105,23.4288],[90.4193,23.4189],[90.4155,23.4146],[90.4078,23.4187],[90.4097,23.4144],[90.3961,23.4147],[90.3955,23.4115]]]}},{"type":"Feature","id":"ADM3_Trishal","properties":{"id":"ADM3_Trishal","name":"Trishal","district":"Mymensingh"},"geometry":{"type":"Polygon","coordinates":[[[90.4558,24.4602],[90.4447,24.4695],[90.4416,24.4792],[90.4416,24.4869],[90.4539,24.4862],[90.4485,24.494],[90.4505,24.5065],[90.4438,24.5104],[90.4485,24.515],[90.4482,24.5243],[90.4669,24.5206],[90.4668,24.5373],[90.4627,24.5396],[90.4691,24.5448],[90.4825,24.5453],[90.4819,24.5351],[90.4992,24.5195],[90.5063,24.5185],[90.5126,24.5249],[90.5449,24.5155],[90.5158,24.5454],[90.5128,24.5781],[90.5167,24.5909],[90.4981,24.6194],[90.5003,24.6221],[90.4749,24.6294],[90.4512,24.6466],[90.4437,24.6469],[90.4433,24.6509],[90.4156,24.6555],[90.4023,24.6668],[90.3785,24.6679],[90.3619,24.6781],[90.3448,24.6749],[90.3422,24.6663],[90.3248,24.664],[90.3334,24.6418],[90.3454,24.6346],[90.3511,24.6167],[90.3588,24.6125],[90.358,24.6069],[90.3475,24.5917],[90.3349,24.5837],[90.3405,24.5699],[90.3226,24.5651],[90.3249,24.5547],[90.3213,24.5497],[90.3254,24.5419],[90.3442,24.5364],[90.342,24.531],[90.3355,24.5308],[90.3335,24.5186],[90.3241,24.5159],[90.3213,24.5098],[90.3204,24.484],[90.3039,24.4853],[90.2935,24.4724],[90.302,24.4651],[90.3159,24.4725],[90.3228,24.4687],[90.3311,24.4734],[90.3396,24.4613],[90.3534,24.4626],[90.3646,24.4553],[90.3782,24.4706],[90.3839,24.4709],[90.3882,24.4587],[90.3898,24.4718],[90.4069,24.4789],[90.4236,24.4716],[90.4321,24.4516],[90.4525,24.4533],[90.4558,24.4602]]]}},{"type":"Feature","id":"ADM3_TungiPara","properties":{"id":"ADM3_TungiPara","name":"Tungi Para","district":"Gopalganj"},"geometry":{"type":"Polygon","coordinates":[[[89.9438,22.8565],[89.9389,22.865],[89.9554,22.8535],[89.967,22.8537],[89.9699,22.8586],[89.9718,22.8729],[89.9562,22.8869],[89.9562,22.8972],[89.9624,22.9107],[89.9719,22.9161],[89.9729,22.9353],[89.9644,22.9352],[89.9482,22.9156],[89.9378,22.9235],[89.932,22.9224],[89.9319,22.9343],[89.9269,22.9355],[89.9254,22.9439],[89.9351,22.9524],[89.9457,22.9757],[89.9316,22.9929],[89.9119,22.9923],[89.8901,23.0015],[89.8745,22.9807],[89.8895,22.9789],[89.9015,22.9716],[89.9024,22.9647],[89.8927,22.9644],[89.8871,22.9579],[89.8784,22.9585],[89.868,22.9678],[89.8603,22.9593],[89.8343,22.9628],[89.833,22.9302],[89.838,22.9168],[89.8656,22.9021],[89.8631,22.8965],[89.85,22.8936],[89.8532,22.8872],[89.9195,22.8811],[89.9216,22.8646],[89.9438,22.8565]]]}},{"type":"Feature","id":"ADM3_Turag","properties":{"id":"ADM3_Turag","name":"Turag","district":"Dhaka"},"geometry":{"type":"Polygon","coordinates":[[[90.3865,23.8576],[90.3792,23.8725],[90.3872,23.8786],[90.3877,23.8896],[90.3822,23.893],[90.3857,23.8961],[90.3632,23.8943],[90.3519,23.8819],[90.3563,23.8727],[90.3537,23.8614],[90.3482,23.853],[90.3371,23.8479],[90.341,23.8423],[90.3371,23.8321],[90.343,23.8247],[90.3497,23.8252],[90.3545,23.8292],[90.3533,23.8454],[90.3635,23.8484],[90.3667,23.8368],[90.3776,23.8298],[90.3776,23.8229],[90.3822,23.8229],[90.3841,23.8428],[90.3944,23.8415],[90.3865,23.8576]]]}},{"type":"Feature","id":"ADM3_Ukhia","properties":{"id":"ADM3_Ukhia","name":"Ukhia","district":"Cox's Bazar"},"geometry":{"type":"Polygon","coordinates":[[[92.1431,21.3488],[92.127,21.342],[92.1184,21.326],[92.108,21.3276],[92.1003,21.3145],[92.0826,21.3076],[92.0863,21.3027],[92.0764,21.3002],[92.0735,21.293],[92.0572,21.289],[92.0428,21.303],[92.048,21.2862],[92.0438,21.2345],[92.0462,21.1846],[92.0592,21.1604],[92.1282,21.0792],[92.1347,21.0783],[92.1306,21.0842],[92.1374,21.0894],[92.0862,21.1366],[92.1023,21.154],[92.1287,21.157],[92.136,21.1488],[92.1471,21.1479],[92.1468,21.1436],[92.1607,21.1398],[92.1715,21.1426],[92.1709,21.1392],[92.1797,21.1362],[92.1859,21.1384],[92.1862,21.1464],[92.2032,21.1502],[92.1993,21.1613],[92.1758,21.16],[92.1725,21.1812],[92.1764,21.1843],[92.1713,21.19],[92.1745,21.1988],[92.1655,21.216],[92.1702,21.2284],[92.1796,21.2348],[92.182,21.2527],[92.1927,21.2666],[92.1905,21.2717],[92.1797,21.2716],[92.1777,21.2852],[92.1578,21.3125],[92.1568,21.3207],[92.1519,21.3218],[92.1497,21.3438],[92.1431,21.3488]]]}},{"type":"Feature","id":"ADM3_Ulipur","properties":{"id":"ADM3_Ulipur","name":"Ulipur","district":"Kurigram"},"geometry":{"type":"Polygon","coordinates":[[[89.7749,25.6437],[89.776,25.6633],[89.7708,25.6714],[89.7735,25.6844],[89.7797,25.6852],[89.779,25.693],[89.791,25.6947],[89.7872,25.6828],[89.8001,25.6824],[89.8023,25.667],[89.8091,25.6645],[89.812,25.6881],[89.8251,25.7125],[89.8337,25.7172],[89.8268,25.733],[89.8413,25.7591],[89.84,25.7683],[89.8265,25.8103],[89.8172,25.8169],[89.7922,25.7733],[89.7792,25.7682],[89.7447,25.7706],[89.7415,25.7774],[89.7341,25.7742],[89.7265,25.7825],[89.7172,25.7843],[89.6884,25.7746],[89.6845,25.7532],[89.6698,25.7479],[89.6617,25.7542],[89.6527,25.7543],[89.6487,25.7629],[89.6308,25.7591],[89.6289,25.764],[89.6362,25.7673],[89.6245,25.7678],[89.6193,25.7583],[89.6275,25.7526],[89.6264,25.7475],[89.6153,25.7452],[89.6157,25.7393],[89.5924,25.7428],[89.5934,25.729],[89.5895,25.7323],[89.5835,25.7274],[89.5792,25.7319],[89.5804,25.7265],[89.5722,25.7174],[89.5652,25.7225],[89.5521,25.7189],[89.5527,25.7239],[89.5444,25.7244],[89.5436,25.7285],[89.5413,25.7229],[89.5244,25.7248],[89.5222,25.7309],[89.5083,25.7173],[89.5153,25.7067],[89.515,25.6895],[89.5197,25.686],[89.5142,25.6622],[89.5144,25.6582],[89.5192,25.6588],[89.5186,25.6443],[89.5263,25.6511],[89.5308,25.6489],[89.5308,25.655],[89.5489,25.626],[89.5481,25.6082],[89.5417,25.6093],[89.5391,25.6012],[89.5327,25.6006],[89.5363,25.5905],[89.5665,25.5846],[89.5873,25.5565],[89.5966,25.5582],[89.6059,25.5683],[89.6163,25.5691],[89.6281,25.5619],[89.6317,25.5771],[89.6403,25.585],[89.6483,25.5853],[89.6537,25.5955],[89.6514,25.6017],[89.6442,25.5978],[89.6373,25.6035],[89.649,25.6106],[89.6523,25.6249],[89.6599,25.6304],[89.653,25.6397],[89.6584,25.6422],[89.6676,25.6368],[89.669,25.642],[89.6758,25.642],[89.6744,25.6468],[89.6822,25.6507],[89.6848,25.6589],[89.7016,25.6621],[89.7184,25.654],[89.7167,25.6499],[89.7251,25.6383],[89.7442,25.6201],[89.7451,25.6294],[89.7656,25.6433],[89.7749,25.6437]]]}},{"type":"Feature","id":"ADM3_UllahPara","properties":{"id":"ADM3_UllahPara","name":"Ullah Para","district":"Sirajganj"},"geometry":{"type":"Polygon","coordinates":[[[89.6325,24.302],[89.6135,24.3589],[89.6242,24.3766],[89.6084,24.3666],[89.6121,24.3774],[89.6047,24.3832],[89.5947,24.3833],[89.5973,24.3891],[89.5861,24.3965],[89.5951,24.4012],[89.5864,24.4094],[89.5866,24.4214],[89.5789,24.4232],[89.576,24.4183],[89.5657,24.4328],[89.5577,24.4301],[89.5581,24.4366],[89.5367,24.4352],[89.5293,24.4306],[89.5317,24.4227],[89.5278,24.4186],[89.5158,24.423],[89.5138,24.4114],[89.5054,24.4089],[89.507,24.426],[89.5116,24.4244],[89.5145,24.4341],[89.5092,24.437],[89.4831,24.4284],[89.4807,24.4178],[89.4649,24.4247],[89.4337,24.4248],[89.4228,24.4165],[89.4317,24.4101],[89.4325,24.4001],[89.4208,24.3938],[89.411,24.3947],[89.4108,24.3907],[89.4307,24.3869],[89.4301,24.38],[89.4195,24.3765],[89.4313,24.368],[89.415,24.3605],[89.42,24.3486],[89.4139,24.3416],[89.4047,24.3472],[89.3962,24.3378],[89.4008,24.3328],[89.3985,24.3236],[89.4045,24.3198],[89.4149,24.323],[89.4177,24.3167],[89.4223,24.318],[89.4196,24.3114],[89.4255,24.3071],[89.4191,24.3045],[89.4212,24.2979],[89.4175,24.2935],[89.425,24.2804],[89.4235,24.2723],[89.4291,24.2682],[89.4246,24.2503],[89.4394,24.2524],[89.4404,24.2609],[89.4484,24.2631],[89.448,24.2682],[89.4603,24.262],[89.4632,24.2503],[89.4566,24.2338],[89.4458,24.2337],[89.4543,24.2277],[89.4711,24.2345],[89.4782,24.2294],[89.4735,24.2192],[89.4614,24.2246],[89.4696,24.2007],[89.4859,24.2038],[89.4895,24.2171],[89.5008,24.2171],[89.5156,24.1973],[89.5267,24.2075],[89.5151,24.2257],[89.5277,24.2394],[89.5327,24.2367],[89.5438,24.2391],[89.5435,24.2441],[89.5518,24.2427],[89.5481,24.2518],[89.587,24.2522],[89.5976,24.2671],[89.5944,24.2443],[89.6057,24.2432],[89.6053,24.2348],[89.6197,24.2367],[89.6167,24.2651],[89.6235,24.2725],[89.6329,24.2718],[89.635,24.2912],[89.6407,24.2902],[89.638,24.2962],[89.6328,24.296],[89.6325,24.302]]]}},{"type":"Feature","id":"ADM3_UttarKhan","properties":{"id":"ADM3_UttarKhan","name":"Uttar Khan","district":"Dhaka"},"geometry":{"type":"Polygon","coordinates":[[[90.4539,23.8488],[90.4641,23.8463],[90.4716,23.8661],[90.4596,23.8796],[90.4578,23.8964],[90.4382,23.9011],[90.4163,23.886],[90.419,23.8779],[90.4138,23.8704],[90.4192,23.8729],[90.4224,23.8634],[90.4372,23.8661],[90.4343,23.8634],[90.4384,23.857],[90.4437,23.8597],[90.449,23.8492],[90.4539,23.8488]]]}},{"type":"Feature","id":"ADM3_Uttara","properties":{"id":"ADM3_Uttara","name":"Uttara","district":"Dhaka"},"geometry":{"type":"Polygon","coordinates":[[[90.4072,23.8579],[90.4065,23.882],[90.3957,23.8802],[90.3905,23.8936],[90.3828,23.8949],[90.3877,23.8896],[90.3872,23.8786],[90.3796,23.8753],[90.3794,23.8692],[90.3865,23.8576],[90.4004,23.8607],[90.4064,23.8537],[90.4072,23.8579]]]}},{"type":"Feature","id":"ADM3_Wazirpur","properties":{"id":"ADM3_Wazirpur","name":"Wazirpur","district":"Barisal"},"geometry":{"type":"Polygon","coordinates":[[[90.057,22.9322],[90.0348,22.9338],[90.0193,22.8886],[90.0203,22.8681],[90.0701,22.8559],[90.0727,22.8475],[90.0773,22.8469],[90.0707,22.8348],[90.0747,22.8241],[90.0764,22.8327],[90.0838,22.8305],[90.0902,22.8342],[90.0957,22.8293],[90.0932,22.8245],[90.0979,22.8232],[90.0959,22.8419],[90.1031,22.8473],[90.1175,22.8426],[90.1177,22.8623],[90.128,22.8616],[90.1299,22.856],[90.1775,22.8381],[90.1952,22.825],[90.2041,22.8299],[90.2183,22.8239],[90.2207,22.8164],[90.2113,22.7906],[90.2034,22.7837],[90.1988,22.7852],[90.2011,22.7779],[90.2179,22.7702],[90.2164,22.7614],[90.2223,22.7545],[90.231,22.7509],[90.2447,22.7545],[90.2613,22.7939],[90.2613,22.8063],[90.2555,22.8106],[90.275,22.8345],[90.2992,22.8853],[90.274,22.8956],[90.2748,22.8993],[90.266,22.893],[90.2565,22.8922],[90.2511,22.8967],[90.2409,22.8905],[90.2415,22.8979],[90.2299,22.901],[90.2268,22.9154],[90.2184,22.9203],[90.2159,22.9102],[90.2071,22.9096],[90.2044,22.9003],[90.1927,22.9077],[90.1886,22.903],[90.1737,22.91],[90.1763,22.9173],[90.1026,22.9204],[90.0681,22.9256],[90.057,22.9322]]]}},{"type":"Feature","id":"ADM3_Zakiganj","properties":{"id":"ADM3_Zakiganj","name":"Zakiganj","district":"Sylhet"},"geometry":{"type":"Polygon","coordinates":[[[92.2323,24.9003],[92.2461,24.9092],[92.28,24.9057],[92.3007,24.9157],[92.3067,24.9105],[92.3072,24.9017],[92.3159,24.8954],[92.3264,24.896],[92.3397,24.8783],[92.3447,24.8808],[92.3475,24.8934],[92.3632,24.8726],[92.3754,24.8745],[92.3859,24.8533],[92.4002,24.8497],[92.4072,24.8601],[92.425,24.8541],[92.4364,24.8572],[92.4452,24.8731],[92.4614,24.8743],[92.4762,24.8683],[92.4799,24.8728],[92.4878,24.8714],[92.4967,24.9022],[92.4928,24.9062],[92.4945,24.916],[92.4839,24.9286],[92.4876,24.9467],[92.4492,24.9389],[92.4497,24.9501],[92.4661,24.9572],[92.4683,24.9627],[92.4574,24.9707],[92.4496,24.966],[92.4207,24.9661],[92.4204,24.9905],[92.3923,24.9896],[92.3774,25.0078],[92.3739,24.9844],[92.3614,24.9837],[92.3558,24.9675],[92.3428,24.9689],[92.3399,24.9755],[92.3306,24.9795],[92.3281,24.9612],[92.3162,24.9607],[92.3104,24.9542],[92.2838,24.9648],[92.2812,24.983],[92.2651,24.9877],[92.2575,24.9759],[92.2423,24.9731],[92.2397,24.9565],[92.227,24.9652],[92.2161,24.9653],[92.2224,24.9561],[92.2228,24.9452],[92.2076,24.9436],[92.2163,24.9369],[92.2136,24.9272],[92.2179,24.9171],[92.2309,24.9124],[92.2259,24.9035],[92.2323,24.9003]]]}},{"type":"Feature","id":"ADM3_Zanjira","properties":{"id":"ADM3_Zanjira","name":"Zanjira","district":"Shariatpur"},"geometry":{"type":"Polygon","coordinates":[[[90.2814,23.4465],[90.2706,23.4327],[90.2712,23.4269],[90.2452,23.4276],[90.2381,23.4172],[90.2205,23.4114],[90.224,23.3967],[90.2412,23.3941],[90.2645,23.3793],[90.2454,23.3776],[90.2327,23.362],[90.2332,23.3569],[90.2484,23.3494],[90.2472,23.3432],[90.2279,23.3327],[90.2384,23.3269],[90.244,23.3168],[90.2298,23.2612],[90.2421,23.2643],[90.2476,23.2742],[90.257,23.2735],[90.2571,23.2874],[90.275,23.2848],[90.2903,23.2904],[90.2925,23.2989],[90.2966,23.2948],[90.3018,23.2984],[90.3103,23.2949],[90.315,23.3036],[90.3228,23.305],[90.326,23.3136],[90.3591,23.3198],[90.3638,23.3112],[90.3773,23.3102],[90.3896,23.3195],[90.3931,23.33],[90.4099,23.327],[90.4151,23.321],[90.4403,23.3532],[90.4086,23.3636],[90.4169,23.3893],[90.4106,23.3966],[90.4165,23.4021],[90.4105,23.4051],[90.4036,23.4001],[90.3955,23.4115],[90.3886,23.4106],[90.3903,23.414],[90.3599,23.4301],[90.318,23.4395],[90.3024,23.4515],[90.2814,23.4465]]]}},{"type":"Feature","id":"ADM3_Zianagar","properties":{"id":"ADM3_Zianagar","name":"Zianagar","district":"Bagerhat"},"geometry":{"type":"Polygon","coordinates":[[[89.9958,22.5021],[89.9959,22.5185],[89.9826,22.5205],[89.9805,22.5355],[89.9655,22.541],[89.9553,22.5342],[89.947,22.5421],[89.9232,22.5106],[89.9646,22.5077],[89.9696,22.5014],[89.9648,22.4925],[89.9441,22.4932],[89.9142,22.5053],[89.8944,22.5069],[89.8852,22.5033],[89.8841,22.4856],[89.8948,22.4757],[89.9092,22.4734],[89.9307,22.4779],[89.9445,22.467],[89.9426,22.4568],[89.9335,22.4481],[89.9016,22.4441],[89.8715,22.4204],[89.8724,22.41],[89.9005,22.3774],[89.9463,22.4272],[89.973,22.448],[89.9864,22.4794],[89.9883,22.4966],[89.9958,22.5021]]]}}]}